year_month,year,month,month_sin,month_cos,target_food_price_inflation,fao_cp_23012,fao_cp_23013,fao_cp_23014,fao_food_index_mom_pct,fao_food_index_yoy_pct_calc,bdi_close_mean,bdi_close_sd,bdi_close_min,bdi_close_max,bdi_close_first,bdi_close_last,bdi_high_mean,bdi_low_mean,bdi_trading_days,bdi_close_range,bdi_close_change_abs,bdi_close_change_pct,brent_usd_per_barrel,brent_mom_pct,brent_yoy_pct,policy_rate,policy_rate_change_1m,policy_rate_change_12m,hcp_bwa_fao_cp_23012,hcp_bwa_fao_cp_23013,hcp_bwa_fao_cp_23014,hcp_ken_fao_cp_23012,hcp_ken_fao_cp_23013,hcp_ken_fao_cp_23014,hcp_nam_fao_cp_23012,hcp_nam_fao_cp_23013,hcp_nam_fao_cp_23014,hcp_zaf_fao_cp_23012,hcp_zaf_fao_cp_23013,hcp_zaf_fao_cp_23014,hcp_zwe_fao_cp_23012,hcp_zwe_fao_cp_23013,hcp_zwe_fao_cp_23014
2000-01-01,2000,1,0.49999999999999994,0.8660254037844387,NA,31.74832,31.912372,NA,NA,NA,1370.55,30.325384537849168,1319,1406,1320,1319,1370.55,1370.55,20,87,-1,-0.07575757575757347,25.51,NA,NA,14,NA,NA,31.74832,31.912372,NA,23.812742,19.734948,NA,35.757755,31.185112,NA,44.641378,34.220779,NA,89.176559,89.609836,NA
2000-02-01,2000,2,0.8660254037844386,0.5000000000000001,NA,31.974914,32.163038,NA,0.7854821948051871,NA,1392.952380952381,93.93480515255045,1276,1531,1311,1531,1392.952380952381,1392.952380952381,21,255,220,16.781083142639197,27.78,8.898471187769497,NA,14,0,NA,31.974914,32.163038,NA,24.058445,19.562542,NA,36.059572,31.363868,NA,44.50317,34.468238,NA,89.247592,89.750393,NA
2000-03-01,2000,3,1,6.123233995736766e-17,NA,32.27704,32.413704,NA,0.7793604571807,NA,1620.695652173913,28.52978472755781,1547,1660,1547,1660,1620.695652173913,1620.695652173913,23,113,113,7.3044602456367125,27.49,-1.0439164866810735,NA,14,0,NA,32.27704,32.413704,NA,24.058445,19.492224,NA,36.36139,31.542625,NA,44.963863,34.857108,NA,89.318626,89.890951,NA
2000-04-01,2000,4,0.8660254037844387,-0.49999999999999983,NA,32.679873,32.612508,NA,0.6133331753754412,NA,1666.5882352941176,18.651604567467555,1628,1686,1669,1628,1666.5882352941176,1666.5882352941176,17,58,-41,-2.456560814859199,22.76,-17.20625682066205,NA,14,0,NA,32.679873,32.612508,NA,24.508901,19.959572,NA,36.663207,31.721382,NA,45.562781,35.175279,NA,89.389659,90.031508,NA
2000-05-01,2000,5,0.49999999999999994,-0.8660254037844387,NA,32.88129,32.811312,NA,0.6095943311075658,NA,1601.8,16.3211196726334,1566,1622,1622,1566,1601.8,1601.8,20,56,-56,-3.4525277435265123,27.74,21.880492091388383,NA,14,0,NA,32.88129,32.811312,NA,25.16411,20.859616,NA,36.965024,31.900139,NA,45.747058,35.458101,NA,89.460692,90.172066,NA
2000-06-01,2000,6,1.2246467991473532e-16,-1,NA,33.05753,33.010116,NA,0.6059007942138761,NA,1588.6363636363637,26.65394718297649,1559,1626,1562,1616,1588.6363636363637,1588.6363636363637,22,67,54,3.457106274007682,29.8,7.426099495313632,NA,14,0,NA,33.05753,33.010116,NA,25.757893,21.788795,NA,37.266842,32.078896,NA,46.023474,35.67021,NA,89.531725,90.312623,NA
2000-07-01,2000,7,-0.4999999999999998,-0.8660254037844388,NA,33.535894,33.010116,NA,0,NA,1618.2380952380952,12.813683162560096,1600,1642,1613,1642,1618.2380952380952,1618.2380952380952,21,42,29,1.7978921264724113,28.68,-3.7583892617449655,NA,14,0,NA,33.535894,33.010116,NA,25.90122,22.112498,NA,37.568659,32.257652,NA,46.438099,35.67021,NA,89.602759,90.45318,NA
2000-08-01,2000,8,-0.8660254037844384,-0.5000000000000004,NA,33.611426,33.010116,NA,0,NA,1638.857142857143,7.875821952569232,1627,1652,1645,1652,1638.857142857143,1638.857142857143,21,25,7,0.42553191489360653,30.2,5.299860529986056,NA,14,0,NA,33.611426,33.010116,NA,26.003596,22.390001,NA,37.870477,32.436409,NA,46.622376,35.740909,NA,89.673792,90.593738,NA
2000-09-01,2000,9,-1,-1.8369701987210297e-16,NA,33.712134,33.010116,NA,0,NA,1711.5238095238096,26.577469871338476,1661,1740,1661,1739,1711.5238095238096,1711.5238095238096,21,79,78,4.695966285370257,33.14,9.735099337748343,NA,14,0,NA,33.712134,33.010116,NA,26.167398,22.570781,NA,38.172294,32.615166,NA,46.852723,35.84697,NA,89.744825,90.734295,NA
2000-10-01,2000,10,-0.8660254037844386,0.5000000000000001,NA,33.989082,32.992829,NA,-0.05236879506874681,NA,1734.3181818181818,14.551669397395003,1718,1759,1735,1759,1734.3181818181818,1734.3181818181818,22,41,24,1.383285302593662,30.96,-6.5781532890766385,NA,14,0,NA,33.989082,32.992829,NA,26.167398,22.468355,NA,38.474112,32.793923,NA,46.990931,35.776258,NA,89.815859,90.874852,NA
2000-11-01,2000,11,-0.5000000000000004,0.8660254037844384,NA,34.064614,32.975541,NA,-0.052399265307012666,NA,1722.3181818181818,31.58116732912401,1672,1762,1759,1672,1722.3181818181818,1722.3181818181818,22,90,-87,-4.945992040932346,32.55,5.135658914728669,NA,14,0,NA,34.064614,32.975541,NA,26.372151,22.730943,NA,38.775929,32.97268,NA,47.083069,35.67021,NA,89.886892,91.01541,NA
2000-12-01,2000,12,-2.4492935982947064e-16,1,NA,34.140145,32.958254,NA,-0.05242370398108598,NA,1609.3684210526317,26.33166772436184,1581,1664,1664,1599,1609.3684210526317,1609.3684210526317,19,83,-65,-3.90625,25.66,-21.16743471582181,NA,14,0,NA,34.140145,32.958254,NA,26.413102,22.873839,NA,39.077747,33.151436,NA,47.221278,35.599512,NA,89.957925,91.155967,NA
2001-01-01,2001,1,0.49999999999999994,0.8660254037844387,3.602384,34.291207,33.061978,3.602384,0.3147132733427149,3.602383426716149,1565.9545454545455,29.297289445120494,1504,1599,1599,1504,1565.9545454545455,1565.9545454545455,22,95,-95,-5.941213258286426,25.62,-0.1558846453624252,0.43120344962759294,14,0,0,34.291207,33.061978,3.602384,26.658805,22.919383,16.136017,39.410318,33.467834,7.319912,47.820179,35.917669,4.958652,90.028959,91.296524,1.882258
2001-02-01,2001,2,0.8660254037844386,0.5000000000000001,3.359312,34.341562,33.243495,3.359312,0.5490203883143252,3.3593126370711657,1479.15,29.086576755754894,1445,1537,1493,1537,1479.15,1479.15,20,92,44,2.9470864032149935,27.5,7.338017174082734,-1.0079193664506825,14,0,0,34.341562,33.243495,3.359312,26.495003,22.23739,13.673317,39.742889,33.784232,7.717045,47.958387,36.306538,5.333317,90.099992,91.437082,1.87931
2001-03-01,2001,3,1,6.123233995736766e-17,2.72,34.643687,33.295356,2.72,0.15600345270554428,2.7199976898659717,1501.590909090909,24.971715601587732,1438,1538,1538,1438,1501.590909090909,1501.590909090909,22,100,-100,-6.501950585175553,24.5,-10.909090909090914,-10.876682429974526,14,0,0,34.643687,33.295356,2.72,26.3312,21.969282,12.70793,40.07546,34.10063,8.109677,48.280873,36.447949,4.563895,90.171025,91.577639,1.876372
2001-04-01,2001,4,0.8660254037844387,-0.49999999999999983,2.173337,34.794749,33.321287,2.173337,0.07788173221514594,2.173334844410002,1440.1052631578948,16.162008733934947,1423,1463,1430,1459,1440.1052631578948,1440.1052631578948,19,40,29,2.027972027972025,25.66,4.734693877551011,12.741652021089633,14,0,0,34.794749,33.321287,2.173337,26.720231,22.397928,12.21647,40.408031,34.417028,8.497884,48.511219,36.58936,4.020101,90.242058,91.718197,1.873442
2001-05-01,2001,5,0.49999999999999994,-0.8660254037844387,2.028451,35.273114,33.476873,2.028451,0.4669267426555379,2.028449822427092,1448.2857142857142,26.959493424659996,1389,1481,1453,1389,1448.2857142857142,1448.2857142857142,21,92,-64,-4.404679972470749,28.31,10.327357755261101,2.0547945205479534,14,0,0,35.273114,33.476873,2.028451,26.904508,22.794996,9.278117,40.740603,34.733426,8.88174,48.695497,36.836833,3.888342,90.313092,91.858754,1.870522
2001-06-01,2001,6,1.2246467991473532e-16,-1,1.571092,35.373823,33.528735,1.571092,0.15491888982581692,1.5710911164323216,1377.4761904761904,14.45205538191384,1355,1394,1382,1386,1377.4761904761904,1377.4761904761904,21,39,4,0.28943560057888007,27.85,-1.6248675379724409,-6.543624161073824,14,0,0,35.373823,33.528735,1.571092,26.945459,23.126842,6.140986,41.073174,35.049824,9.261318,48.925844,36.80147,3.17144,90.384125,91.999311,1.867611
2001-07-01,2001,7,-0.4999999999999998,-0.8660254037844388,1.963865,35.524885,33.65839,1.963865,0.38669815607419444,1.9638646528839843,1221.3636363636363,107.33327955686856,1049,1380,1380,1049,1221.3636363636363,1221.3636363636363,22,331,-331,-23.985507246376812,24.61,-11.633752244165175,-14.191073919107389,13.5,-0.5,-0.5,35.524885,33.65839,1.963865,26.986409,23.367421,5.675173,41.405745,35.366222,9.636689,48.87979,36.97823,3.666981,90.455158,92.139869,1.864709
2001-08-01,2001,8,-0.8660254037844384,-0.5000000000000004,2.199529,35.625594,33.736183,2.199529,0.23112513700149773,2.1995287747549996,979.9090909090909,28.003246565029173,927,1037,1037,927,979.9090909090909,979.9090909090909,22,110,-110,-10.60752169720347,25.68,4.347826086956519,-14.966887417218544,13.5,0,-0.5,35.625594,33.736183,2.199529,27.047835,23.591891,5.367976,41.738316,35.68262,10.007922,48.787636,37.15499,3.956479,90.526192,92.280426,1.861816
2001-09-01,2001,9,-1,-1.8369701987210297e-16,2.356638,35.776656,33.788045,2.356638,0.15372812033891403,2.356638189335669,945.2,37.5339846006256,898,995,918,952,945.2,945.2,20,97,34,3.703703703703698,25.62,-0.2336448598130758,-22.691611345805672,13.5,0,-0.5,35.776656,33.788045,2.356638,26.965934,23.495062,4.095033,42.070887,35.999018,10.375087,48.925844,37.50851,4.635092,90.597225,92.420983,1.8589309999999999
2001-10-01,2001,10,-0.8660254037844386,0.5000000000000001,2.576765,35.952896,33.842976,2.576765,0.16257525405807272,2.5767629687045046,898.0434782608696,17.0546668123142,861,939,939,861,898.0434782608696,898.0434782608696,23,78,-78,-8.306709265175716,20.54,-19.828259172521477,-33.65633074935401,13.5,0,-0.5,35.952896,33.842976,2.576765,27.006884,23.42901,4.275592,42.403459,36.315416,10.738248,48.87979,38.038791,6.32412,90.668258,92.561541,1.856056
2001-11-01,2001,11,-0.5000000000000004,0.8660254037844384,3.592213,36.053604,34.160093,3.592213,0.937024568997713,3.5922139988544988,855.2272727272727,7.9876799073967835,843,868,853,868,855.2272727272727,855.2272727272727,22,25,15,1.7584994138335253,18.8,-8.471275559883152,-42.2427035330261,13.5,0,-0.5,36.053604,34.160093,3.592213,26.945459,23.379324,2.852415,42.73603,36.631814,11.097472,49.110121,38.710483,8.523282,90.739292,92.702098,1.85319
2001-12-01,2001,12,-2.4492935982947064e-16,1,4.608727,36.103958,34.47721,4.608727,0.9283259269815103,4.60872714919911,870.1764705882352,2.963007216445124,865,876,868,876,870.1764705882352,870.1764705882352,17,11,8,0.9216589861751112,18.71,-0.47872340425532123,-27.08495713172252,13.5,0,-0.5,36.103958,34.47721,4.608727,26.84513,23.35993,2.125098,43.068601,36.948211,11.452823,49.386553,39.664982,11.420016,90.810325,92.842655,1.850332
2002-01-01,2002,1,0.49999999999999994,0.8660254037844387,5.239702,36.229844,34.794327,5.239702,0.9197873029749282,5.239701629466942,931.3181818181819,26.68223301078001,882,969,882,908,931.3181818181819,931.3181818181819,22,87,26,2.947845804988658,19.42,3.794762159273124,-24.199843871975013,12.5,-1,-1.5,36.229844,34.794327,5.239702,26.777561,23.059345,0.610673,45.428372,37.264609,11.34455,50.215801,40.336674,12.303151,90.881358,92.983213,1.847484
2002-02-01,2002,2,0.8660254037844386,0.5000000000000001,5.618992,36.280198,35.111444,5.618992,0.9114043217447465,5.618991023657394,959.55,44.386431070293256,908,1031,908,1031,959.55,959.55,20,123,123,13.54625550660793,20.28,4.4284243048403615,-26.254545454545454,12.5,0,-1.5,36.280198,35.111444,5.618992,26.812369,22.591119,1.590695,46.319124,38.036057,12.585233,50.822046,40.704449,12.113274,90.952391,93.12377,1.844644
2002-03-01,2002,3,1,6.123233995736766e-17,6.406912,36.758563,35.428561,6.406912,0.9031727661215072,6.406914525857621,1064.75,18.072587558305855,1033,1086,1033,1082,1064.75,1064.75,20,53,49,4.7434656340755055,23.7,16.863905325443774,-3.2653061224489854,12.5,0,-1.5,36.758563,35.428561,6.406912,26.857415,22.560452,2.690896,47.209876,38.645378,13.32746,51.331859,41.472829,13.786453,91.023425,93.264328,1.841812
2002-04-01,2002,4,0.8660254037844387,-0.49999999999999983,7.2758,37.211751,35.745678,7.2758,0.895088569925262,7.275802402230136,1077.4761904761904,23.42780196181248,1027,1104,1081,1027,1077.4761904761904,1077.4761904761904,21,77,-54,-4.995374653098983,25.73,8.565400843881864,0.2727981293842552,12.5,0,-1.5,37.211751,35.745678,7.2758,26.957744,22.652159,1.135065,47.299561,39.338864,14.300584,52.206799,42.25434,15.482588,91.094458,93.404885,1.83899
2002-05-01,2002,5,0.49999999999999994,-0.8660254037844387,7.724501,37.312459,36.062794,7.724501,0.8871450137272419,7.724499836050991,1032.909090909091,8.906440103917799,1016,1046,1020,1042,1032.909090909091,1032.909090909091,22,30,22,2.1568627450980316,25.35,-1.4768752429071053,-10.45566937477922,12.5,0,-1.5,37.312459,36.062794,7.724501,27.365202,23.310834,2.262944,48.034245,39.701621,14.303788,52.46169,42.569574,15.562524,91.165491,93.545442,1.836176
2002-06-01,2002,6,1.2246467991473532e-16,-1,8.50368,37.463522,36.379911,8.50368,0.8793467305944214,8.503679008468424,995.0555555555555,13.764712865201288,978,1027,1027,1005,995.0555555555555,995.0555555555555,18,49,-22,-2.142161635832518,24.08,-5.009861932938864,-13.536804308797134,12.5,0,-1.5,37.463522,36.379911,8.50368,27.709186,24.002786,3.787563,48.356112,40.333847,15.075749,52.909491,43.34452,17.779318,91.236525,93.686,1.833371
2002-07-01,2002,7,-0.4999999999999998,-0.8660254037844388,9.027878,38.672022,36.697028,9.027878,0.8716816267087646,9.027876853289785,988.5652173913044,17.768271228529603,962,1007,1005,968,988.5652173913044,988.5652173913044,23,45,-37,-3.681592039800996,25.74,6.893687707641205,4.5916294189353835,12.5,0,-1,38.672022,36.697028,9.027878,27.565859,24.023765,2.808799,48.836356,40.569098,14.711427,53.749981,43.935592,18.814753,91.307558,93.826557,1.830574
2002-08-01,2002,8,-0.8660254037844384,-0.5000000000000004,9.716459,39.150387,37.014145,9.716459,0.8641489986600526,9.716457845868343,1001.7619047619048,22.40737548644366,970,1036,970,1036,1001.7619047619048,1001.7619047619048,21,66,66,6.804123711340204,26.65,3.535353535353547,3.777258566978192,12.5,0,-1,39.150387,37.014145,9.716459,27.537194,24.158485,2.401649,49.172711,40.742326,14.17975,54.039338,44.697392,20.299835,91.378591,93.967114,1.827786
2002-09-01,2002,9,-1,-1.8369701987210297e-16,10.486601,39.402158,37.331262,10.486601,0.8567454415062237,10.486599624216208,1182.3809523809523,98.61971212210882,1039,1367,1039,1367,1182.3809523809523,1182.3809523809523,21,328,328,31.568816169393642,28.4,6.566604127579745,10.850897736143628,12.5,0,-1,39.402158,37.331262,10.486601,27.445055,24.048674,2.356289,49.783108,41.683473,15.790585,54.514701,45.564289,21.477201,91.449624,94.107672,1.825006
2002-10-01,2002,10,-0.8660254037844386,0.5000000000000001,11.244292,39.553221,37.648379,11.244292,0.8494676660006695,11.244291873149681,1365.391304347826,24.622124438352333,1334,1417,1371,1417,1365.391304347826,1365.391304347826,23,83,46,3.3552151714077327,27.54,-3.028169014084503,34.07984420642649,12.5,0,-1,39.553221,37.648379,11.244292,27.512624,24.016644,2.508148,50.402054,42.89215,18.110034,55.327629,46.339234,21.820997,91.520658,94.248229,1.822235
2002-11-01,2002,11,-0.5000000000000004,0.8660254037844384,11.139908,39.830169,37.965496,11.139908,0.8423124937198656,11.13990819638575,1460.4285714285713,35.63084538510338,1428,1560,1428,1560,1460.4285714285713,1460.4285714285713,21,132,132,9.243697478991585,24.34,-11.619462599854756,29.46808510638297,12.5,0,-1,39.830169,37.965496,11.139908,27.63957,24.178011,3.416213,50.821185,43.556513,18.903513,55.988999,46.661034,20.538497,91.591691,94.388786,1.819472
2002-12-01,2002,12,-2.4492935982947064e-16,1,11.037445,39.930877,38.282613,11.037445,0.8352768524346299,11.037444735232338,1665.9411764705883,60.922564157538645,1573,1739,1573,1738,1665.9411764705883,1665.9411764705883,17,166,165,10.48951048951048,28.33,16.392769104354965,51.4163548904329,12.5,0,-1,39.930877,38.282613,11.037445,27.985602,24.681442,5.657176,50.882578,43.525146,17.800413,56.057883,46.818658,18.035244,91.662724,94.529344,1.816717
2003-01-01,2003,1,0.49999999999999994,0.8660254037844387,10.723638,40.157471,38.525545,10.723638,0.6345752835628105,10.723638942635683,1693.8636363636363,75.8559383082391,1530,1761,1738,1530,1693.8636363636363,1693.8636363636363,22,231,-208,-11.967779056386652,31.18,10.060007059654087,60.55612770339853,12.5,0,0,40.157471,38.525545,10.723638,28.483152,25.023064,8.515932,51.424072,43.859783,17.698224,56.51257,47.350609,17.388483,91.733758,94.669901,1.813971
2003-02-01,2003,2,0.8660254037844386,0.5000000000000001,10.900273,40.509951,38.938687,10.900273,1.0723845697705237,10.900272287291868,1673.7,83.78738756990501,1530,1768,1530,1764,1673.7,1673.7,20,238,234,15.294117647058814,32.77,5.099422706863388,61.58777120315582,12.5,0,0,40.509951,38.938687,10.900273,28.808708,24.842581,9.966139,51.398259,43.781672,15.105708,56.450573,46.923727,15.279111,91.804791,94.810459,1.811233
2003-03-01,2003,3,1,6.123233995736766e-17,10.782214,40.68619,39.248544,10.782214,0.7957561589069462,10.782213254441796,1849.7619047619048,82.01762296110805,1748,1940,1762,1939,1849.7619047619048,1849.7619047619048,21,192,177,10.045402951191829,30.61,-6.591394568202635,29.156118143459906,12.5,0,0,40.68619,39.248544,10.782214,29.576531,25.630247,13.606973,51.704124,43.92184,13.653539,56.781266,47.107614,13.586692,91.875824,94.951016,1.808503
2003-04-01,2003,4,0.8660254037844387,-0.49999999999999983,11.533088,41.240086,39.868258,11.533088,1.5789477438959088,11.533086601406751,2063.55,61.2428083855351,1943,2142,1943,2142,2063.55,2063.55,20,199,199,10.241893978383931,25,-18.327344005227054,-2.83715507190051,12.5,0,0,41.240086,39.868258,11.533088,30.094556,26.203161,15.676221,51.818192,44.083407,12.060701,56.912163,47.101048,11.47032,91.946858,95.091573,1.805782
2003-05-01,2003,5,0.49999999999999994,-0.8660254037844387,11.41154,41.491857,40.178115,11.41154,0.7772022544852542,11.411542322538848,2231.2,70.82788627146944,2127,2337,2145,2127,2231.2,2231.2,20,210,-18,-0.8391608391608352,25.86,3.4399999999999986,2.0118343195266286,12.5,0,0,41.491857,40.178115,11.41154,31.445924,28.018325,20.194437,51.908162,44.16956,11.253793,56.912163,47.370307,11.27738,92.017891,95.232131,1.803068
2003-06-01,2003,6,1.2246467991473532e-16,-1,11.292112,42.045754,40.487972,11.292112,0.7712084053719259,11.292113936177572,2135.904761904762,10.324266375412646,2116,2154,2116,2125,2135.904761904762,2135.904761904762,21,38,9,0.42533081285445196,27.65,6.921887084300082,14.825581395348841,13,0.5,0.5,42.045754,40.487972,11.292112,31.517587,28.46015,18.570194,52.162865,44.59711,10.569938,56.808813,47.245526,8.999999,92.088924,95.372688,1.800363
2003-07-01,2003,7,-0.4999999999999998,-0.8660254037844388,10.330383,42.020576,40.487972,10.330383,0,10.330384248010471,2191.913043478261,39.058130388014156,2123,2240,2123,2181,2191.913043478261,2191.913043478261,23,117,58,2.7319830428638614,28.35,2.5316455696202667,10.139860139860147,13,0,0.5,42.020576,40.487972,10.330383,30.573677,27.551948,14.686222,52.15689,44.459804,9.590319,56.519473,47.232395,7.503716,92.159957,95.513245,1.797666
2003-08-01,2003,8,-0.8660254037844384,-0.5000000000000004,9.664176,42.196816,40.591257,9.664176,0.25510045304319995,9.664175682026421,2285.95,53.257542090052226,2176,2343,2176,2265,2285.95,2285.95,20,167,89,4.090073529411775,29.89,5.432098765432092,12.157598499061928,13,0,0.5,42.196816,40.591257,9.664176,29.814044,26.836273,11.084256,52.314952,44.471182,9.152289,56.643483,47.258673,5.730268,92.230991,95.653803,1.794977
2003-09-01,2003,9,-1,-1.8369701987210297e-16,8.732615,42.272347,40.591257,8.732615,0,8.732613968421422,2462.8636363636365,208.20509473080017,2262,2993,2262,2993,2462.8636363636365,2462.8636363636365,22,731,731,32.31653404067196,27.11,-9.300769488123118,-4.54225352112676,13,0,0.5,42.272347,40.591257,8.732615,29.611339,26.590706,10.570364,52.442269,44.668847,7.162009,56.257679,47.192999,3.574533,92.302024,95.79436,1.792296
2003-10-01,2003,10,-0.8660254037844386,0.5000000000000001,7.542404,42.322702,40.487972,7.542404,-0.25445134650547985,7.542404415340176,4162.565217391304,461.41135522999207,3138,4560,3138,4555,4162.565217391304,4162.565217391304,23,1422,1417,45.15615041427661,29.61,9.221689413500545,7.516339869281041,13,0,0.5,42.322702,40.487972,7.542404,30.010607,26.943461,12.186618,52.297192,44.265585,3.202066,55.823653,47.422848,2.338437,92.373057,95.934917,1.789623
2003-11-01,2003,11,-0.5000000000000004,0.8660254037844384,6.644127,42.448587,40.487972,6.644127,0,6.644127604707162,4250.4,161.5843921592481,4026,4558,4558,4417,4250.4,4250.4,20,532,-141,-3.0934620447564676,28.75,-2.9044241810199267,18.118323746918662,13,0,0.5,42.448587,40.487972,6.644127,30.119126,27.089723,12.04281,52.296143,44.19137,1.457547,55.189845,47.75778,2.350453,92.444091,96.075475,1.786958
2003-12-01,2003,12,-2.4492935982947064e-16,1,6.03053,42.473764,40.591257,6.03053,0.25510045304319995,6.0305287938417385,4609,107.33509924256727,4442,4765,4442,4765,4609,4609,18,323,323,7.271499324628539,29.81,3.6869565217391154,5.224144016943177,13,0,0.5,42.473764,40.591257,6.03053,30.321831,27.444173,11.193555,52.193483,43.832531,0.706226,55.141622,47.573892,1.613104,92.515124,96.216032,1.784301
2004-01-01,2004,1,0.49999999999999994,0.8660254037844387,5.630027,42.619445,40.694543,5.630027,0.25445381009019385,5.630025480496137,5229.476190476191,272.5468068144661,4757,5551,4761,5551,5229.476190476191,5229.476190476191,21,794,790,16.593152699012805,31.28,4.931231130493141,0.3207184092366866,12,-1,-0.5,42.619445,40.694543,5.630027,31.087606,28.09369,12.271183,53.46786,44.18611,0.744022,55.382739,47.974511,1.317622,92.586157,96.35659,1.781652
2004-02-01,2004,2,0.8660254037844386,0.5000000000000001,5.039788,43.059388,40.901114,5.039788,0.5076135146670602,5.039787294317333,5450.05,149.31333179803997,5242,5681,5618,5263,5450.05,5450.05,20,439,-355,-6.318974724101101,30.86,-1.3427109974424645,-5.828501678364373,12,0,-0.5,43.059388,40.901114,5.039788,31.646581,28.131088,13.237379,53.507926,44.163381,0.871846,55.554972,48.059882,2.421281,92.657191,96.497147,1.779011
2004-03-01,2004,3,1,6.123233995736766e-17,5.263158,43.49933,41.314257,5.263158,1.0101020720364673,5.263158297031345,5131.173913043478,161.87724085466544,4822,5384,5205,4822,5131.173913043478,5131.173913043478,23,562,-383,-7.358309317963496,33.63,8.97602073882049,9.866056844168591,12,0,-0.5,43.49933,41.314257,5.263158,32.037659,28.489839,11.1571,53.771586,44.459246,1.223552,55.816766,48.112423,2.133007,92.728224,96.637704,1.776377
2004-04-01,2004,4,0.8660254037844387,-0.49999999999999983,5.181347,43.939273,41.933971,5.181347,1.5000003509684445,5.18134752714805,4490,238.10258735524727,3982,4763,4763,3982,4490,4490,20,781,-781,-16.3972286374134,33.59,-0.11894142134998287,34.360000000000014,12,0,-0.5,43.939273,41.933971,5.181347,32.375501,28.860347,10.140707,54.058974,44.64796,1.280647,55.878763,48.112423,2.147245,92.799257,96.778262,1.773752
2004-05-01,2004,5,0.49999999999999994,-0.8660254037844387,4.627249,44.544194,42.037256,4.627249,0.24630388569686357,4.6272479433144165,3595.684210526316,269.81084992424246,3286,3933,3933,3286,3595.684210526316,3595.684210526316,19,647,-647,-16.45054665649631,37.57,11.848764513247989,45.28228924980666,12,0,-0.5,44.544194,42.037256,4.627249,32.909906,29.755144,6.198866,54.235839,45.01222,1.907785,55.88565,48.184662,1.719126,92.87029,96.918819,1.771134
2004-06-01,2004,6,1.2246467991473532e-16,-1,4.591837,44.874151,42.347113,4.591837,0.7371009182902011,4.591835323339977,2901.590909090909,218.20101241328334,2622,3282,3282,3005,2901.590909090909,2901.590909090909,22,660,-277,-8.439975624619134,35.18,-6.361458610593562,27.23327305605787,12,0,-1,44.874151,42.347113,4.591837,33.391074,30.719481,7.938577,54.145253,44.883795,0.642833,55.933873,47.928535,1.445659,92.941324,97.059376,1.768523
2004-07-01,2004,7,-0.4999999999999998,-0.8660254037844388,3.826531,44.819158,42.037256,3.826531,-0.7317074956207814,3.8265290244717587,3778.409090909091,285.93933074308063,3115,4086,3115,4048,3778.409090909091,3778.409090909091,22,971,933,29.951845906902097,38.22,8.641273450824327,34.81481481481481,12,0,-1,44.819158,42.037256,3.826531,33.184274,30.706806,11.450578,54.3896,44.757999,0.670708,56.044109,47.652711,0.889891,93.012357,97.199934,1.765921
2004-08-01,2004,8,-0.8660254037844384,-0.5000000000000004,3.816794,44.984137,42.140542,3.816794,0.24570109904415993,3.8167948334292934,4169,46.203895939628296,4088,4233,4100,4186,4169,4169,21,145,86,2.097560975609758,42.74,11.82626896912613,42.9909668785547,12,0,-1,44.984137,42.140542,3.816794,34.525405,32.586332,21.426444,54.523456,44.678209,0.465531,55.933873,47.56076,0.639222,93.08339,97.340491,1.763326
2004-09-01,2004,9,-1,-1.8369701987210297e-16,4.071247,45.259101,42.243828,4.071247,0.24509888838164517,4.071248643519465,4140.772727272727,71.03716788258961,4014,4233,4134,4105,4140.772727272727,4140.772727272727,22,219,-29,-0.7014997581035298,43.2,1.076275152082351,59.350793065289565,12,0,-1,45.259101,42.243828,4.071247,35.225659,33.458317,25.82711,54.428044,44.561501,-0.240317,55.947662,47.593604,0.848864,93.154424,97.481048,1.760739
2004-10-01,2004,10,-0.8660254037844386,0.5000000000000001,4.591837,45.534065,42.347113,4.591837,0.24449725531503486,4.591835323339977,4539.428571428572,277.89144848817705,4112,4922,4112,4922,4539.428571428572,4539.428571428572,21,810,810,19.698443579766533,49.78,15.23148148148148,68.11887875717663,12,0,-1,45.534065,42.347113,4.591837,35.500028,33.650387,24.892594,54.589115,44.998991,1.656831,56.106106,47.915404,1.038646,93.225457,97.621606,1.758159
2004-11-01,2004,11,-0.5000000000000004,0.8660254037844384,4.846939,45.644051,42.450399,4.846939,0.24390328568559827,4.846938246252486,5308.909090909091,348.3562638737627,4928,6051,4928,6051,5308.909090909091,5308.909090909091,22,1123,1123,22.788149350649345,43.11,-13.398955403776625,49.94782608695652,12,0,-1,45.644051,42.450399,4.846939,35.13352,33.494519,23.6429,54.413378,44.579992,0.879407,56.436799,48.335706,1.21012,93.29649,97.762163,1.755587
2004-12-01,2004,12,-2.4492935982947064e-16,1,4.834606,45.809029,42.553685,4.834606,0.2433098449793336,4.834607610205333,5518.833333333333,615.1266010295097,4598,6208,6092,4598,5518.833333333333,5518.833333333333,18,1610,-1494,-24.523965856861462,39.6,-8.14196242171189,32.84132841328415,12,0,-1,45.809029,42.553685,4.834606,35.250229,33.812022,23.202918,54.402982,44.551102,1.639353,56.354126,48.191228,1.297636,93.367523,97.902721,1.753022
2005-01-01,2005,1,0.49999999999999994,0.8660254037844387,4.822335,46.029,42.65697,4.822335,0.24271693509034797,4.822334532666939,4501.9,163.0533977760531,4292,4776,4456,4488,4501.9,4501.9,20,484,32,0.7181328545780907,44.51,12.398989898989887,42.29539641943734,12,0,0,46.029,42.65697,4.822335,35.710923,33.750519,20.135589,54.817965,44.646137,1.041113,56.52636,48.572135,1.245711,93.438557,98.043278,1.750465
2005-02-01,2005,2,0.8660254037844386,0.5000000000000001,4.040404,46.193979,42.553685,4.040404,-0.24212924640450995,4.040405843224715,4532.25,247.28800064531617,4175,4880,4470,4726,4532.25,4532.25,20,705,256,5.727069351230418,45.48,2.17928555380813,47.37524303305249,12,0,0,46.193979,42.553685,4.040404,36.056955,33.432591,18.845709,54.664319,44.64921,1.100071,56.553907,48.591833,1.10685,93.50959,98.183835,1.747915
2005-03-01,2005,3,1,6.123233995736766e-17,3,46.303965,42.553685,3,0,3.000000701936867,4677.9047619047615,59.61703176266389,4575,4791,4663,4637,4677.9047619047615,4677.9047619047615,21,216,-26,-0.5575809564657974,53.1,16.75461741424804,57.89473684210527,12,0,0,46.303965,42.553685,3,36.570884,33.941749,19.13633,54.73421,44.665506,0.46393,56.898374,48.526174,0.859967,93.580623,98.324393,1.745373
2005-04-01,2005,4,0.8660254037844387,-0.49999999999999983,2.463054,46.633922,42.966827,2.463054,0.9708724403068691,2.4630531651772314,4532.476190476191,305.6587343832365,3850,4835,4627,3850,4532.476190476191,4532.476190476191,21,985,-777,-16.79273827534039,51.88,-2.2975517890772124,54.450729383745156,12,0,0,46.633922,42.966827,2.463054,37.561887,35.130423,21.725574,54.990993,45.019555,0.832279,57.070607,48.552437,0.914554,93.651657,98.46495,1.742838
2005-05-01,2005,5,0.49999999999999994,-0.8660254037844387,1.965602,47.348828,42.863541,1.965602,-0.24038544898836722,1.9656016558264433,3667.4,255.4884692011302,3219,4024,3815,3219,3667.4,3667.4,20,805,-596,-15.622542595019661,48.65,-6.225905936777187,29.491615650785196,12,0,0,47.348828,42.863541,1.965602,37.772783,35.707796,20.005455,54.747385,44.178016,-1.853283,56.932823,48.513028,0.681473,93.72269,98.605507,1.74031
2005-06-01,2005,6,1.2246467991473532e-16,-1,3.170732,48.063735,43.689827,3.170732,1.9277128784110475,3.170733268168724,2746.090909090909,223.10469656129075,2510,3180,3180,2521,2746.090909090909,2746.090909090909,22,670,-659,-20.723270440251575,54.35,11.716341212744098,54.4911881750995,12,0,0,48.063735,43.689827,3.170732,37.36942,35.654143,16.063624,54.912171,44.496186,-0.863584,56.8157,48.276599,0.726213,93.793723,98.746065,1.73779
2005-07-01,2005,7,-0.4999999999999998,-0.8660254037844388,5.651106,48.503678,44.412826,5.651106,1.6548451885607163,5.6511062472774265,2220.095238095238,211.47125212706922,1804,2486,2486,1804,2220.095238095238,2220.095238095238,21,682,-682,-27.43362831858407,57.52,5.83256669733212,50.49712192569338,12,0,0,48.503678,44.412826,5.651106,37.088909,35.57414,15.850993,55.390617,44.968973,0.471366,57.235953,48.644388,2.081051,93.864757,98.886622,1.735277
2005-08-01,2005,8,-0.8660254037844384,-0.5000000000000004,6.372549,49.32857,44.825969,6.372549,0.9302335320882316,6.37254974081729,2206.590909090909,345.2538967872097,1747,2634,1769,2592,2206.590909090909,2206.590909090909,22,887,823,46.52345958168458,63.98,11.230876216967989,49.69583528310715,12,0,0,49.32857,44.825969,6.372549,36.898489,35.580964,9.189838,55.672884,45.197958,1.163317,57.3324,48.703481,2.402655,93.93579,99.027179,1.732772
2005-09-01,2005,9,-1,-1.8369701987210297e-16,7.334963,49.768513,45.342397,7.334963,1.1520732546796753,7.334962636435316,2803.5454545454545,231.9459557891157,2418,3073,2548,2907,2803.5454545454545,2803.5454545454545,22,655,359,14.089481946624804,62.91,-1.6723976242575822,45.624999999999986,12,0,0,49.768513,45.342397,7.334963,36.728544,35.359454,5.682105,56.023221,45.710652,2.5788,57.380624,48.874237,2.690767,94.006823,99.167737,1.730273
2005-10-01,2005,10,-0.8660254037844386,0.5000000000000001,8.04878,50.648398,45.755539,8.04878,0.9111604752611635,8.048780090392471,3161.4285714285716,117.39359924142859,2944,3370,2944,3113,3161.4285714285716,3161.4285714285716,21,426,169,5.740489130434789,58.54,-6.946431409950716,17.597428686219363,12,0,0,50.648398,45.755539,8.04878,36.820683,35.316329,4.950735,56.163602,46.051111,2.338098,57.449523,48.959608,2.179266,94.077856,99.308294,1.727782
2005-11-01,2005,11,-0.5000000000000004,0.8660254037844384,8.759124,50.813377,46.168682,8.759124,0.9029354894059871,8.759123795279278,2915.5,109.64868140262031,2739,3081,3081,2770,2915.5,2915.5,22,342,-311,-10.0941252839987,55.24,-5.637171165015364,28.137323126884727,12,0,0,50.813377,46.168682,8.759124,37.256806,35.567412,6.188752,56.294251,46.397385,4.076701,57.43575,49.274842,1.942944,94.14889,99.448852,1.725298
2005-12-01,2005,12,-2.4492935982947064e-16,1,8.737864,50.978355,46.271968,8.737864,0.2237144218238729,8.737863712625593,2600,123.75883806823657,2407,2772,2772,2407,2600,2600,17,365,-365,-13.167388167388172,56.86,2.9326574945691464,43.585858585858574,12,0,0,50.978355,46.271968,8.737864,37.91611,36.026684,6.549924,56.353537,46.586586,4.568877,57.490844,49.852768,3.447806,94.219923,99.589409,1.722821
2006-01-01,2006,1,0.49999999999999994,0.8660254037844387,10.653753,51.858241,47.201538,10.653753,2.008926873393402,10.653752481716339,2261.7619047619046,180.6011917906149,2033,2497,2438,2081,2261.7619047619046,2261.7619047619046,21,464,-357,-14.643150123051685,62.99,10.78086528315161,41.51875982925186,12,0,0,51.858241,47.201538,10.653753,41.206486,37.435699,10.918882,57.042935,46.77705,4.772894,57.711301,50.305914,3.569493,94.290956,99.729966,1.720351
2006-02-01,2006,2,0.8660254037844386,0.5000000000000001,12.135922,52.24319,47.717967,12.135922,1.0940935865267898,12.135921953645145,2443.7,247.6459909671571,2087,2798,2087,2680,2443.7,2443.7,20,711,593,28.41399137517968,60.21,-4.413398952214642,32.38786279683379,12,0,0,52.24319,47.717967,12.135922,42.860888,37.419825,11.926192,56.792399,46.633282,4.443691,57.787088,50.43726,3.797815,94.36199,99.870524,1.717888
2006-03-01,2006,3,1,6.123233995736766e-17,13.834951,52.683133,48.440966,13.834951,1.5151504673281746,13.834949899168558,2598.8260869565215,84.47304689765791,2493,2708,2708,2496,2598.8260869565215,2598.8260869565215,23,215,-212,-7.828655834564257,62.06,3.072579305763168,16.873822975517893,12,0,0,52.683133,48.440966,13.834951,43.57138,37.698327,11.067721,57.035339,47.162753,5.590997,57.959321,50.653992,4.384887,94.433023,100.011081,1.715432
2006-04-01,2006,4,0.8660254037844387,-0.49999999999999983,14.423077,53.288054,49.163966,14.423077,1.492538361022766,14.42307806438674,2465.4444444444443,55.731733723174706,2368,2516,2508,2368,2465.4444444444443,2465.4444444444443,18,148,-140,-5.582137161084533,70.26,13.213019658395098,35.42791056283732,12,0,0,53.288054,49.163966,14.423077,43.139352,37.446207,6.591961,57.102729,47.229061,4.907879,58.097104,50.851011,4.734209,94.504056,100.151638,1.712984
2006-05-01,2006,5,0.49999999999999994,-0.8660254037844387,16.144578,53.78299,49.78368,16.144578,1.2605044922535225,16.14458077553602,2441.8571428571427,45.63253851615721,2364,2502,2364,2436,2441.8571428571427,2441.8571428571427,21,138,72,3.0456852791878264,69.78,-0.6831767719897575,43.43268242548819,12,0,0,53.78299,49.78368,16.144578,42.715514,37.605212,5.313731,57.244404,47.537772,7.605041,58.317561,51.094006,5.320175,94.57509,100.292196,1.710542
2006-06-01,2006,6,1.2246467991473532e-16,-1,14.184397,54.057954,49.886964999999996,14.184397,0.2074675877717258,14.184395832009123,2718.4545454545455,130.86151432233976,2478,2964,2478,2964,2718.4545454545455,2718.4545454545455,22,486,486,19.61259079903148,68.56,-1.748351963313266,26.14535418583257,12,0,0,54.057954,49.886964999999996,14.184397,41.452189,37.580021,5.401554,57.800162,47.780755,7.381686,58.744701,51.363264,6.39371,94.646123,100.432753,1.708107
2006-07-01,2006,7,-0.4999999999999998,-0.8660254037844388,12.790698,54.277925,50.093536,12.790698,0.414078106375082,12.790696993701767,3049.809523809524,154.48256181447115,2849,3285,2983,3285,3049.809523809524,3049.809523809524,21,436,302,10.124036205162579,73.67,7.453325554259038,28.077190542420016,12,0,0,54.277925,50.093536,12.790698,40.852264,37.487768,5.379269,58.264864,47.752043,6.188866,59.151165,51.619391,6.115819,94.717156,100.57331,1.705679
2006-08-01,2006,8,-0.8660254037844384,-0.5000000000000004,12.903226,54.607882,50.609965,12.903226,1.0309294197159424,12.903225806451623,3686.7272727272725,122.74137805746638,3337,3847,3337,3847,3686.7272727272725,3686.7272727272725,22,510,510,15.283188492658084,73.23,-0.597258042622506,14.457643013441723,12,0,0,54.607882,50.609965,12.903226,41.143013,37.860962,6.407917,58.764645,48.180427,6.598681,59.557629,51.882083,6.526437,94.788189,100.713868,1.703258
2006-09-01,2006,9,-1,-1.8369701987210297e-16,11.845103,54.992832,50.71325,11.845103,0.20408036243455552,11.84510161648491,4039.1428571428573,153.33078155226553,3875,4279,3875,3944,4039.1428571428573,4039.1428571428573,21,404,69,1.7806451612903285,61.96,-15.389867540625435,-1.5100937847718932,12,0,0,54.992832,50.71325,11.845103,41.814602,38.09179,7.727316,59.089283,48.724248,6.592764,59.709202,52.414034,7.242665,94.859223,100.854425,1.700844
2006-10-01,2006,10,-0.8660254037844386,0.5000000000000001,11.512415,55.322789,51.023107,11.512415,0.6109981119332808,11.512416015905757,4027.6363636363635,77.71593294663737,3931,4182,3956,4037,4027.6363636363635,4027.6363636363635,22,251,81,2.0475227502527726,57.81,-6.697869593285988,-1.2470105910488472,12,0,0,55.322789,51.023107,11.512415,42.596757,38.293935,8.431246,59.282643,49.372256,7.211866,60.026105,53.044502,8.343396,94.930256,100.994983,1.698437
2006-11-01,2006,11,-0.5000000000000004,0.8660254037844384,10.067114,55.267796,50.816536,10.067114,-0.4048577441589485,10.067114326547166,4190.090909090909,61.759833680775536,4100,4336,4100,4336,4190.090909090909,4190.090909090909,22,236,236,5.756097560975615,58.76,1.6433143054834787,6.372194062273717,12,0,0,55.267796,50.816536,10.067114,42.711419,38.478819,8.185602,59.57257,50.14222,8.07122,60.026105,53.22839,8.023461,95.001289,101.13554,1.696036
2006-12-01,2006,12,-2.4492935982947064e-16,1,9.598214,55.322789,50.71325,9.598214,-0.2032527364714487,9.598212896412782,4335.8125,43.743523330126635,4270,4407,4369,4397,4335.8125,4335.8125,16,137,28,0.6408789196612474,62.47,6.313818924438386,9.86633837495603,12,0,0,55.322789,50.71325,9.598214,43.827321,39.554414,9.791994,59.753292,50.520464,8.444227,60.260336,53.31376,6.942427,95.072323,101.276097,1.693642
2007-01-01,2007,1,0.49999999999999994,0.8660254037844387,8.533917,55.707739,51.229679,8.533917,1.0183315011362826,8.533918958318676,4461.681818181818,127.61787692491406,4225,4647,4421,4225,4461.681818181818,4461.681818181818,22,422,-196,-4.4333861117394235,53.68,-14.070753961901715,-14.780123829179237,12,0,0,55.707739,51.229679,8.533917,45.193022,39.744784,6.168138,60.259249,50.851016,8.709328,60.701249,54.187223,7.715413,95.143356,101.416655,1.691255
2007-02-01,2007,2,0.8660254037844386,0.5000000000000001,8.441558,56.037696,51.746107,8.441558,1.0080640950336672,8.441558291869388,4397.75,147.44771597881203,4219,4765,4219,4765,4397.75,4397.75,20,546,546,12.941455321166151,57.56,7.2280178837556,-4.401262248795879,12,0,0,56.037696,51.746107,8.441558,45.780662,38.972484,4.149294,60.453105,51.056573,9.485265,60.625463,54.141247,7.343752,95.214389,101.557212,1.688875
2007-03-01,2007,3,1,6.123233995736766e-17,8.315565,56.092689,52.469106,8.315565,1.39720462449473,8.31556497035999,5123.136363636364,183.1401481183573,4818,5388,4818,5388,5123.136363636364,5123.136363636364,22,570,570,11.830635118306354,62.05,7.800555941626119,-0.016113438607812114,12,0,0,56.092689,52.469106,8.315565,46.130789,38.856652,3.072616,60.76013,51.658042,9.531437,61.045716,54.463047,7.519754,95.285423,101.697769,1.686501
2007-04-01,2007,4,0.8660254037844387,-0.49999999999999983,7.983193,56.587624,53.08882,7.983193,1.1811026473368846,7.983192405592332,5753.684210526316,285.963877406372,5417,6248,5417,6248,5753.684210526316,5753.684210526316,19,831,831,15.340594424958454,67.49,8.767123287671218,-3.9424992883575483,12,0,0,56.587624,53.08882,7.983193,45.580004,38.440941,2.656436,61.271059,52.617532,11.409228,61.5624,55.132925,8.420508,95.356456,101.838327,1.684135
2007-05-01,2007,5,0.49999999999999994,-0.8660254037844387,8.713693,57.192545,54.121676,8.713693,1.9455245002620192,8.713690912363248,6402.238095238095,214.78335707449605,5971,6688,6255,5971,6402.238095238095,6402.238095238095,21,717,-284,-4.540367705835335,67.21,-0.41487627796711335,-3.6830037259959925,12,0,0,57.192545,54.121676,8.713693,45.420297,38.649659,2.7774,61.607587,53.238059,11.991069,61.84487,55.710851,9.035982,95.427489,101.978884,1.681774
2007-06-01,2007,6,1.2246467991473532e-16,-1,11.594203,57.577495,55.670961,11.594203,2.862596125071959,11.594203014755466,5772.142857142857,342.95995184777564,5254,6278,5983,6278,5772.142857142857,5772.142857142857,21,1024,295,4.930636804278787,71.05,5.713435500669539,3.6318553092181904,12,0,0,57.577495,55.670961,11.594203,46.055031,39.604616,5.387426,61.779994,53.474105,11.915572,62.285784,56.058914,9.142039,95.498522,102.119441,1.679421
2007-07-01,2007,7,-0.4999999999999998,-0.8660254037844388,12.989691,58.402388,56.600532,12.989691,1.6697592125273442,12.989691923524816,6572.136363636364,243.5918317995916,6201,6967,6304,6967,6572.136363636364,6572.136363636364,22,766,663,10.517131979695439,76.93,8.275862068965534,4.425139133975842,12,0,0,58.402388,56.600532,12.989691,46.390825,40.186112,7.197933,62.33123,54.040664,13.169324,62.823144,56.669684,9.783714,95.569556,102.259999,1.677074
2007-08-01,2007,8,-0.8660254037844384,-0.5000000000000004,12.653061,58.567366,57.013674,12.653061,0.729926001402248,12.653059530865107,7195.090909090909,215.9201592059323,6917,7702,6993,7702,7195.090909090909,7195.090909090909,22,785,709,10.138710138710149,70.76,-8.020278174964258,-3.372934589649046,12,0,0,58.567366,57.013674,12.653061,46.231118,40.4829,6.925174,62.704314,54.703767,13.539398,63.222721,57.470908,10.772167,95.640589,102.400556,1.674733
2007-09-01,2007,9,-1,-1.8369701987210297e-16,12.627291,58.732345,57.11696,12.627291,0.18116004942954067,12.627291684125929,8574.05,486.2908459369816,7783,9474,7783,9474,8574.05,8574.05,20,1691,1691,21.726840549916492,77.17,9.058790276992656,24.548095545513227,12,0,0,58.732345,57.11696,12.627291,46.716382,40.861978,7.2724,63.010738,55.187707,13.265384,63.580961,58.521678,11.652687,95.711622,102.541114,1.672399
2007-10-01,2007,10,-0.8660254037844386,0.5000000000000001,12.955466,59.337266,57.633388,12.955466,0.9041587647521832,12.95546545215287,10425.91304347826,585.3540430638755,9513,11033,9537,10656,10425.91304347826,10425.91304347826,23,1520,1119,11.733249449512417,82.34,6.699494622262536,42.432105172115556,12,0,0,59.337266,57.633388,12.955466,47.091079,41.011553,7.096731,63.533796,55.852146,13.124557,64.166545,59.480511,12.133226,95.782656,102.681671,1.670071
2007-11-01,2007,11,-0.5000000000000004,0.8660254037844384,15.04065,59.502244,58.459673,15.04065,1.4336915261688343,15.040649366576275,10542.681818181818,362.8065713642853,9897,11039,10581,10210,10542.681818181818,10542.681818181818,22,1142,-371,-3.5062848502031896,92.41,12.229778965265957,57.26684819605175,12,0,0,59.502244,58.459673,15.04065,47.764716,41.550114,7.98178,62.668189,56.849359,13.376231,64.366342,60.058437,12.831588,95.853689,102.822228,1.66775
2007-12-01,2007,12,-2.4492935982947064e-16,1,15.478615,59.832201,58.562959,15.478615,0.17667905874190204,15.478615549190788,9854.125,350.6011741756341,9143,10285,10270,9143,9854.125,9854.125,16,1142,-1127,-10.973709834469325,90.93,-1.601558272914172,45.557867776532746,12,0,0,59.832201,58.562959,15.478615,49.101751,42.511485,7.475957,63.053408,57.114041,13.051299,64.821029,60.307998,13.119011,95.924722,102.962786,1.665436
2008-01-01,2008,1,0.49999999999999994,0.8660254037844387,18.145161,60.38213,60.525386,18.145161,3.350969680340099,18.1451595665864,7169.818181818182,1210.8881288566918,5615,8891,8891,6052,7169.818181818182,7169.818181818182,22,3276,-2839,-31.931166347992356,92.18,1.374683822720768,71.72131147540985,12,0,0,60.38213,60.525386,18.145161,54.799395,43.96966,10.630013,64.043297,58.497851,15.037723,65.723517,61.339071,13.198402,95.995755,103.103343,1.663128
2008-02-01,2008,2,0.8660254037844386,0.5000000000000001,18.363273,61.097036,61.248386000000004,18.363273,1.1945400893436764,18.363273202368635,6874.238095238095,539.6605326278645,6002,7613,6134,7613,6874.238095238095,6874.238095238095,21,1611,1479,24.111509618519733,94.99,3.0483835973095896,65.02779708130643,12,0,0,61.097036,61.248386000000004,18.363273,54.642718,44.763908,14.860290000000001,64.202912,58.79827,15.162978,65.88075,61.483059,13.560477,96.066789,103.2439,1.660826
2008-03-01,2008,3,1,6.123233995736766e-17,17.913386,61.646965,61.8681,17.913386,1.0118046212678866,17.913386974803803,8062.578947368421,305.4932833939732,7619,8624,7878,8081,8062.578947368421,8062.578947368421,19,1005,203,2.576796141152582,103.64,9.10622170754818,67.02659145850123,12,0,0,61.646965,61.8681,17.913386,55.213023,45.427847,16.911379,64.935161,59.561777,15.300107,66.82415,62.490978,14.740143,96.137822,103.384458,1.65853
2008-04-01,2008,4,0.8660254037844387,-0.49999999999999983,18.48249,62.9118,62.900956,18.48249,1.6694483910125069,18.482490287032192,8286.863636363636,630.9088905210706,7655,9356,7890,9356,8286.863636363636,8286.863636363636,22,1701,1466,18.58048162230672,109.07,5.2392898494789675,61.609127278115274,12,0,0,62.9118,62.900956,18.48249,56.773527,47.224924,22.850591,65.968127,61.211054,16.33205,67.29585,63.21092,14.651854,96.208855,103.525015,1.656241
2008-05-01,2008,5,0.49999999999999994,-0.8660254037844387,18.51145,64.121642,64.140384,18.51145,1.9704438196455953,18.511451862651107,10843.65,775.8461781211937,9439,11793,9439,11440,10843.65,10843.65,20,2354,2001,21.19927958470178,122.8,12.588246080498777,82.71090611516145,12,0,0,64.121642,64.140384,18.51145,58.227491,48.488806,25.457266,66.559915,61.733528,15.957511,67.767549,64.362828,15.530146,96.279889,103.665572,1.653958
2008-06-01,2008,6,1.2246467991473532e-16,-1,18.181818,65.881413,65.792954,18.181818,2.5764890961675446,18.181818345115317,10245.095238095239,1026.1430653062907,9139,11689,11458,9589,10245.095238095239,10245.095238095239,21,2550,-1869,-16.31174725082911,132.32,7.75244299674267,86.2350457424349,12,0,0,65.881413,65.792954,18.181818,58.891802,48.634982,22.801297,67.168789,62.456171,16.797039,68.710949,65.514735,16.867649,96.350922,103.80613,1.651682
2008-07-01,2008,7,-0.4999999999999998,-0.8660254037844388,18.430657,67.146248,67.032382,18.430657,1.883830903838124,18.43065715354053,8935.739130434782,300.91273537073897,8341,9379,9379,8341,8935.739130434782,8935.739130434782,23,1038,-1038,-11.067277961403132,132.72,0.30229746070133956,72.52047315741581,12,0,0,67.146248,67.032382,18.430657,59.142485,48.534819,20.775104,68.781097,63.929352,18.298604,69.811582,66.666642,17.640752,96.421955,103.946687,1.649412
2008-08-01,2008,8,-0.8660254037844384,-0.5000000000000004,18.84058,67.366219,67.755381,18.84058,1.0785816920544589,18.840580243960424,7402.5,432.32121342694643,6809,8280,8280,6809,7402.5,7402.5,20,1471,-1471,-17.765700483091784,113.24,-14.67751657625076,60.03391746749573,12,0,0,67.366219,67.755381,18.84058,60.095082,49.257919,21.675866,69.258843,64.609777,18.10846,70.283282,67.386585,17.253385,96.492989,104.087245,1.647148
2008-09-01,2008,9,-1,-1.8369701987210297e-16,20.433996,66.981269,68.788238,20.433996,1.5243911033427926,20.43399718752541,4975.090909090909,873.3387445719802,3217,6691,6691,3217,4975.090909090909,4975.090909090909,22,3474,-3474,-51.92049021073083,97.23,-14.138113740727654,25.99455747051964,12,0,0,66.981269,68.788238,20.433996,60.728058,49.907216,22.136075,69.685582,65.450194,18.595603,70.597749,68.394504,16.870374,96.564022,104.227802,1.64489
2008-10-01,2008,10,-0.8660254037844386,0.5000000000000001,25.089606,67.091255,72.093378,25.089606,4.804803984076456,25.089606045717815,1807.5217391304345,808.0250260281219,851,3025,3025,851,1807.5217391304345,1807.5217391304345,23,2174,-2174,-71.86776859504131,71.58,-26.380746683122503,-13.06776779208162,12,0,0,67.091255,72.093378,25.089606,60.941139,50.307812,22.667416,70.003021,65.861058,17.920372,70.912215,68.970457,15.954715,96.635055,104.368359,1.642638
2008-11-01,2008,11,-0.5000000000000004,0.8660254037844384,24.204947,69.016004,72.609806,24.204947,0.7163320880872126,24.204947229177964,818.95,39.24078839274525,715,865,827,715,818.95,818.95,20,150,-112,-13.542926239419584,52.45,-26.725342274378317,-43.242073368683045,12,0,0,69.016004,72.609806,24.204947,62.000276,51.469626,23.87361,70.345454,66.530335,17.029174,70.912215,69.402423,15.558155,96.706088,104.508917,1.640393
2008-12-01,2008,12,-2.4492935982947064e-16,1,25.044092,68.026133,73.22952,25.044092,0.8534852716725272,25.044091436704896,743,66.26595257436684,663,836,700,774,743,743,18,173,74,10.571428571428566,39.95,-23.83222116301239,-56.065105025844055,12,0,0,68.026133,73.22952,25.044092,62.276028,51.42801,20.974391,70.09316,66.545773,16.513859,70.754982,69.690399,15.557474,96.777122,104.649474,1.638153
2009-01-01,2009,1,0.49999999999999994,0.8660254037844387,22.354949,68.081126,74.055805,22.354949,1.1283496054596664,22.354948715238287,904.5238095238095,89.04696460161854,772,1070,773,1070,904.5238095238095,904.5238095238095,21,298,297,38.42173350582148,43.44,8.735919899874833,-52.874810154046436,12,0,0,68.081126,74.055805,22.354949,62.044146,51.88894,18.010781,71.450497,67.434001,15.27603,71.226682,71.130284,15.962441,96.848155,104.790031,1.63592
2009-02-01,2009,2,0.8660254037844386,0.5000000000000001,21.247892,68.246105,74.262377,21.247892,0.27894099591516675,21.247892148537595,1815.85,308.9417037497357,1099,2099,1099,1986,1815.85,1815.85,20,1000,887,80.70973612374885,43.32,-0.2762430939226457,-54.39519949468365,12,0,0,68.246105,74.262377,21.247892,62.670854,53.161678,18.760136,71.556284,67.937915,15.544073,71.855615,71.274272,15.925059,93.923211,100.746121,-2.4193
2009-03-01,2009,3,1,6.123233995736766e-17,21.535893,68.851026,75.191947,21.535893,1.2517374713174156,21.535891679233732,1957.8181818181818,227.15374201369107,1615,2298,2014,1615,1957.8181818181818,1957.8181818181818,22,683,-399,-19.811320754716977,46.54,7.433056325023091,-55.0945580856812,12,0,0,68.851026,75.191947,21.535893,63.273485,54.114458,19.121776,72.091011,68.654689,15.266354,72.956248,71.706237,14.746544,90.998266,95.11981,-7.994091
2009-04-01,2009,4,0.8660254037844387,-0.49999999999999983,20.032841,69.290968,75.501804,20.032841,0.412088012563383,20.032840200393775,1659.15,159.08034216444813,1463,1897,1574,1786,1659.15,1659.15,20,434,212,13.468869123252869,50.18,7.8212290502793325,-53.99284862932061,12,0,0,69.290968,75.501804,20.032841,63.822751,55.135133,16.750075,72.459659,68.808856,12.412468,73.270715,71.994214,13.895216,90.023285,92.306655,-10.836376
2009-05-01,2009,5,0.49999999999999994,-0.8660254037844387,18.035427,69.51094,75.708376,18.035427,0.27359876063357547,18.035426791333208,2537.6315789473683,458.81008059814855,1806,3494,1806,3494,2537.6315789473683,2533.4736842105262,19,1688,1688,93.46622369878183,57.3,14.188919888401742,-53.33876221498372,12,0,0,69.51094,75.708376,18.035427,63.823102,55.035525,13.501506,72.73378,69.255927,12.185273,73.427948,72.282191,12.304251,89.210801,91.603366,-11.635691
2009-06-01,2009,6,1.2246467991473532e-16,-1,15.22763,70.500811,75.811661,15.22763,0.13642479928508422,15.227629086239247,3822.5454545454545,229.23926516336743,3452,4291,3681,3757,3822.5454545454545,3822.5454545454545,22,839,76,2.064656343384952,68.61,19.73821989528797,-48.14842805320435,12,0,0,70.500811,75.811661,15.22763,63.955777,54.901631,12.885065,74.305909,69.62473,11.477743,73.742415,72.138203,10.10989,89.698291,90.372611,-12.940969
2009-07-01,2009,7,-0.4999999999999998,-0.8660254037844388,14.791988,71.160725,76.947803,14.791988,1.4986375249052886,14.791986655046795,3361.8695652173915,208.8286170627671,2975,3742,3742,3350,3361.8695652173915,3361.8695652173915,23,767,-392,-10.475681453768038,64.44,-6.07783121993879,-51.44665461121157,12,0,0,71.160725,76.947803,14.791988,64.131462,55.060906,13.446196,74.882193,69.432,8.60739,74.371348,71.706237,7.559395,90.510776,90.548433,-12.889544
2009-08-01,2009,8,-0.8660254037844384,-0.5000000000000004,13.719512,71.490682,77.051089,13.719512,0.13422865367580528,13.71951255059729,2684.65,249.87392083966958,2388,3251,3251,2421,2684.65,2684.65,20,863,-830,-25.53060596739465,72.51,12.523277467411553,-35.967855881314016,12,0,0,71.490682,77.051089,13.719512,64.513578,55.631228,12.938649,75.538176000000007,70.97929,9.858435,74.685814,71.850226,6.623932,90.998266,90.548433,-13.007176
2009-09-01,2009,9,-1,-1.8369701987210297e-16,11.861862,71.65566,76.947803,11.861862,-0.13404872188115258,11.86186074427431,2351.409090909091,116.93777714213539,2163,2492,2423,2220,2351.409090909091,2351.409090909091,22,329,-203,-8.378043747420548,67.65,-6.70252378982209,-30.422709040419615,12,0,0,71.65566,76.947803,11.861862,64.816453,55.84019,11.888009,75.530038,70.552637,7.795918,74.843048,71.850226,5.052632,90.510776,89.4935,-14.136633
2009-10-01,2009,10,-0.8660254037844386,0.5000000000000001,6.733524,71.710653,76.947803,6.733524,0,6.733524124781609,2745.681818181818,249.0684331977547,2284,3103,2284,3103,2745.681818181818,2745.681818181818,22,819,819,35.858143607705784,72.77,7.5683665927568144,1.6624755518301226,12,0,0,71.710653,76.947803,6.733524,64.975635,55.980612,11.276181,75.732929,71.101316,7.956535,74.843048,72.42618,5.010438,91.160763,89.845144,-13.915343
2009-11-01,2009,11,-0.5000000000000004,0.8660254037844384,6.116643,71.930624,77.051089,6.116643,0.13422865367580528,6.1166435288368515,3940.5714285714284,481.6224217609238,3185,4661,3185,3887,3940.5714285714284,3940.5714285714284,21,1476,702,22.04081632653061,76.66,5.34560945444551,46.15824594852238,12,0,0,71.930624,77.051089,6.116643,65.098909,56.16626,9.125059,75.773724,70.732039,6.315471,74.843048,72.282191,4.149378,91.160763,90.020967,-13.862884
2009-12-01,2009,12,-2.4492935982947064e-16,1,4.654443,71.985617,76.637946,4.654443,-0.536193589684375,4.654442634609657,3572.3888888888887,368.2815641021369,3005,4107,3836,3005,3572.3888888888887,3572.3888888888887,18,1102,-831,-21.66319082377477,74.46,-2.869814766501444,86.38297872340424,12,0,0,71.985617,76.637946,4.654443,65.592009,56.556428,9.972033,75.648947,70.23065,5.537357,75.157514,72.138203,3.512397,91.648254,90.548433,-13.474545
2010-01-01,2010,1,0.49999999999999994,0.8660254037844387,3.556485,72.260581,76.689589,3.556485,0.06738567862973888,3.5564855449211397,3168.35,105.93507197186497,2848,3299,3140,2848,3168.35,3168.35,20,451,-292,-9.29936305732484,76.17,2.2965350523771244,75.34530386740332,12,0,0,72.260581,76.689589,3.556485,65.734984,56.691132,9.254752,76.767999,71.179445,5.554238,75.314748,72.570168,2.024291,92.298242,92.130833,-12.080537
2010-02-01,2010,2,0.8660254037844386,0.5000000000000001,3.268428,72.426174,76.689589,3.268428,0,3.268427564606502,2677.85,57.984821062793756,2566,2745,2745,2738,2677.85,2677.85,20,179,-7,-0.2550091074681293,73.75,-3.177103846658791,70.24469067405354,12,0,0,72.426174,76.689589,3.268428,65.915849,57.014982,7.248273,77.088978,71.743349,5.601341,75.786447,72.42618,1.616162,93.110726,93.889055,-6.806283
2010-03-01,2010,3,1,6.123233995736766e-17,2.870879,72.922953,77.350617,2.870879,0.8619527221615408,2.870879244555269,3206.8260869565215,220.64752891389983,2760,3574,2760,2998,3210.1739130434785,3206.8260869565215,23,814,238,8.6231884057971,78.83,6.888135593220346,69.38117748173613,12,0,0,72.922953,77.350617,2.870879,65.783847,56.544961,4.491411,77.172557,71.760932,4.524445,76.415381,72.42618,1.004016,94.248205,96.174744,1.109057
2010-04-01,2010,4,0.8660254037844387,-0.49999999999999983,3.78933,74.237346,78.362817,3.78933,1.3085868468250217,3.789330649635869,3040.6190476190477,141.60172180820265,2911,3359,2991,3354,3040.6190476190477,3040.6190476190477,21,448,363,12.136409227683043,84.82,7.598629963211967,69.03148664806696,12,0,0,74.237346,78.362817,3.78933,66.157491,57.22303,3.78687,77.074667,71.449067,3.837021,76.415381,72.570168,0.8,94.248205,97.053855,5.142857
2010-05-01,2010,5,0.49999999999999994,-0.8660254037844387,4.583902,74.951465,79.178773,4.583902,1.041254042717732,4.583900993993062,3838.0526315789475,248.34238768375369,3352,4209,3352,4078,3838.0526315789475,3838.0526315789475,19,857,726,21.658711217183768,75.95,-10.45743928318792,32.54799301919722,12,0,0,74.951465,79.178773,4.583902,66.297376,57.477338,4.436795,77.18542,71.032879,2.565776,76.572614,72.714156,0.59761,94.573198,97.581321,6.525912
2010-06-01,2010,6,1.2246467991473532e-16,-1,4.509537,75.945022,79.230416,4.509537,0.06522328907521135,4.509537127804131,3088,587.0502533855173,2406,4074,4074,2406,3092.1363636363635,3088,22,1668,-1668,-40.942562592047125,74.76,-1.5668202764976935,8.963707914298213,12,0,0,75.945022,79.230416,4.509537,66.186542,57.301287,4.370827,77.221151,71.056468,2.056365,76.572614,72.42618,0.399202,94.410701,97.053855,7.392996
2010-07-01,2010,7,-0.4999999999999998,-0.8660254037844388,3.167785,76.22446,79.385345,3.167785,0.19554232808773886,3.1677863499234737,1909.7272727272727,185.79204499300818,1700,2351,2351,1967,1909.7272727272727,1909.7272727272727,22,651,-384,-16.333475116971496,75.58,1.0968432316746934,17.287399130974546,12,0,0,76.22446,79.385345,3.167785,66.418489,57.574197,4.564565,78.11681,72.127704,3.88251,77.201547,72.570168,1.204819,94.410701,97.053855,7.184466
2010-08-01,2010,8,-0.8660254037844384,-0.5000000000000004,3.284182,76.276208,79.581587,3.284182,0.2472017977625418,3.284182005526226,2432.3333333333335,319.9514546510663,1957,2861,1977,2713,2432.3333333333335,2432.3333333333335,21,904,736,37.2281234193222,77.04,1.93172797036254,6.247414149772457,12,0,0,76.276208,79.581587,3.284182,66.590052,58.677076,5.475068,78.014776,71.952233,1.370741,77.201547,73.002133,1.603206,94.248205,97.053855,7.184466
2010-09-01,2010,9,-1,-1.8369701987210297e-16,3.355705,76.659141,79.529944,3.355705,-0.06489315172867327,3.3557046456544226,2719.4545454545455,211.02848538768802,2444,2995,2741,2446,2719.4545454545455,2719.4545454545455,22,551,-295,-10.76249543962058,77.84,1.038421599169248,15.062823355506282,12,0,0,76.659141,79.529944,3.355705,66.894171,59.012536,5.681115,78.150906,72.398108,2.615736,77.201547,72.858145,1.402806,94.248205,97.053855,8.447937
2010-10-01,2010,10,-0.8660254037844386,0.5000000000000001,3.355705,76.824734,79.529944,3.355705,0,3.3557046456544226,2693.3333333333335,91.24436055632881,2452,2784,2452,2678,2693.3333333333335,2693.3333333333335,21,332,226,9.216965742251215,82.67,6.205035971223016,13.60450735193075,12,0,0,76.824734,79.529944,3.355705,67.038669,59.130844,5.627363,78.017748,72.190045,1.531235,77.35878,73.146122,0.994036,94.573198,97.405499,8.414873
2010-11-01,2010,11,-0.5000000000000004,0.8660254037844384,3.552279,77.042075,79.788159,3.552279,0.32467645142564283,3.552279449288487,2321.318181818182,171.1213399521316,2099,2648,2648,2099,2321.318181818182,2321.318181818182,22,549,-549,-20.73262839879154,85.28,3.157130760856419,11.244456039655626,12,0,0,77.042075,79.788159,3.552279,67.598713,59.932314,6.70519,78.203119,72.530565,2.542732,77.516014,73.146122,1.195219,94.898192,98.812077,9.765625
2010-12-01,2010,12,-2.4492935982947064e-16,1,4.366577,77.321513,79.984401,4.366577,0.24595378870693185,4.3665771000700015,2030.9444444444443,131.2722685746385,1773,2179,2096,1773,2030.9444444444443,2030.9444444444443,18,406,-323,-15.410305343511455,91.45,7.234990619136972,22.817620198764455,12,0,0,77.321513,79.984401,4.366577,68.549353,60.987948,7.835573,77.963833,71.773538,2.196888,77.673247,73.29011,1.596806,94.573198,97.229677,7.378641
2011-01-01,2011,1,0.49999999999999994,0.8660254037844387,4.700337,77.983884,80.294258,4.700337,0.3873967875311024,4.7003368345082785,1401.8,151.84257776082646,1107,1693,1693,1107,1401.8,1401.8,20,586,-586,-34.61311281748376,96.52,5.54401312192454,26.716555074176185,12,0,0,77.983884,80.294258,4.700337,69.295955,61.541847,8.55639,79.281881,72.02868,1.193089,78.144947,75.017971,3.373016,95.54818,98.460432,6.870229
2011-02-01,2011,2,0.8660254037844386,0.5000000000000001,5.292929,78.584158,80.748715,5.292929,0.5659894135892074,5.292929656983825,1181.1,97.80480022661679,1043,1301,1084,1251,1181.1,1181.1,20,258,167,15.405904059040587,103.72,7.459593866556147,40.63728813559322,12,0,0,78.584158,80.748715,5.292929,70.228043,62.612284,9.817249,79.398659,72.027435,0.395974,78.459413,75.017971,3.578529,96.035671,98.812077,5.243446
2011-03-01,2011,3,1,6.123233995736766e-17,5.314461,79.080937,81.461386,5.314461,0.8825787506339777,5.314461809658222,1492.695652173913,102.71692556934796,1262,1585,1262,1530,1492.695652173913,1492.695652173913,23,323,268,21.236133122028523,114.64,10.528345545699969,45.42686794367627,12,0,0,79.080937,81.461386,5.314461,71.832159,65.078889,15.092287,79.97367,72.973303,1.689458,79.402813,75.881902,4.771372,96.685658,99.515365,3.473492
2011-04-01,2011,4,0.8660254037844387,-0.49999999999999983,6.484777,80.291835,83.44447,6.484777,2.4343852926833165,6.484775808914556,1342.5555555555557,87.39512856407974,1250,1520,1520,1269,1342.5555555555557,1342.5555555555557,18,270,-251,-16.513157894736842,123.26,7.519190509420803,45.31950011789674,12,0,0,80.291835,83.44447,6.484777,74.132685,68.175712,19.14034,80.735628,74.262141,3.937174,79.71728,76.02589,4.761905,96.848155,100.042832,3.07971
2011-05-01,2011,5,0.49999999999999994,-0.8660254037844387,6.274459,81.171547,84.146813,6.274459,0.8416890897623208,6.274459443820857,1352.4,66.43825784337785,1271,1480,1292,1480,1352.4,1352.4,20,209,188,14.55108359133126,114.99,-6.709394775271793,51.402238314680694,12,0,0,81.171547,84.146813,6.274459,74.88212,69.044885,20.125405,81.122606,74.932962,5.490532,80.031746,77.177798,6.138614,97.010652,99.86701,2.342342
2011-06-01,2011,6,1.2246467991473532e-16,-1,6.726633,81.937414,84.559955,6.726633,0.4909775965014962,6.726632610385375,1433.2272727272727,28.86575136267202,1400,1489,1485,1413,1433.2272727272727,1433.2272727272727,22,89,-72,-4.848484848484846,113.83,-1.0087833724671702,52.26056714820759,12,0,0,81.937414,84.559955,6.726633,75.773806,70.206062,22.520917,81.323453,75.264091,5.921519,80.503446,77.465775,6.95825,97.173149,100.042832,3.07971
2011-07-01,2011,7,-0.4999999999999998,-0.8660254037844388,6.765548,82.103007,84.756198,6.765548,0.23207557288789094,6.7655472178145715,1365.5238095238096,60.509188597781616,1264,1453,1422,1264,1365.5238095238096,1365.5238095238096,21,189,-158,-11.111111111111116,116.97,2.758499516823343,54.76316485842816,12,0,0,82.103007,84.756198,6.765548,76.736394,71.405084,24.022718,81.819003,75.727825,4.991314,81.132379,78.041728,7.539683,97.335646,100.394476,3.442029
2011-08-01,2011,8,-0.8660254037844384,-0.5000000000000004,7.086308,82.930971,85.220983,7.086308,0.5483787746118685,7.086307539958958,1386.9545454545455,137.31419559422218,1253,1619,1256,1619,1386.9545454545455,1386.9545454545455,22,366,363,28.90127388535031,110.22,-5.770710438573989,43.068535825545155,12,0,0,82.930971,85.220983,7.086308,77.693085,72.678146,23.861226,82.13306,76.251121,5.974642,81.132379,78.185717,7.100592,97.498143,100.394476,3.442029
2011-09-01,2011,9,-1,-1.8369701987210297e-16,7.727273,83.262157,85.67544,7.727273,0.533268901627193,7.727273138781521,1840.409090909091,77.52889420873638,1682,1928,1682,1899,1840.409090909091,1840.409090909091,22,246,217,12.901307966706298,112.83,2.3679912901469757,44.95118191161356,12,0,0,83.262157,85.67544,7.727273,78.482167,73.391793,24.366446,82.146008,76.207126,5.2612120000000004,81.761313,79.049647,8.498024,98.310627,100.921943,3.985507
2011-10-01,2011,10,-0.8660254037844386,0.5000000000000001,8.363636,83.593342,86.18154,8.363636,0.5907177132676633,8.363637223232544,2072.4761904761904,100.25448570892927,1885,2173,1886,1965,2072.8571428571427,2072.4761904761904,21,288,79,4.188759278897147,109.55,-2.907028272622536,32.51481795088906,12,0,0,83.593342,86.18154,8.363636,79.717327,74.625184,26.203482,82.825731,77.260474,7.023723,82.233012,80.63352,10.23622,98.473124,101.097765,3.790614
2011-11-01,2011,11,-0.5000000000000004,0.8660254037844384,8.582524,84.141869,86.635997,8.582524,0.5273252253324756,8.582524131180925,1835.3181818181818,41.078770283022926,1759,1912,1912,1846,1835.3181818181818,1835.3181818181818,22,153,-66,-3.451882845188281,110.77,1.1136467366499314,29.889774859287055,12,0,0,84.141869,86.635997,8.582524,80.926295,75.63686,26.203804,83.088444,77.731829,7.171133,82.233012,81.065485,10.826772,98.960615,102.504343,3.736655
2011-12-01,2011,12,-2.4492935982947064e-16,1,9.01343,84.410957,87.193739,9.01343,0.6437762815841852,9.01343000618331,1868.8235294117646,48.46162824095685,1738,1930,1862,1738,1868.8235294117646,1868.8235294117646,17,192,-124,-6.659505907626206,107.87,-2.618037374740445,17.95516675779114,12,0,0,84.410957,87.193739,9.01343,81.52842,76.223793,24.98173,83.730809,78.991011,10.055897,82.547479,81.497451,11.198428,99.123112,102.855987,5.786618
2012-01-01,2012,1,0.49999999999999994,0.8660254037844387,8.91433,84.855988,87.451953,8.91433,0.2961382353382058,8.914329839127477,1039.3809523809523,287.1582274967019,680,1624,1624,680,1040.6666666666665,1039.3809523809523,21,944,-944,-58.128078817733986,110.69,2.614257903031425,14.680895151263984,12,0,0,84.855988,87.451953,8.91433,81.983343,76.665098,24.573932,84.667765,79.360459,10.178972,82.861946,82.649358,10.172745,99.610602,103.207632,4.821429
2012-02-01,2012,2,0.8660254037844386,0.5000000000000001,8.928115,85.073328,87.958053,8.928115,0.5787177788928233,8.928114831301027,702.6190476190476,32.32410275703904,647,750,662,750,702.6190476190476,702.6190476190476,21,103,88,13.293051359516618,119.33,7.805583160177076,15.050134978789043,12,0,0,85.073328,87.958053,8.928115,81.94985,76.431894,22.071723,85.313893,80.206456,11.355426,83.333646,82.361381,9.788868,100.098093,103.735098,4.982206
2012-03-01,2012,3,1,6.123233995736766e-17,8.786611,85.456262,88.619081,8.786611,0.7515264122547105,8.786610873524769,858.9545454545455,55.06660665803886,763,934,763,934,858.9545454545455,858.9545454545455,22,171,171,22.41153342070774,125.45,5.128634878069227,9.429518492672706,12,0,0,85.456262,88.619081,8.786611,83.047222,78.297319,20.311394,85.747577,80.651032,10.521285,84.277045,82.50537,8.728653,100.585584,104.614209,5.123675
2012-04-01,2012,4,0.8660254037844387,-0.49999999999999983,7.661839,86.284226,89.837852,7.661839,1.3752918516498847,7.661840263351194,1020.5263157894736,87.9143323045873,926,1156,934,1155,1020.5263157894736,1020.5263157894736,19,230,221,23.66167023554604,119.75,-4.543642885611798,-2.8476391367840415,12,0,0,86.284226,89.837852,7.661839,83.814055,79.248525,16.241581,86.039497,81.062332,9.157008,84.748745,82.50537,8.522727,100.748081,104.790031,4.745167
2012-05-01,2012,5,0.49999999999999994,-0.8660254037844387,7.610163,87.433027,90.550522,7.610163,0.7932847726590753,7.610162252966135,1103.695652173913,72.2687124447293,923,1165,1152,923,1103.695652173913,1103.695652173913,23,242,-229,-19.87847222222222,110.34,-7.858037578288101,-4.0438298982520156,12,0,0,87.433027,90.550522,7.610163,84.033941,79.107419,14.573902,86.252872,81.092013,8.219414,84.748745,82.50537,6.902985,100.748081,104.438387,4.577465
2012-06-01,2012,6,1.2246467991473532e-16,-1,7.805057,87.878057,91.159908,7.805057,0.6729790028156879,7.805057370241042,937.421052631579,45.93995572661931,872,1004,904,1004,937.421052631579,936.9473684210526,19,132,100,11.061946902654874,95.16,-13.75747688961393,-16.401651585697973,12,0,0,87.878057,91.159908,7.805057,83.387828,77.597493,10.528196,86.066085,80.43317,6.867923,85.063212,82.217393,6.133829,101.073075,104.790031,4.745167
2012-07-01,2012,7,-0.4999999999999998,-0.8660254037844388,8.030709,88.157495,91.562722,8.030709,0.4418762686772215,8.030709447349205,1056.4545454545455,82.18314464699719,897,1162,1013,897,1056.4545454545455,1056.4545454545455,22,265,-116,-11.45113524185587,102.62,7.839428331231613,-12.268102932375813,12,0,0,88.157495,91.562722,8.030709,82.676031,76.135115,6.624222,86.95093,81.891274,8.13895,85.063212,82.217393,5.350554,101.235571,104.790031,4.378284
2012-08-01,2012,8,-0.8660254037844384,-0.5000000000000004,7.792995,88.426584,91.86225,7.792995,0.3271287631663178,7.792995065546249,758.9130434782609,58.78691338870201,703,878,878,703,758.9130434782609,758.9130434782609,23,175,-175,-19.93166287015945,113.36,10.465796141103102,2.8488477590274064,12,0,0,88.426584,91.86225,7.792995,82.42116,75.307712,3.618097,87.179964,81.763252,7.228918,85.534912,82.073404,4.972376,101.073075,104.614209,4.203152
2012-09-01,2012,9,-1,-1.8369701987210297e-16,7.643159,89.140703,92.22375,7.643159,0.39352399924885706,7.643158879604228,707.05,43.73782537370888,661,774,698,766,707.05,707.05,20,113,68,9.742120343839545,112.86,-0.44107268877910943,0.026588673225202974,12,0,0,89.140703,92.22375,7.643159,82.657309,75.527515,2.910029,87.914564,83.106834,9.053889,86.163845,83.657277,5.82878,101.560565,105.844965,4.878049
2012-10-01,2012,10,-0.8660254037844386,0.5000000000000001,7.658198,89.523636,92.781492,7.658198,0.6047704631399142,7.658196871394973,952.4347826086956,100.48601263448492,777,1109,777,1026,952.4347826086956,952.4347826086956,23,332,249,32.04633204633205,111.71,-1.0189615452773415,1.971702418986765,12,0,0,89.523636,92.781492,7.658198,83.014739,75.699822,1.440047,88.74029,84.846226,9.818413,86.792778,85.673115,6.25,101.885559,106.196609,5.043478
2012-11-01,2012,11,-0.5000000000000004,0.8660254037844384,7.439199,90.403348,93.081021,7.439199,0.32283270460879976,7.439198743219877,1024.6363636363637,63.7222734883819,916,1104,1000,1086,1024.6363636363637,1024.6363636363637,22,188,86,8.600000000000009,109.06,-2.3722137677915978,-1.5437392795883298,12,0,0,90.403348,93.081021,7.439199,83.55827,76.946932,1.732054,89.34311,85.938871,10.558149,86.950011,86.825022,7.104796,101.885559,106.548253,3.945111
2012-12-01,2012,12,-2.4492935982947064e-16,1,7.225776,90.682786,93.494163,7.225776,0.44385202865360185,7.225775694743408,855.6875,135.08995459816148,699,1077,1077,699,855.6875,855.6875,16,378,-378,-35.0974930362117,109.49,0.3942783788740023,1.5018077315286815,12,0,0,90.682786,93.494163,7.225776,84.137617,77.539473,1.726075,89.075239,85.062198,7.685921,87.264478,86.825022,6.537102,102.048056,106.724076,3.760684
2013-01-01,2013,1,0.49999999999999994,0.8660254037844387,7.487894,91.231313,94.000263,7.487894,0.5413172157068269,7.487894524208061,770.5909090909091,43.63338508954232,698,838,698,760,770.5909090909091,770.5909090909091,22,140,62,8.882521489971351,112.96,3.169239199926932,2.050772427500225,12,0,0,91.231313,94.000263,7.487894,84.99303,78.503983,2.398595,89.915765,85.318406,7.50745,87.578944,87.544965,5.923345,102.210553,107.07572,3.747871
2013-02-01,2013,2,0.8660254037844386,0.5000000000000001,7.327384,91.396905,94.403077,7.327384,0.428524332958502,7.327383656389008,744.95,5.7626291514240355,735,757,750,757,744.95,744.95,20,22,7,0.9333333333333416,116.05,2.7354815864022664,-2.748680130729908,12,0,0,91.396905,94.403077,7.327384,85.599919,79.51476,4.033481,90.282855,85.81281,6.989904,88.365111,87.112999,5.7692310000000004,103.185534,108.65812,4.745763
2013-03-01,2013,3,1,6.123233995736766e-17,7.156177,91.893684,94.960819,7.156177,0.5908091322065712,7.156176670349357,876.1,51.12924798977588,776,935,776,910,876.1,876.1,20,159,134,17.268041237113408,108.47,-6.531667384747952,-13.535273017138305,12,0,0,91.893684,94.960819,7.156177,86.460853,80.588819,2.926665,90.785946,86.219972,6.904982,89.465744,86.969011,5.410122,103.348031,109.009764,4.201681
2013-04-01,2013,4,0.8660254037844387,-0.49999999999999983,6.047367,92.493958,95.270676,6.047367,0.3262998395159089,6.047366315036107,874,11.47170431975999,856,896,896,863,874,874,21,40,-33,-3.6830357142857095,102.25,-5.73430441596755,-14.613778705636749,12,0,0,92.493958,95.270676,6.047367,87.285195,82.077495,3.569745,91.081004,86.565339,6.788613,89.622977,87.400976,5.933682,103.185534,108.482298,3.52349
2013-05-01,2013,5,0.49999999999999994,-0.8660254037844387,5.543515,92.773396,95.570205,5.543515,0.3143978951088755,5.543516358746126,851.3809523809524,28.295717326966976,809,892,862,809,851.3809523809524,851.3809523809524,21,83,-53,-6.148491879350349,102.56,0.3031784841075913,-7.050933478339683,12,0,0,92.773396,95.570205,5.543515,87.438772,82.49201,4.278475,91.212584,86.766942,6.998136,89.465744,87.400976,5.933682,103.023037,108.130653,3.535354
2013-06-01,2013,6,1.2246467991473532e-16,-1,5.007931,92.990737,95.725133,5.007931,0.16210910084371033,5.007930679350836,940.5,129.6560226542767,801,1171,806,1171,940.5,940.5,20,370,365,45.285359801488845,102.92,0.35101404056161467,8.154686843211433,12,0,0,92.990737,95.725133,5.007931,87.482952,82.639161,6.497205,91.439501,87.036006,8.209096,89.622977,87.400976,6.304729,102.860541,107.779009,2.852349
2013-07-01,2013,7,-0.4999999999999998,-0.8660254037844388,4.65877,93.15633,95.828419,4.65877,0.10789851814569928,4.658770410953927,1123.1304347826087,32.07704411091023,1062,1179,1179,1062,1123.1304347826087,1123.1304347826087,23,117,-117,-9.92366412213741,107.93,4.867858530897795,5.174429935685043,12,0,0,93.15633,95.828419,4.65877,87.656355,82.558694,8.437078,92.073841,87.10083,6.361551,90.566377,87.688953,6.654991,102.535547,106.548253,1.677852
2013-08-01,2013,8,-0.8660254037844384,-0.5000000000000004,4.699798,93.37367,96.17959,4.699798,0.36645809631901116,4.69979779506815,1088.095238095238,59.467558182512214,996,1169,1066,1132,1088.095238095238,1087.5714285714287,21,173,66,6.191369606003749,111.28,3.1038636153062127,-1.834862385321101,12,0,0,93.37367,96.17959,4.699798,87.922614,82.639159,9.735322,92.435153,87.681569,7.238358,90.880844,88.120918,7.368421,102.37305,105.669142,1.008403
2013-09-01,2013,9,-1,-1.8369701987210297e-16,4.670176,93.60136,96.530761,4.670176,0.3651200842091251,4.670175524200659,1680.5238095238096,318.4343918372541,1139,2127,1139,2003,1680.5238095238096,1680.5238095238096,21,988,864,75.85601404741,111.6,0.28756290438531895,-1.1164274322169154,12,0,0,93.60136,96.530761,4.670176,89.507505,85.006921,12.55093,92.700448,88.064823,5.965802,91.352544,88.84086,6.196213,102.37305,105.49332,-0.332226
2013-10-01,2013,10,-0.8660254037844386,0.5000000000000001,4.31927,93.818701,96.788975,4.31927,0.2674940063924325,4.319269838859663,1883.1739130434783,202.04739591894884,1484,2146,1994,1504,1883.1739130434783,1883.1739130434783,23,662,-490,-24.573721163490468,109.08,-2.2580645161290325,-2.3543102676573224,12,0,0,93.818701,96.788975,4.31927,89.460724,84.806284,12.029701,93.062155,88.944679,4.830448,91.509777,89.560803,4.537815,102.37305,105.49332,-0.662252
2013-11-01,2013,11,-0.5000000000000004,0.8660254037844384,4.260985,94.149887,97.047189,4.260985,0.26678038485272726,4.260984631872478,1558.857142857143,80.93904231845451,1483,1821,1525,1821,1558.857142857143,1558.857142857143,21,338,296,19.40983606557376,107.79,-1.1826182618261738,-1.1644966073720897,12,0,0,94.149887,97.047189,4.260985,89.706439,85.1469,10.656654,93.30238,89.620137,4.283587,91.66701,90.280745,3.9801,102.535547,104.790031,-1.650165
2013-12-01,2013,12,-2.4492935982947064e-16,1,3.899691,94.418975,97.140146,3.899691,0.09578536066614518,3.899690507951825,2178.0588235294117,136.49014185474866,1865,2337,1865,2277,2178.0588235294117,2178.0588235294117,17,472,412,22.091152815013416,110.76,2.7553576398552826,1.1599232806649207,12,0,0,94.418975,97.140146,3.899691,90.152199,85.612073,10.410955,93.434145,90.237261,6.083857,91.824243,90.280745,3.9801,102.37305,104.438387,-2.14168
2014-01-01,2014,1,0.49999999999999994,0.8660254037844387,3.614987,95.195192,97.398361,3.614987,0.26581697746264066,3.614987758066146,1472.409090909091,306.35594907307984,1110,2113,2113,1110,1472.409090909091,1472.409090909091,22,1003,-1003,-47.46805489824894,108.12,-2.3835319609967542,-4.284702549575059,12,0,0,95.195192,97.398361,3.614987,91.122194,86.465947,10.142114,94.310792,91.289999,6.999184,92.453177,91.864617,4.934211,102.535547,104.965854,-1.970443
2014-02-01,2014,2,0.8660254037844386,0.5000000000000001,3.544858,95.629873,97.749532,3.544858,0.36055124171956443,3.5448579711019335,1139.85,57.50173910413493,1084,1258,1093,1258,1139.85,1139.85,20,174,165,15.096065873741992,108.9,0.7214206437291981,-6.16113744075829,12,0,0,95.629873,97.749532,3.544858,91.468702,86.779662,9.136545,94.954751,91.999659,7.209702,93.55381,92.296583,5.950413,102.698044,105.141676,-3.236246
2014-03-01,2014,3,1,6.123233995736766e-17,3.208614,95.961058,98.007746,3.208614,0.26415880947643355,3.208614913062191,1484.142857142857,98.26102264595342,1276,1621,1276,1362,1484.142857142857,1484.142857142857,21,345,86,6.739811912225702,107.48,-1.3039485766758507,-0.9126947543099395,12,0,0,95.961058,98.007746,3.208614,91.880099,87.267179,8.286955,95.539062,93.628138,8.59217,94.654443,93.736467,7.781457,102.37305,104.965854,-3.709677
2014-04-01,2014,4,0.8660254037844387,-0.49999999999999983,3.241544,96.726925,98.358917,3.241544,0.3583094340318782,3.241544124238205,1045.35,126.66710410820124,930,1316,1316,943,1045.35,1045.35,20,386,-373,-28.34346504559271,107.76,0.2605135839225836,5.388753056234719,12,0,0,96.726925,98.358917,3.241544,92.878297,88.714342,8.086074,96.455378,94.279545,8.911426,95.283376,95.032363,8.731466,103.023037,104.438387,-3.727715
2014-05-01,2014,5,0.49999999999999994,-0.8660254037844387,3.188155,96.954616,98.617131,3.188155,0.26252220731548537,3.1881547183036707,992.6666666666666,28.448784391135824,934,1027,993,934,992.6666666666666,990.2857142857143,21,93,-59,-5.941591137965762,109.54,1.6518188567186343,6.805772230889229,12,0,0,96.954616,98.617131,3.188155,93.820432,89.823203,8.887154,96.742577,95.350604,9.892779,95.440609,95.752305,9.555189,102.860541,104.086743,-3.739837
2014-06-01,2014,6,1.2246467991473532e-16,-1,3.182995,97.223704,98.77206,3.182995,0.15710150805339218,3.182995838720837,911.5714285714286,57.44264219947706,824,1004,934,850,911.5714285714286,911.5714285714286,21,180,-84,-8.993576017130621,111.8,2.063173270038332,8.62806062961523,12,0,0,97.223704,98.77206,3.182995,93.95037,89.589041,8.409911,97.034639,95.808764,10.079457,95.755076,95.896293,9.719934,102.860541,104.086743,-3.425775
2014-07-01,2014,7,-0.4999999999999998,-0.8660254037844388,3.222677,97.337549,98.916659,3.222677,0.14639666318592148,3.222676563201987,795.5652173913044,67.2166281422553,723,894,894,755,795.5652173913044,795.5652173913044,23,171,-139,-15.548098434004476,106.77,-4.4991055456171765,-1.0747706847030636,12,0,0,97.337549,98.916659,3.222677,94.38098,90.037347,9.058589,97.195964,94.910209,8.965907,96.541242,95.752305,9.195402,102.860541,103.559276,-2.805281
2014-08-01,2014,8,-0.8660254037844384,-0.5000000000000004,2.899485,97.606637,98.968302,2.899485,0.05220859713832571,2.899484183702583,937.1,149.73938763907884,751,1147,751,1147,937.1,937.1,20,396,396,52.72969374167775,101.61,-4.832818207361611,-8.689791516894319,12,0,0,97.606637,98.968302,2.899485,95.272032,91.60879,10.853971,97.439992,95.197141,8.571439,96.855709,96.472247,9.477124,102.535547,102.680165,-2.828619
2014-09-01,2014,9,-1,-1.8369701987210297e-16,2.685641,97.77223,99.123231,2.685641,0.15654406195633186,2.685641315932452,1122.7272727272727,53.17104638015104,1038,1197,1151,1063,1122.7272727272727,1122.7272727272727,22,159,-88,-7.645525629887051,97.09,-4.4483810648558215,-13.001792114695332,12,0,0,97.77223,99.123231,2.685641,95.412472,92.143586,8.395393,97.59371,95.42699,8.35994,96.855709,96.472247,8.589951,102.535547,102.328521,-3
2014-10-01,2014,10,-0.8660254037844386,0.5000000000000001,2.518408,97.886075,99.226516,2.518408,0.1041985808553747,2.518407700877101,1100.9565217391305,173.66830407963693,930,1428,1055,1428,1100.9565217391305,1100.9565217391305,23,498,373,35.355450236966824,87.43,-9.949531362653207,-19.847818115144843,12,0,0,97.886075,99.226516,2.518408,95.209233,91.730456,8.164692,97.710384,95.578833,7.458742,97.012942,96.472247,7.717042,102.37305,102.152698,-3.166667
2014-11-01,2014,11,-0.5000000000000004,0.8660254037844384,2.501064,98.165513,99.474402,2.501064,0.2498183046152569,2.501064713991874,1332.15,93.4627846004128,1153,1484,1456,1153,1332.15,1332.15,20,331,-303,-20.810439560439566,79.44,-9.138739563079046,-26.301141107709437,12,0,0,98.165513,99.474402,2.501064,95.166216,91.56579,7.538606,97.929002,96.096,7.225902,97.012942,96.904212,7.336523,101.723062,101.976876,-2.684564
2014-12-01,2014,12,-2.4492935982947064e-16,1,2.562467,97.937823,99.62933,2.562467,0.1557466010200237,2.5624668095516334,909.6111111111111,115.69541090542512,782,1137,1137,782,909.6111111111111,909.6111111111111,18,355,-355,-31.222515391380824,62.34,-21.525679758308147,-43.716143011917666,12,0,0,97.937823,99.62933,2.562467,95.578348,92.213176,7.710481,97.763725,96.58445,7.033889,96.855709,96.616236,7.017544,101.560565,101.625232,-2.693603
2015-01-01,2015,1,0.49999999999999994,0.8660254037844387,2.290562,98.71404,99.62933,2.290562,0,2.2905611317217245,725.1904761904761,44.567498300464486,608,771,771,608,725.1904761904761,725.1904761904761,21,163,-163,-21.141374837872895,47.76,-23.387872954764198,-55.826859045504996,12,0,0,98.71404,99.62933,2.290562,96.157799,93.101516,7.674199,98.518149,97.221561,6.497494,96.698475,97.480166,6.112853,101.235571,101.976876,-2.847571
2015-02-01,2015,2,0.8660254037844386,0.5000000000000001,2.134404,98.331106,99.835902,2.134404,0.20734054921378586,2.134404080829766,542.4444444444445,23.993190755178418,509,590,590,540,542.4444444444445,542.4444444444445,18,81,-50,-8.47457627118644,58.1,21.649916247906198,-46.648301193755735,12,0,0,98.331106,99.835902,2.134404,96.598536,94.326158,8.696157,98.352608,98.062113,6.589649,97.327409,97.912131,6.084243,101.235571,102.152698,-2.842809
2015-03-01,2015,3,1,6.123233995736766e-17,1.865318,98.651942,99.835902,1.865318,0,1.865317869875316,575.9545454545455,17.605403047082344,548,602,548,602,575.9545454545455,575.9545454545455,22,54,54,9.85401459854014,55.89,-3.8037865748709154,-47.99962783773726,12,0,0,98.651942,99.835902,1.865318,97.679681,96.827732,10.955497,98.789346,98.773853,5.495907,98.585275,98.632074,5.222734,101.235571,101.976876,-2.847571
2015-04-01,2015,4,0.8660254037844387,-0.49999999999999983,1.501628,99.697247,99.835902,1.501628,0,1.5016279611943961,591.35,8.474574977698383,578,601,596,591,591.35,591.35,20,23,-5,-0.8389261744966459,59.52,6.494900697799255,-44.766146993318486,12,0,0,99.697247,99.835902,1.501628,99.456056,100.619416,13.41956,99.281816,99.167177,5.184191,99.528675,99.208027,4.393939,100.26059,101.44941,-2.861953
2015-05-01,2015,5,0.49999999999999994,-0.8660254037844387,1.288228,99.86284,99.887545,1.288228,0.05172788442378007,1.28822851275201,597,22.360679774997898,573,637,587,589,597.3157894736842,597,19,64,2,0.34071550255536653,64.08,7.661290322580627,-41.500821617673914,12,0,0,99.86284,99.887545,1.288228,100.263556,101.682715,13.203172,99.65156,99.617657,4.475119,99.685908,99.783981,4.210526,100.098093,101.097765,-2.871622
2015-06-01,2015,6,1.2246467991473532e-16,-1,1.024783,100.256123,99.784259,1.024783,-0.10340228103513649,1.024782716893835,699.0454545454545,93.37098421158842,589,829,589,800,699.0454545454545,699.0454545454545,22,240,211,35.82342954159592,61.48,-4.057428214731584,-45.008944543828264,12,0,0,100.256123,99.784259,1.024783,100.558615,101.580835,13.385336,99.990365,99.75326,4.117052,100.157608,99.783981,4.054054,99.935596,100.570299,-3.378378
2015-07-01,2015,7,-0.4999999999999998,-0.8660254037844388,0.981518,100.359619,99.887545,0.981518,0.10350931202485203,0.9815191999155592,975.3478260869565,128.10422202099642,794,1131,794,1131,975.3478260869565,975.3478260869565,23,337,337,42.44332493702772,56.56,-8.00260247234872,-47.026318254191246,12,0,0,100.359619,99.887545,0.981518,100.630721,100.968493,12.140679,100.387203,99.934346,5.293568,101.101008,99.783981,4.210526,99.935596,99.691188,-3.735144
2015-08-01,2015,8,-0.8660254037844384,-0.5000000000000004,1.085368,100.525211,100.042473,1.085368,0.15510242042688915,1.0853687274537727,1065.55,108.14633117849363,903,1222,1151,903,1065.55,1065.55,20,319,-248,-21.546481320590793,46.52,-17.751060820367748,-54.217104615687425,12,0,0,100.525211,100.042473,1.085368,100.837906,100.703442,9.927707,100.70495,100.445123,5.512752,101.101008,100.503923,4.179104,99.610602,98.987899,-3.59589
2015-09-01,2015,9,-1,-1.8369701987210297e-16,1.073252,100.690804,100.187073,1.073252,0.14453861011611835,1.073251940304476,888.6818181818181,51.024164549410976,802,978,911,900,888.8636363636364,888.6818181818181,22,176,-11,-1.207464324917673,47.62,2.364574376612194,-50.95272427644454,12,0,0,100.690804,100.187073,1.073252,101.105731,101.184752,9.81204,100.837315,100.880078,5.714409,101.101008,100.647912,4.328358,99.285609,98.460432,-3.780069
2015-10-01,2015,10,-0.8660254037844386,0.5000000000000001,1.176226,100.970242,100.393644,1.176226,0.2061852830055111,1.176225919289542,793,52.529356871499324,721,889,888,721,793,793,22,168,-167,-18.806306306306308,48.43,1.7009659806803912,-44.60711426283884,12,0,0,100.970242,100.393644,1.176226,101.608609,102.072152,11.274004,100.999887,101.650073,6.352075,101.415474,101.367854,5.0746270000000004,98.960615,97.932966,-4.130809
2015-11-01,2015,11,-0.5000000000000004,0.8660254037844384,0.872184,101.02199,100.342001,0.872184,-0.05144050752854401,0.8721831773364164,582.2380952380952,59.15987217861848,498,706,706,584,583.3333333333334,582.2380952380952,21,208,-122,-17.280453257790374,44.27,-8.589717117489148,-44.27240684793554,12,0,0,101.02199,100.342001,0.872184,102.135072,103.170575,12.673713,101.172799,102.387582,6.547185,101.572708,102.231784,5.497771,99.123112,98.108788,-3.793103
2015-12-01,2015,12,-2.4492935982947064e-16,1,0.715322,100.970242,100.342001,0.715322,0,0.7153224858583274,519.1666666666666,44.91462489447913,471,598,598,478,519.1666666666666,519.1666666666666,18,127,-120,-20.06688963210702,38.01,-14.140501468262945,-39.027911453320506,12,0,0,100.970242,100.342001,0.715322,103.231327,104.438893,13.258103,101.377295,102.24893,5.864796,101.887174,102.807738,6.408346,99.123112,97.757143,-3.806228
2016-01-01,2016,1,0.49999999999999994,0.8660254037844387,1.17147,101.353176,100.796458,1.17147,0.4529080499401372,1.1714702889199513,386.3,48.50187191178674,317,473,473,317,386.3,386.3,20,156,-156,-32.98097251585623,30.7,-19.23178111023415,-35.72026800670016,12,0,0,101.353176,100.796458,1.17147,103.636514,104.931799,12.706863,103.778696,103.171547,6.120027,102.673341,104.535599,7.237814,99.123112,97.932966,-3.965517
2016-02-01,2016,2,0.8660254037844386,0.5000000000000001,1.572522,101.291078,101.405843,1.572522,0.6045698550240841,1.5725214762921658,306.9047619047619,13.144979124763804,290,329,314,329,306.9047619047619,306.9047619047619,21,39,15,4.777070063694278,32.18,4.820846905537457,-44.61273666092943,12,0,0,101.291078,101.405843,1.572522,103.202707,104.485058,10.769972,104.395931,105.152988,7.231003,104.08844,107.127391,9.411765,98.960615,97.932966,-4.130809
2016-03-01,2016,3,1,6.123233995736766e-17,1.882888,101.684361,101.7157,1.882888,0.3055612880216385,1.882887781191167,383.3333333333333,27.013576833387564,332,429,332,429,383.3333333333333,383.3333333333333,21,97,97,29.216867469879524,38.21,18.73834679925419,-31.633565933082842,12,0,0,101.684361,101.7157,1.882888,103.982687,105.939055,9.409829,105.206764,108.377746,9.723113,105.03184,109.143229,10.656934,98.798118,97.757143,-4.137931
2016-04-01,2016,4,0.8660254037844387,-0.49999999999999983,2.679495,102.543374,102.511,2.679495,0.7818851956974182,2.679494997701326,607.4761904761905,88.90197919485205,450,715,450,703,607.4761904761905,607.4761904761905,21,265,253,56.222222222222214,41.58,8.819680711855526,-30.141129032258075,12,0,0,102.543374,102.511,2.679495,104.701968,107.501792,6.840008,105.839198,110.121522,11.046341,105.97524,111.447044,12.33672,98.635621,97.405499,-3.986135
2016-05-01,2016,5,0.49999999999999994,-0.8660254037844387,2.719471,102.677919,102.603957,2.719471,0.09068002458272328,2.719470180191119,619.9,25.21048236453701,579,682,682,612,619.9,619.9,20,103,-70,-10.26392961876833,46.74,12.409812409812426,-27.059925093632952,12,0,0,102.677919,102.603957,2.719471,105.279235,108.381243,6.587677,106.37365,111.729197,12.158025,106.132473,111.735021,11.976912,98.310627,96.878032,-4.173913
2016-06-01,2016,6,1.2246467991473532e-16,-1,2.54632,102.895259,102.325086,2.54632,-0.27179361123469414,2.546320457217588,607.8636363636364,18.11417612322947,580,660,612,660,607.8636363636364,607.8636363636364,22,80,48,7.843137254901955,48.25,3.23063756953359,-21.519193233571887,12,0,0,102.895259,102.325086,2.54632,106.389016,110.612932,8.891537,106.721043,111.031687,11.306324,106.761406,111.735021,11.976912,98.635621,96.526388,-4.020979
2016-07-01,2016,7,-0.4999999999999998,-0.8660254037844388,2.68845,103.050502,102.572971,2.68845,0.24225242283206772,2.688449295655415,707.4285714285714,26.759244063634213,656,748,677,656,707.4285714285714,707.4285714285714,21,92,-21,-3.101920236336775,44.95,-6.839378238341965,-20.52687411598303,12,0,0,103.050502,102.572971,2.68845,107.066887,111.850218,10.777348,107.406923,112.163014,12.236703,107.704806,112.310974,12.554113,98.310627,95.998921,-3.703704
2016-08-01,2016,8,-0.8660254037844384,-0.5000000000000004,2.89077,103.216095,102.934471,2.89077,0.3524320261719005,2.890770203171611,672.9090909090909,30.480140436667302,631,720,650,711,672.9090909090909,672.9090909090909,22,89,61,9.38461538461539,45.84,1.979977753058959,-1.4617368873602765,12,0,0,103.216095,102.934471,2.89077,107.1462,111.633061,10.853272,107.585073,111.967371,11.471187,107.547573,113.318893,12.750716,98.310627,95.647277,-3.374778
2016-09-01,2016,9,-1,-1.8369701987210297e-16,3.092784,103.495533,103.285642,3.092784,0.3411597656143739,3.0927832376139053,827.7727272727273,77.335959613563,712,941,712,875,827.7727272727273,827.7727272727273,22,229,163,22.8932584269663,46.57,1.5924956369982368,-2.2049559008819775,12,0,0,103.495533,103.285642,3.092784,107.515433,112.251405,10.937076,107.798854,112.93708,11.951817,107.704806,113.462882,12.732475,97.985633000000007,95.647277,-2.857143
2016-10-01,2016,10,-0.8660254037844386,0.5000000000000001,3.261317,103.702524,103.667799,3.261317,0.3700001206363268,3.2613170212249853,868.4761904761905,38.97129590816688,798,922,864,857,868.4761904761905,868.4761904761905,21,124,-7,-0.810185185185186,49.52,6.334550139574846,2.2506710716498013,12,0,0,103.702524,103.667799,3.261317,108.184969,113.332912,11.032157,108.330633,113.564839,11.721356,108.176506,114.326812,12.784091,98.14813,95.998921,-1.974865
2016-11-01,2016,11,-0.5000000000000004,0.8660254037844384,3.82913,103.909515,104.184227,3.82913,0.49815661659800003,3.8291303359597295,1071.8181818181818,156.83556337576607,834,1257,838,1204,1071.8181818181818,1071.8181818181818,22,423,366,43.67541766109786,44.73,-9.672859450726989,1.0390783826518923,12,0,0,103.909515,104.184227,3.82913,108.955478,114.656475,11.132922,108.598174,114.266276,11.601694,108.648206,114.902766,12.394366,98.14813,96.526388,-1.612903
2016-12-01,2016,12,-2.4492935982947064e-16,1,3.962944,104.013011,104.318499,3.962944,0.1288793936149224,3.962944689532355,1049.5294117647059,110.28605852909222,914,1198,1196,961,1049.5294117647059,1049.4705882352941,17,284,-235,-19.64882943143813,53.31,19.181757209926232,40.25256511444357,12,0,0,104.013011,104.318499,3.962944,109.786108,116.160845,11.223742,108.775601,114.988466,12.459334,108.962672,115.910685,12.745098,98.14813,96.878032,-0.899281
2017-01-01,2017,1,0.49999999999999994,0.8660254037844387,4.416436,104.530489,105.248069,4.416436,0.8910883581635831,4.416435942620134,907.1428571428571,52.27646288176518,800,983,953,800,907.1428571428571,907.1428571428571,21,183,-153,-16.054564533053515,54.58,2.3822922528606183,77.78501628664496,12,0,0,104.530489,105.248069,4.416436,110.883813,118.09099,12.540708,112.286795,116.835519,13.243934,109.748839,117.638546,12.534435,98.473124,97.757143,-0.179533
2017-02-01,2017,2,0.8660254037844386,0.5000000000000001,4.196374,104.73748,105.661212,4.196374,0.392542118753747,4.19637456196682,759.45,65.12374859894773,685,878,786,859,759.45,759.45,20,193,73,9.287531806615767,54.87,0.5313301575668783,70.50963331261653,12,0,0,104.73748,105.661212,4.196374,112.79381,121.730132,16.504823,112.489156,117.081753,11.344201,110.849472,118.358488,10.483871,98.960615,99.163721,1.256732
2017-03-01,2017,3,1,6.123233995736766e-17,4.386677,105.254957,106.17764,4.386677,0.4887583534438189,4.38667776950854,1141.391304347826,136.30805323051925,871,1338,871,1297,1141.391304347826,1141.391304347826,23,467,426,48.90929965556832,51.59,-5.977765627847631,35.017011253598554,12,0,0,105.254957,106.17764,4.386677,114.67302,125.597199,18.556088,112.621624,116.330686,7.338167,111.478405,118.934442,8.970976,98.960615,98.987899,1.258993
2017-04-01,2017,4,0.8660254037844387,-0.49999999999999983,3.879093,106.082922,106.487497,3.879093,0.2918288634028876,3.879092975388021,1221.8333333333333,58.63772124614987,1109,1296,1282,1109,1221.8333333333333,1221.8333333333333,18,187,-173,-13.494539781591264,52.31,1.395619306067064,25.80567580567581,12,0,0,106.082922,106.487497,3.879093,116.721269,130.060276,20.984286,112.914536,116.492871,5.785744,111.635638,118.790454,6.589147,99.123112,98.636254,1.263538
2017-05-01,2017,5,0.49999999999999994,-0.8660254037844387,4.086974,106.289913,106.797354,4.086974,0.29097970064972944,4.086973955595119,973.1428571428571,47.984670171092894,878,1073,1073,878,973.1428571428571,973.1428571428571,21,195,-195,-18.17334575955266,50.33,-3.785127126744414,7.680787334189132,12,0,0,106.289913,106.797354,4.086974,117.592508,131.704737,21.519862,113.054839,115.9022,3.734926,111.792872,119.366407,6.829897,99.123112,98.636254,1.814882
2017-06-01,2017,6,1.2246467991473532e-16,-1,4.269708,106.496904,106.694068,4.269708,-0.09671213389799149,4.2697076257526945,860.2272727272727,31.4065989701919,818,929,850,901,860.2272727272727,860.2272727272727,22,111,51,6.000000000000005,46.37,-7.868070733161137,-3.8963730569948285,12,0,0,106.496904,106.694068,4.269708,116.183544,128.101772,15.810845,113.210756,116.139596,4.600407,112.107338,119.366407,6.829897,98.798118,98.28461,1.821494
2017-07-01,2017,7,-0.4999999999999998,-0.8660254037844388,4.319807,106.600399,107.003925,4.319807,0.2904163331742149,4.319806628200329,906.047619047619,56.069132497726585,820,980,882,946,906.047619047619,906.047619047619,21,160,64,7.256235827664392,48.48,4.550355833513042,7.85317018909899,12,0,0,106.600399,107.003925,4.319807,115.063281,125.481947,12.187486,113.255995,116.952617,4.270216,112.264572,119.510396,6.410256,98.473124,97.932966,2.014652
2017-08-01,2017,8,-0.8660254037844384,-0.5000000000000004,3.853101,106.703895,106.90064,3.853101,-0.09652449664813156,3.8531008723015514,1141.7727272727273,95.36343105553607,965,1266,965,1184,1141.7727272727273,1141.7727272727273,22,301,219,22.694300518134725,51.7,6.6419141914191515,12.78359511343805,12,0,0,106.703895,106.90064,3.853101,115.766777,126.784539,13.572573,113.354718,117.108431,4.59157,112.421805,119.222419,5.209657,98.473124,97.405499,1.838235
2017-09-01,2017,9,-1,-1.8369701987210297e-16,2.8,106.80739,106.17764,2.8,-0.6763289723990429,2.8000000232365263,1363.5238095238096,96.10807408725816,1183,1503,1183,1356,1363.5238095238096,1363.5238095238096,21,320,173,14.623837700760767,56.15,8.607350096711786,20.57118316512776,12,0,0,106.80739,106.17764,2.8,115.101198,125.157872,11.497822,113.797533,117.684754,4.203822,112.893505,119.222419,5.076142,98.798118,98.108788,2.573529
2017-10-01,2017,10,-0.8660254037844386,0.5000000000000001,2.421042,106.80739,106.17764,2.421042,0,2.421042044116306,1484.2272727272727,93.88287120925472,1308,1588,1328,1522,1484.2272727272727,1484.2272727272727,22,280,194,14.608433734939762,57.51,2.4220837043633203,16.134894991922444,12,0,0,106.80739,106.17764,2.421042,114.375152,122.930872,8.46882,113.924883,117.816751,3.744039,113.365205,119.942361,4.911839,100.26059,100.218654,4.395604
2017-11-01,2017,11,-0.5000000000000004,0.8660254037844384,1.715079,107.014381,105.971069,1.715079,-0.1945522616626172,1.7150791933216558,1453.8636363636363,55.81883574782284,1361,1578,1496,1578,1453.8636363636363,1453.8636363636363,22,217,82,5.481283422459904,62.71,9.041905755520773,40.196735971383866,12,0,0,107.014381,105.971069,1.715079,114.111091,121.290851,5.786307,114.219298,117.646377,2.958092,113.365205,120.374326,4.761905,101.073075,101.976876,5.64663
2017-12-01,2017,12,-2.4492935982947064e-16,1,1.089109,107.324868,105.454641,1.089109,-0.4873292351141645,1.0891088454023867,1618.6875,111.13998305440457,1366,1743,1626,1366,1618.6875,1618.6875,16,377,-260,-15.990159901599021,64.37,2.6471057247647867,20.746576627274436,12,0,0,107.324868,105.454641,1.089109,114.721597,121.591737,4.675321,114.39646,117.774322,2.422727,113.836904,120.806292,4.223602,101.560565,103.383454,6.715064
2018-01-01,2018,1,0.49999999999999994,0.8660254037844387,0.392542,107.73885,105.661212,0.392542,0.1958861156238889,0.392542118753747,1242,86.46882179639748,1125,1395,1230,1152,1242,1242,22,270,-78,-6.341463414634141,69.08,7.317073170731692,26.566507878343714,12,0,0,107.73885,105.661212,0.392542,116.234886,123.648316,4.70597,116.278845,119.151934,1.982629,114.465838,122.246176,3.916769,101.885559,103.735098,6.115108
2018-02-01,2018,2,0.8660254037844386,0.5000000000000001,0.391007,108.049337,106.074354,0.391007,0.3910063041866252,0.3910063041866252,1124.6,39.09556442737126,1082,1192,1114,1192,1124.6,1124.6,20,110,78,7.001795332136451,65.32,-5.442964678633477,19.04501549116091,12,0,0,108.049337,106.074354,0.391007,117.820223,126.397944,3.834557,116.448257,119.457584,2.029206,115.094771,122.390164,3.406326,101.885559,103.559276,4.432624
2018-03-01,2018,3,1,6.123233995736766e-17,0,108.256328,106.17764,0,0.09737132125262615,0,1154.2380952380952,45.53559570479425,1055,1212,1196,1055,1154.2380952380952,1154.2380952380952,21,157,-141,-11.789297658862875,66.02,1.0716472749540795,27.97053692576079,12,0,0,108.256328,106.17764,0,119.461382,128.349124,2.191072,116.579616,119.520224,2.741786,115.566471,122.390164,2.905569,101.723062,103.559276,4.618117
2018-04-01,2018,4,0.8660254037844387,-0.49999999999999983,-0.193986,109.705265,106.280926,-0.193986,0.09727660174025932,-0.19398615407404396,1128.9,169.56070175293382,948,1376,1016,1341,1128.9,1128.9,20,428,325,31.988188976377963,72.11,9.224477431081501,37.851271267444076,12,0,0,109.705265,106.280926,-0.193986,121.069261,130.392453,0.255402,116.957926,119.828905,2.863723,116.352637,122.82213,3.393939,101.723062,103.559276,4.991087
2018-05-01,2018,5,0.49999999999999994,-0.8660254037844387,-0.483559,109.808761,106.280926,-0.483559,0,-0.4835587967844224,1293.095238095238,153.58545007972103,1042,1476,1327,1090,1293.095238095238,1293.095238095238,21,434,-237,-17.85983421250942,76.98,6.75357093329636,52.95052652493544,12,0,0,109.808761,106.280926,-0.483559,122.23989,132.156543,0.343044,117.398838,120.424798,3.902082,116.667104,122.678141,2.774427,101.723062,103.559276,4.991087
2018-06-01,2018,6,1.2246467991473532e-16,-1,-0.677638,109.808761,105.971069,-0.677638,-0.29154525808327003,-0.6776374859003398,1351.6190476190477,76.23809821242669,1156,1445,1156,1385,1351.6190476190477,1351.6190476190477,21,289,229,19.809688581314887,74.41,-3.338529488178754,60.47013155057148,12,0,0,109.808761,105.971069,-0.677638,121.151678,129.255026,0.900264,117.692046,120.579651,3.823032,116.98157,122.82213,2.895054,101.723062,103.207632,5.008945
2018-07-01,2018,7,-0.4999999999999998,-0.8660254037844388,-1.158301,109.912256,105.764498,-1.158301,-0.19493150531491032,-1.1583005015937453,1649.7727272727273,89.43735866818253,1422,1774,1422,1747,1649.7727272727273,1649.7727272727273,22,352,325,22.855133614627277,74.25,-0.21502486224969086,53.155940594059416,12,0,0,109.912256,105.764498,-1.158301,120.06973,126.148926,0.531533,118.312599,120.399937,2.947621,117.92497,123.110106,3.012048,102.698044,104.086743,6.283662
2018-08-01,2018,8,-0.8660254037844384,-0.5000000000000004,-1.352657,109.912256,105.454641,-1.352657,-0.292968818326933,-1.352657009349989,1710.409090909091,46.64216270705446,1579,1773,1760,1579,1710.409090909091,1710.409090909091,22,194,-181,-10.284090909090903,72.53,-2.3164983164983166,40.29013539651838,12,0,0,109.912256,105.454641,-1.352657,120.440575,125.320207,-1.154977,118.353098,120.219862,2.65688,117.767737,122.966118,3.140097,103.185534,104.790031,7.581227
2018-09-01,2018,9,-1,-1.8369701987210297e-16,-0.972763,109.912256,105.144784,-0.972763,-0.2938296475733071,-0.9727622501309985,1447.35,63.845434243054605,1356,1557,1557,1540,1447.35,1447.35,20,201,-17,-1.0918432883750828,78.89,8.768785330208196,40.49866429207481,12,0,0,109.912256,105.144784,-0.972763,121.666865,125.786003,0.501871,119.245734,120.640458,2.511544,118.39667,123.398083,3.502415,104.160516,105.844965,7.885305
2018-10-01,2018,10,-0.8660254037844386,0.5000000000000001,-1.116245,110.615405,104.992437,-1.116245,-0.14489258925103332,-1.1162453789705595,1544.695652173913,30.750365530138893,1490,1584,1555,1490,1544.695652173913,1544.695652173913,23,94,-65,-4.180064308681675,81.03,2.712637850171129,40.89723526343245,12,0,0,110.615405,104.992437,-1.116245,120.70083,123.566063,0.516706,119.752667,121.364875,3.011562,119.025603,123.542072,3.0012,121.222691,127.119451,26.842105
2018-11-01,2018,11,-0.5000000000000004,0.8660254037844384,-0.779727,111.050707,105.144784,-0.779727,0.14510283250213085,-0.7797269649134075,1192,163.1980975612738,1003,1470,1470,1231,1192,1192,22,467,-239,-16.258503401360546,64.75,-20.091324200913242,3.2530696858555253,12,0,0,111.050707,105.144784,-0.779727,120.483799,123.382419,1.724423,120.564744,123.194378,4.715829,119.182836,124.118025,3.110048,132.434977,145.580782,42.758621
2018-12-01,2018,12,-2.4492935982947064e-16,1,-0.195886,111.154203,105.248069,-0.195886,0.09823121611054475,-0.19588706389886967,1335.125,61.57150314877817,1203,1406,1203,1271,1335.125,1335.125,16,203,68,5.652535328345798,57.36,-11.41312741312741,-10.89016622650304,12,0,0,111.154203,105.248069,-0.195886,121.272867,124.678383,2.538532,120.287543,123.856492,5.164258,119.025603,124.118025,2.741359,144.297251,158.767447,53.571429
2019-01-01,2019,1,0.49999999999999994,0.8660254037844387,0.007429,111.487665,105.669062,0.007429,0.4000006878986051,0.00742940559870231,1063.3181818181818,183.50045708095047,668,1282,1282,668,1063.3181818181818,1063.3181818181818,22,614,-614,-47.893915756630264,59.41,3.5739191073919097,-13.998262883613199,12,0,0,111.487665,105.669062,0.007429,121.695471,125.645336,1.615081,121.695136,125.999054,5.746545,118.86837,125.845887,2.944641,159.896954,169.844245,63.728814
2019-02-01,2019,2,0.8660254037844386,0.5000000000000001,-0.183642,111.709974,105.879558,-0.183642,0.1992030552897317,-0.18364099582449667,628.75,18.034688796871432,595,658,645,658,628.75,628.75,20,63,13,2.0155038759689825,63.96,7.658643326039405,-2.0820575627679028,12,0,0,111.709974,105.879558,-0.183642,122.694026,127.781673,1.09474,121.590915,126.487766,5.885086,119.81177,125.845887,2.823529,162.496904,175.8222,69.779287
2019-03-01,2019,3,1,6.123233995736766e-17,0.115759,111.821128,106.30055,0.115759,0.39761405124112414,0.11575883585281943,680.4285714285714,24.691236154902064,645,730,664,689,680.4285714285714,680.4285714285714,21,85,25,3.765060240963858,66.14,3.408380237648534,0.18176310209028212,12,0,0,111.821128,106.30055,0.115759,124.586199,132.560364,3.281082,121.822809,126.484702,5.827029,120.755169,126.277852,3.176471,169.646768,184.789132,78.438031
2019-04-01,2019,4,0.8660254037844387,-0.49999999999999983,0.414577,112.488053,106.721542,0.414577,0.39603934316425615,0.4145767416441348,773.25,91.15624238808766,672,1011,685,1011,773.25,773.25,20,339,326,47.5912408759124,71.23,7.695796794677956,-1.220357786714732,12,0,0,112.488053,106.721542,0.414577,125.569699,135.11998,3.625614,122.255103,126.190736,5.309096,121.384103,126.565829,3.048066,178.909092,199.206553,92.359932
2019-05-01,2019,5,0.49999999999999994,-0.8660254037844387,1.008746,112.599207,107.353031,1.008746,0.5917165252353751,1.0087463859695944,1035.6666666666667,46.66404754554981,936,1107,1031,1096,1035.6666666666667,1035.6666666666667,21,171,65,6.304558680892347,71.32,0.12635125649302914,-7.35255910626138,12,0,0,112.599207,107.353031,1.008746,126.504351,137.441731,3.999188,122.183785,125.782452,4.448962,121.855802,126.997794,3.521127,201.496161,234.370993,126.315789
2019-06-01,2019,6,1.2246467991473532e-16,-1,1.304094,112.821516,107.353031,1.304094,0,1.304093667300843,1174.4,91.56958814849071,1062,1354,1103,1354,1174.4,1174.4,20,292,251,22.756119673617413,64.22,-9.955131800336503,-13.694395914527613,12,0,0,112.821516,107.353031,1.304094,127.011235,138.516917,7.165594,122.32845,125.29609,3.911472,122.170269,127.429759,3.751465,280.469657,363.424488,252.129472
2019-07-01,2019,7,-0.4999999999999998,-0.8660254037844388,1.601465,113.043824,107.458279,1.601465,0.0980391508461409,1.6014646048809311,1869.7391304347825,219.08097660066332,1381,2191,1381,1868,1869.7391304347825,1869.7391304347825,23,810,487,35.26430123099205,63.92,-0.46714419184054057,-13.91245791245791,12,0,0,113.043824,107.458279,1.601465,127.389809,139.270295,10.401491,122.618252,124.53519,3.434597,122.641969,127.429759,3.508772,339.456033,435.863234,318.75
2019-08-01,2019,8,-0.8660254037844384,-0.5000000000000004,1.9,113.043824,107.458279,1.9,0,1.8999998302587917,1981.857142857143,211.20967916132201,1712,2378,1812,2378,1981.857142857143,1981.857142857143,21,666,566,31.23620309050772,59.04,-7.634543178973718,-18.59920033089756,12,0,0,113.043824,107.458279,1.9,127.649129,139.456685,11.280287,122.738577,125.156087,4.105997,122.956435,128.149701,4.215457,400.879863,516.741447,393.120805
2019-09-01,2019,9,-1,-1.8369701987210297e-16,2.500589,113.154978,107.774023,2.500589,0.29382938470472464,2.500589092465111,2254.714285714286,208.65381445282586,1823,2518,2442,1823,2254.714285714286,2254.714285714286,21,695,-619,-25.348075348075348,62.83,6.419376693766932,-20.35745975408797,12,0,0,113.154978,107.774023,2.500589,127.842997,139.907076,11.226267,123.1319,125.90393,4.362941,123.270902,128.437678,4.084014,471.89101,617.66339,483.554817
2019-10-01,2019,10,-0.8660254037844386,0.5000000000000001,2.549077,113.266133,107.668775,2.549077,-0.0976561856654512,2.549076939703765,1825.8695652173913,57.60942500843392,1731,1929,1809,1731,1825.8695652173913,1825.8695652173913,23,198,-78,-4.311774461028195,59.71,-4.965780678020049,-26.311242749598918,12,0,0,113.266133,107.668775,2.549077,128.267449,140.711417,13.875456,123.369205,126.189771,3.975529,123.270902,128.29369,3.846154,654.700028,916.385308,620.885201
2019-11-01,2019,11,-0.5000000000000004,0.8660254037844384,2.600688,113.377287,107.879271,2.600688,0.1955032923890876,2.6006872580574214,1419.2857142857142,130.9042179828988,1255,1697,1697,1528,1419.2857142857142,1419.2857142857142,21,442,-169,-9.958750736593991,63.21,5.861664712778425,-2.3783783783783763,12,0,0,113.377287,107.879271,2.600688,129.036857,142.46009,15.462229,123.547356,126.734169,2.873338,123.428135,128.725655,3.712297,769.097849,1123.679682,671.859903
2019-12-01,2019,12,-2.4492935982947064e-16,1,3,113.599595,108.405511,3,0.48780455700336844,2.9999999334904714,1380.7058823529412,190.54880106743073,1090,1606,1568,1090,1380.7058823529412,1380.7058823529412,17,516,-478,-30.484693877551017,67.31,6.486315456415137,17.346582984658298,12,0,0,113.599595,108.405511,3,129.952411,144.429756,15.841858,123.369205,126.019646,1.746501,123.742602,129.013632,3.944316,896.332925,1300.732638,719.269103
2020-01-01,2020,1,0.49999999999999994,0.8660254037844387,3.286853,114.044212,109.142248,3.286853,0.6796121278372924,3.286852304982135,726.04,146.6783555948184,487,976,976,487,726.04,726.04,25,489,-489,-50.10245901639344,63.65,-5.4375278561877955,7.136845648880663,12,0,0,114.044212,109.142248,3.286853,130.682953,145.893986,16.115719,124.188698,128.750143,2.18342,124.057069,130.597505,3.775744,916.320044,1333.963034,685.403727
2020-02-01,2020,2,0.8660254037844386,0.5000000000000001,3.578529,114.155366,109.668488,3.578529,0.4821597590696447,3.5785283501089005,460.6,41.61275108222934,411,535,466,535,460.6,460.6,20,124,69,14.806866952789699,55.66,-12.553024351924591,-12.976860537836155,12,0,0,114.155366,109.668488,3.578529,131.495729,147.873802,15.723795,124.571721,129.983545,2.763729,125.157702,131.173458,4.23341,1040.305182,1424.687289,710.3
2020-03-01,2020,3,1,6.123233995736766e-17,3.366337,114.26652,109.878984,3.366337,0.1919384536422264,3.3663362983540557,601.0909090909091,32.340317003642745,539,633,539,626,601.0909090909091,601.0909090909091,22,94,87,16.141001855287573,32.01,-42.490118577075094,-51.60266102207439,12,0,0,114.26652,109.878984,3.366337,131.865402,148.737192,12.203367,124.691016,130.157698,2.903905,125.786635,131.461435,4.104903,1316.874913,1676.640502,807.326356
2020-04-01,2020,4,0.8660254037844387,-0.49999999999999983,3.155819,115.266908,110.089481,3.155819,0.19157166578824825,3.1558192815467345,663.9,49.365340494169224,596,757,624,635,663.9,663.9,20,161,11,1.7628205128205066,18.38,-42.58044361137144,-74.1962656184192,12,0,0,115.266908,110.089481,3.155819,133.116794,151.372142,12.027949,124.263877,131.543245,4.241603,125.000468,131.893401,4.209329,1549.245487,2152.239554,980.406002
2020-05-01,2020,5,0.49999999999999994,-0.8660254037844387,3.137255,115.266908,110.720969,3.137255,0.5736133863688542,3.1372546900888088,489.10526315789474,63.23052597602426,393,617,617,504,489.10526315789474,489.10526315789474,19,224,-113,-18.314424635332248,29.38,59.847660500544066,-58.80538418395962,12,0,0,115.266908,110.720969,3.137255,133.247831,151.513334,10.238231,124.700846,131.691249,4.697632,124.214302,132.325366,4.195011,1783.72852,2469.071159,953.488372
2020-06-01,2020,6,1.2246467991473532e-16,-1,3.627451,113.821904,111.247209,3.627451,0.4752848577399993,3.6274504443195354,1146.4545454545453,480.2573444343323,520,1799,520,1799,1146.4545454545453,1146.4545454545453,22,1279,1279,245.96153846153848,40.27,37.06603131381894,-37.29367798193709,12,0,0,113.821904,111.247209,3.627451,132.835424,149.614683,8.011849,124.951954,131.23969,4.743643,124.843235,132.613343,4.067797,2348.405263,3400.92882,835.800677
2020-07-01,2020,7,-0.4999999999999998,-0.8660254037844388,3.917728,114.044212,111.668202,3.917728,0.3784301680772817,3.9177279211776606,1632.8260869565217,233.5490316777795,1264,1956,1803,1350,1632.8260869565217,1632.8260869565217,23,692,-453,-25.124792013311147,43.24,7.375217283337476,-32.35294117647059,12,0,0,114.044212,111.668202,3.917728,132.943845,148.230946,6.434001,125.177061,132.104373,6.077947,126.572801,132.757331,4.180791,3182.826867,4692.870348,976.684147
2020-08-01,2020,8,-0.8660254037844384,-0.5000000000000004,4.3095,114.26652,112.089194,4.3095,0.3770025776899333,4.30950043411733,1522.0588235294117,52.79615349179723,1385,1598,1385,1488,1522.0588235294117,1522.0588235294117,17,213,103,7.4368231046931355,44.74,3.4690101757631764,-24.220867208672082,12,0,0,114.26652,112.089194,4.3095,133.212596,146.865582,5.312687,125.703964,133.703027,6.829025,126.730035,132.90132,3.707865,3451.43425,4988.603289,865.396393
2020-09-01,2020,9,-1,-1.8369701987210297e-16,4.199219,115.155754,112.29969,4.199219,0.18779330325098265,4.199218767216295,1410.7727272727273,151.3869000491572,1267,1725,1471,1725,1410.7727272727273,1410.7727272727273,22,458,254,17.26716519374576,40.91,-8.560572194903903,-34.8877924558332,12,0,0,115.155754,112.29969,4.199219,133.210249,147.101724,5.142447,126.106911,134.239016,6.620196,126.887268,133.045308,3.587444,3583.381736,5092.338387,724.452035
2020-10-01,2020,10,-0.8660254037844386,0.5000000000000001,4.301075,115.711525,112.29969,4.301075,0,4.301075218883099,1630.7727272727273,288.2475675060592,1283,2097,1869,1283,1630.7727272727273,1630.7727272727273,22,814,-586,-31.353665061530233,40.19,-1.7599608897580055,-32.691341483838556,12,0,0,115.711525,112.29969,4.301075,134.478004,148.905116,5.823051,126.172312,135.152221,7.102358,127.358968,134.917158,5.162738,3740.191249,5245.127879,472.37145
2020-11-01,2020,11,-0.5000000000000004,0.8660254037844384,4.292683,115.933833,112.510186,4.292683,0.18744130104011436,4.2926828825159635,1183.65,50.786731586735904,1111,1284,1284,1227,1183.65,1183.65,20,173,-57,-4.439252336448596,42.69,6.220452848967395,-32.46321784527765,12,0,0,115.933833,112.510186,4.292683,135.919605,151.125266,6.082528,126.301036,135.540261,6.948476,127.358968,135.781088,5.480984,3858.001505,5450.312387,385.041465
2020-12-01,2020,12,-2.4492935982947064e-16,1,3.592233,116.044988,112.29969,3.592233,-0.18709061595543197,3.5922334243689846,1243.6666666666667,79.98749902328488,1121,1366,1211,1366,1243.6666666666667,1243.6666666666667,18,245,155,12.799339388934762,49.99,17.10002342468964,-25.73168919922746,12,0,0,116.044988,112.29969,3.592233,137.25235,154.84881,7.213925,126.313595,135.637466,7.632,127.516201,136.645019,5.915179,4020.9859,5806.528164,346.404434
2021-01-01,2021,1,0.49999999999999994,0.8660254037844387,3.375121,116.600759,112.82593,3.375121,0.4686032526002526,3.37512014595851,1657.5,171.43312337315004,1374,1856,1374,1452,1657.5,1657.5,20,482,78,5.676855895196509,54.77,9.5619123824765,-13.95129615082482,12,0,0,116.600759,112.82593,3.375121,138.123728,157.252556,7.785496,127.513256,135.478273,5.225727,127.987901,137.508949,5.292172,4239.219243,6261.731841,369.408198
2021-02-01,2021,2,0.8660254037844386,0.5000000000000001,3.646833,116.934221,113.667915,3.646833,0.7462690535765981,3.6468333547190035,1499.6,189.42861452272726,1303,1770,1444,1675,1499.6,1499.6,20,467,231,15.997229916897515,62.28,13.711886069015877,11.893639956881064,12,0,0,116.934221,113.667915,3.646833,139.092078,158.53171,7.207435,127.967971,137.104316,5.47821,128.931301,137.796926,5.049396,4385.628954,6538.651806,358.95347400000003
2021-03-01,2021,3,1,6.123233995736766e-17,7.324234,120.661666,117.926778,7.324234,3.7467591448299142,7.324234086474624,2017.608695652174,195.40441493347603,1651,2319,1651,2046,2017.608695652174,2017.608695652174,23,668,395,23.924894003634158,65.41,5.025690430314711,104.34239300218681,12,0,0,120.661666,117.926778,7.324234,139.642695,158.588646,6.623397,128.59706,138.776001,6.621432,129.717467,138.948834,5.695509,4484.589568,6703.221386,299.800755
2021-04-01,2021,4,0.8660254037844387,-0.49999999999999983,11.907553,124.204929,123.198443,11.907553,4.470286638374876,11.907551821413342,2475.05,357.99168984768346,2072,3053,2072,3053,2475.05,2475.05,20,981,981,47.34555984555983,64.81,-0.9172909341079283,252.6115342763874,12,0,0,124.204929,123.198443,11.907553,140.785982,161.28738,6.550239,129.061358,139.313029,5.906638,130.660867,140.244729,6.331878,4555.763213,6814.165194,216.60812
2021-05-01,2021,5,0.49999999999999994,-0.8660254037844387,12.555894,124.849179,124.622976,12.555894,1.1562913989099588,12.555893545331953,2965.2631578947367,213.9854206106531,2596,3266,3157,2596,2965.2631578947367,2965.2631578947367,19,670,-561,-17.770034843205572,68.53,5.7398549606542115,133.25391422736556,12,0,0,124.849179,124.622976,12.555894,141.070385,161.941765,6.882847,129.401159,140.323243,6.554721,130.8181,141.252648,6.746464,4671.461009,6879.219408,178.61568
2021-06-01,2021,6,1.2246467991473532e-16,-1,6.822327,123.184978,118.836858,6.822327,-4.642898272626706,6.822327560595265,2932,359.28752247959267,2420,3418,2568,3383,2932,2932,22,998,815,31.736760124610598,73.16,6.756165183131468,81.6737025080705,12,0,0,123.184978,118.836858,6.822327,141.186086,161.903595,8.213707,130.021031,140.770973,7.2625,131.132567,141.396637,6.623236,4852.807554,7099.700447,108.75769
2021-07-01,2021,7,-0.4999999999999998,-0.8660254037844388,6.532611,124.166136,118.963051,6.532611,0.1061901182207281,6.53261077849181,3187.9545454545455,93.09159712103694,3039,3338,3338,3292,3187.9545454545455,3187.9545454545455,22,299,-46,-1.3780707010185744,75.17,2.7474029524330312,73.84366327474561,12,0,0,124.166136,118.963051,6.532611,141.645838,160.96849,8.59304,130.232299,140.153126,6.092723,132.547666,141.684614,6.724512,4977.117686,7277.984158,55.085984
2021-08-01,2021,8,-0.8660254037844384,-0.5000000000000004,6.320939,124.280291,119.174283,6.320939,0.17756101430184135,6.320938484043337,3720,369.1682543231474,3281,4235,3282,4132,3720,3720,21,954,850,25.898842169408898,70.75,-5.880005321271787,58.13589628967366,12,0,0,124.280291,119.174283,6.320939,141.969246,162.365399,10.553744,130.034986,140.70929,5.240168,133.019366,141.972591,6.825569,5185.601214,7506.377197,50.470518
2021-09-01,2021,9,-1,-1.8369701987210297e-16,6.349203,124.844844,119.429826,6.349203,0.2144279735251331,6.3492036353795855,4287.772727272727,462.35689490738457,3618,5197,4013,5167,4287.772727272727,4287.772727272727,22,1579,1154,28.756541240966847,74.49,5.28621908127207,82.08262038621363,12,0,0,124.844844,119.429826,6.349203,142.420085,162.48577,10.4581,130.4878,140.904982,4.965744,133.333833,141.972591,6.709957,5430.646546,7868.395107,54.51438
2021-10-01,2021,10,-0.8660254037844386,0.5000000000000001,6.815183,125.963055,119.953119,6.815183,0.4381593924452254,6.815182659898711,4819.952380952381,662.7014015520472,3519,5650,5202,3519,4819.952380952381,4819.952380952381,21,2131,-1683,-32.35294117647059,83.54,12.149281782789645,107.86265240109483,12,0,0,125.963055,119.953119,6.815183,143.151621,164.363138,10.381123,130.729865,142.154271,5.180863,133.805533,143.268486,6.189968,5778.227425,8463.201611,61.35358
2021-11-01,2021,11,-0.5000000000000004,0.8660254037844384,6.735267,125.937712,120.088047,6.735267,0.11248394466507605,6.735266618437552,2780.4545454545455,223.70893659326242,2430,3428,3428,3018,2780.4545454545455,2780.4545454545455,22,998,-410,-11.960326721120184,81.05,-2.9806080919320244,89.85710939330053,12,0,0,125.937712,120.088047,6.735267,143.801164,165.936642,9.800728,131.472804,142.567972,5.184961,134.277233,143.412475,5.620361,6111.346079,9014.404208,65.392432
2021-12-01,2021,12,-2.4492935982947064e-16,1,7.24283,126.130008,120.433366,7.24283,0.2875548471531042,7.242830323040073,2832.1111111111113,460.161338571962,2217,3423,3047,2217,2832.1111111111113,2832.1111111111113,18,1206,-830,-27.2399081063341,74.17,-8.48858729179518,48.36967393478695,12,0,0,126.130008,120.433366,7.24283,145.114778,168.780295,8.996831,131.990661,142.578512,5.117352,135.063399,143.988429,5.374078,6463.314374,9575.452849,64.908403
2022-01-01,2022,1,0.49999999999999994,0.8660254037844387,7.06931,128.923091,120.801945,7.06931,0.306043924737609,7.069310219734071,1760.8,388.9098935012555,1296,2296,2285,1418,1760.8,1760.8,20,1000,-867,-37.943107221006564,86.51,16.63745449642713,57.9514332663867,12,0,0,128.923091,120.801945,7.06931,145.566211,169.804501,7.982029,133.381759,143.083631,5.61371,135.377866,145.284324,5.65445,6808.620296,10225.994991,63.309373
2022-02-01,2022,2,0.8660254037844386,0.5000000000000001,6.765926,129.319689,121.358602,6.765926,0.46080135547486023,6.765925987117827,1834.9,289.32733238178156,1419,2244,1440,2040,1834.9,1834.9,20,825,600,41.66666666666667,97.13,12.276037452317645,55.95696852922285,12,0,0,129.319689,121.358602,6.765926,146.164188,171.219221,8.003138,133.675032,144.564788,5.441457,136.164032,146.724209,6.478579,7018.768988,10763.53333,64.613955
2022-03-01,2022,3,1,6.123233995736766e-17,3.527643,129.6058,122.086813,3.527643,0.6000489359625272,3.527642381614138,2464.086956521739,206.05337195702882,2069,2727,2069,2358,2464.086956521739,2464.086956521739,23,658,289,13.9681005316578,117.25,20.714506331720383,79.25393670692556,12,0,0,129.6058,122.086813,3.527643,147.40323,173.85023,9.623377,134.391038,145.219116,4.642817,137.579132,147.588139,6.217617,7205.238954,11218.42515,67.358715
2022-04-01,2022,4,0.8660254037844387,-0.49999999999999983,1.280762,133.496197,124.776322,1.280762,2.2029479957020204,1.280762127813584,2220.3684210526317,144.15547568368896,2031,2425,2357,2404,2220.3684210526317,2220.3684210526317,19,394,47,1.994060246075513,104.58,-10.80597014925373,61.363987039037184,12,0,0,133.496197,124.776322,1.280762,149.899274,178.9895,10.975515,136.294417,147.320254,5.74765,138.522532,148.596058,5.954825,7899.321605,12530.018699,83.881933
2022-05-01,2022,5,0.49999999999999994,-0.8660254037844387,2.701066,136.934197,127.989125,2.701066,2.5748498982042456,2.7010661340650444,2943.0476190476193,296.42696844087516,2412,3369,2412,2566,2943.0476190476193,2943.0476190476193,21,957,154,6.384742951907141,113.34,8.37636259323007,65.38742156719685,12,0,0,136.934197,127.989125,2.701066,151.062034,181.235982,11.914293,136.41075,149.591575,6.604987,139.465931,151.907792,7.543323,8585.018041,14659.342447,113.096015
2022-06-01,2022,6,1.2246467991473532e-16,-1,9.611358,138.773688,130.258694,9.611358,1.7732514383546283,9.611358119212454,2389.45,134.76352583224008,2186,2633,2633,2240,2389.45,2389.45,20,447,-393,-14.925939992404103,122.71,8.26716075524969,67.72826681246582,1.65,-10.35,-10.35,138.773688,130.258694,9.611358,152.406064,183.70939,13.468382,137.804169,150.594144,6.978123,140.881031,153.92363,8.85947,10132.02813,18260.177401,157.196448
2022-07-01,2022,7,-0.4999999999999998,-0.8660254037844388,11.848774,141.968371,133.058714,11.848774,2.149583965581603,11.848773952510694,2076.9523809523807,78.55601580431392,1895,2214,2214,1895,2076.9523809523807,2076.9523809523807,21,319,-319,-14.408310749774166,111.93,-8.784940102681105,48.90248769455901,2.15,0.5,-9.85,141.968371,133.058714,11.848774,153.426163,185.86696,15.467915,139.149283,151.871314,8.360989,143.23953,155.651491,9.857724,11761.913759,22166.737285,204.572486
2022-08-01,2022,8,-0.8660254037844384,-0.5000000000000004,13.246102,142.423547,134.960231,13.246102,1.4290811498448575,13.246102768665269,1411.9545454545455,248.32955777367556,965,1872,1872,965,1411.9545454545455,1411.9545454545455,22,907,-907,-48.450854700854705,100.45,-10.256410256410264,41.97879858657245,2.15,0,-9.85,142.423547,134.960231,13.246102,154.076841,186.883162,15.100362,139.553885,153.131305,8.828141,143.553997,158.387271,11.561866,12540.351872,24488.902912,226.241305
2022-09-01,2022,9,-1,-1.8369701987210297e-16,14.817501,142.058962,137.126341,14.817501,1.6049987347754424,14.81750044582666,1487.142857142857,299.09986387731533,1002,1816,1002,1760,1487.142857142857,1487.142857142857,21,814,758,75.64870259481037,89.76,-10.642110502737678,20.49939589206606,2.65,0.5,-9.35,142.058962,137.126341,14.817501,155.487696,187.372461,15.316228,139.753305,154.00849,9.299535,143.71123,158.963225,11.967546,12857.05483,24454.634843,210.795715
2022-10-01,2022,10,-0.8660254037844386,0.5000000000000001,15.79303,142.406652,138.897351,15.79303,1.291516995994213,15.79302994197256,1813.857142857143,138.7390664932865,1463,1996,1788,1463,1813.857142857143,1813.857142857143,21,533,-325,-18.176733780760625,93.33,3.9772727272727293,11.718937036150345,2.65,0,-9.35,142.406652,138.897351,15.79303,156.881414,189.91384,15.545275,139.976351,155.039796,9.064466,144.18293,160.403109,11.959799,13268.965998,25116.478924,196.772783
2022-11-01,2022,11,-0.5000000000000004,0.8660254037844384,15.662927,142.406652,138.897351,15.662927,0,15.662927718359843,1298.9545454545455,72.6429475964311,1149,1393,1377,1355,1298.9545454545455,1298.9545454545455,22,244,-22,-1.5976761074800283,91.42,-2.046501660773592,12.794571252313403,2.65,0,-9.35,142.406652,138.897351,15.662927,157.427858,191.161232,15.201338,140.73292,156.025119,9.43911,144.65463,161.26704,12.449799,13450.502897,25285.131578,180.49698
2022-12-01,2022,12,-2.4492935982947064e-16,1,16.909133,141.829762,140.797604,16.909133,1.3680988055704724,16.909132972335918,1453.4117647058824,126.86856329659125,1323,1723,1338,1515,1371.8823529411766,1371.8823529411766,17,400,177,13.228699551569512,80.92,-11.485451761102606,9.100714574625869,2.65,0,-9.35,141.829762,140.797604,16.909133,158.267465,191.545388,13.488004,141.103916,159.401352,11.799001,145.283563,161.986982,12.5,13620.200432,25807.215691,169.51431
2023-01-01,2023,1,0.49999999999999994,0.8660254037844387,17.202729,140.943307,141.583176,17.202729,0.5579441536519347,17.20272881367928,908.8095238095239,194.78953232851583,676,1250,1250,681,908.8095238095239,908.8095238095239,21,574,-569,-45.52,82.5,1.9525457241720279,-4.635302277193398,2.65,0,-9.35,140.943307,141.583176,17.202729,158.635665,191.77327,12.937684,142.708955,163.182504,14.046941,145.12633,165.010739,13.5778,13720.077371,25903.117296,153.306571
2023-02-01,2023,2,0.8660254037844386,0.5000000000000001,17.300828,141.054683,142.354644,17.300828,0.5448867738353291,17.300827179930756,658.35,136.00475030403592,530,990,668,990,658.35,658.35,20,460,322,48.203592814371255,82.59,0.10909090909090313,-14.969628333161733,2.65,0,-9.35,141.054683,142.354644,17.300828,159.656241,194.073421,13.347917,143.271622,164.870118,14.045834,146.226963,166.594612,13.542689,13499.505005,25493.920671,136.854571
2023-03-01,2023,3,1,6.123233995736766e-17,17.759534,142.528477,143.768863,17.759534,0.9934477444936807,17.759534766461638,1410.0434782608695,135.5643015026347,1099,1603,1099,1389,1410.0434782608695,1410.0434782608695,23,504,290,26.387625113739755,78.43,-5.03692941034023,-33.10874200426439,2.65,0,-9.35,142.528477,143.768863,17.759534,160.949799,197.127717,13.389391,144.073282,166.36944,14.564421,147.642063,168.322473,14.04878,13517.151089,25569.052729,127.920162
2023-04-01,2023,4,0.8660254037844387,-0.49999999999999983,16.604768,144.126319,145.495142,16.604768,1.2007321780099112,16.60476897211316,1480.3333333333333,65.51245952443838,1368,1581,1412,1576,1480.3333333333333,1480.3333333333333,18,213,164,11.614730878186963,84.64,7.917888563049846,-19.066743163128706,2.65,0,-9.35,144.126319,145.495142,16.604768,161.748359,196.986267,10.05465,144.630914,167.138067,13.452199,148.270996,169.330392,13.953488,13836.495247,25265.736733,101.641652
2023-05-01,2023,5,0.49999999999999994,-0.8660254037844387,14.282472,144.722772,146.269136,14.282472,0.5319724008379767,14.282472045964845,1416.05,182.42560848625104,977,1640,1552,977,1416.05,1416.05,20,663,-575,-37.04896907216495,75.47,-10.834120982986772,-33.412740427033704,2.65,0,-9.35,144.722772,146.269136,14.282472,163.193501,199.952729,10.32728,144.990051,168.305765,12.51019,148.585462,169.906346,11.848341,16014.357247,31805.005523,116.960656
2023-06-01,2023,6,1.2246467991473532e-16,-1,12.864132,145.107921,147.015345,12.864132,0.5101616242540796,12.864132508498827,1081.7727272727273,88.14054351577037,919,1240,937,1091,1081.7727272727273,1081.7727272727273,22,321,154,16.43543223052295,74.84,-0.8347687822975902,-39.010675576562626,2.65,0,1,145.107921,147.015345,12.864132,164.422898,202.513061,10.235553,145.079171,168.255181,11.727572,148.899929,170.770276,10.944808,27938.725123,64932.5433,255.596454
2023-07-01,2023,7,-0.4999999999999998,-0.8660254037844388,10.693706,144.124429,147.287621,10.693706,0.18520243584096985,10.693705487037853,1040.1904761904761,51.597111399398166,962,1127,1068,1127,1040.1904761904761,1040.1904761904761,21,165,59,5.524344569288386,80.11,7.04168893639765,-28.42848208701868,2.65,0,0.5,144.124429,147.287621,10.693706,164.598205,201.476285,8.398117,145.464908,167.84818,10.520003,150.000562,171.058253,9.898242,23677.097901,45020.232069,103.098144
2023-08-01,2023,8,-0.8660254037844384,-0.5000000000000004,9.007522,144.198902,147.116804,9.007522,-0.1159751232590045,9.00752237153477,1149.8636363636363,48.47119464131981,1080,1247,1150,1086,1149.8636363636363,1149.8636363636363,22,167,-64,-5.565217391304344,86.15,7.539633004618662,-14.235938277750126,2.65,0,0.5,144.198902,147.116804,9.007522,164.438913,200.796363,7.444866,146.095046,168.41239,9.979073,150.472262,171.058253,8,22219.944889,41816.916724,70.758637
2023-09-01,2023,9,-1,-1.8369701987210297e-16,7.666359,146.6304,147.638939,7.666359,0.35491186989080603,7.666359302914683,1393.4285714285713,243.25266112184084,1063,1752,1065,1701,1393.4285714285713,1393.4285714285713,21,689,636,59.71830985915494,93.72,8.786999419616937,4.411764705882337,2.65,0,0,146.6304,147.638939,7.666359,166.03292,202.192413,7.909355,147.252703,169.08294,9.788064,151.572895,172.066172,8.242754,22432.12379,42257.494087,72.79953
2023-10-01,2023,10,-0.8660254037844386,0.5000000000000001,6.54316,146.756449,147.985627,6.54316,0.2348215195450587,6.5431600635781795,1867.6818181818182,185.97372737224813,1459,2105,1737,1459,1867.6818181818182,1867.6818181818182,22,646,-278,-16.00460564191134,90.6,-3.3290653008962945,-2.925104468016715,2.65,0,0,146.756449,147.985627,6.54316,167.736606,204.719651,7.796067,148.415117,169.542433,9.354138,152.987995,174.801952,8.976661,22983.378548,43278.885011,72.312708
2023-11-01,2023,11,-0.5000000000000004,0.8660254037844384,7.261119,146.714433,148.982852,7.261119,0.6738661180926808,7.2611183203918905,1831.4545454545455,408.47856238820657,1385,2937,1401,2937,1831.4545454545455,1831.4545454545455,22,1552,1536,109.63597430406851,82.94,-8.454746136865342,-9.2758696127762,2.65,0,0,146.714433,148.982852,7.261119,168.130429,205.605096,7.555854,148.801432,170.343964,9.177269,152.830761,176.097848,9.196429,24027.198461,45393.080958,79.524796
2023-12-01,2023,12,-2.4492935982947064e-16,1,6.077058,146.861601,149.353957,6.077058,0.24909242575112955,6.077058669265423,2537.625,393.7984044321832,2087,3346,3192,2094,2537.625,2537.625,16,1259,-1098,-34.3984962406015,77.63,-6.402218471183996,-4.06574394463669,2.65,0,0,146.861601,149.353957,6.077058,168.763278,206.304382,7.70522,148.593482,171.21539,7.411504,152.830761,175.95386,8.622222,25157.023824,49313.12187,91.08269
