year_month,year,month,month_sin,month_cos,target_food_price_inflation,fao_cp_23012,fao_cp_23013,fao_cp_23014,fao_food_index_mom_pct,fao_food_index_yoy_pct_calc,bdi_close_mean,bdi_close_sd,bdi_close_min,bdi_close_max,bdi_close_first,bdi_close_last,bdi_high_mean,bdi_low_mean,bdi_trading_days,bdi_close_range,bdi_close_change_abs,bdi_close_change_pct,brent_usd_per_barrel,brent_mom_pct,brent_yoy_pct,policy_rate,policy_rate_change_1m,policy_rate_change_12m,hcp_bwa_fao_cp_23012,hcp_bwa_fao_cp_23013,hcp_bwa_fao_cp_23014,hcp_ken_fao_cp_23012,hcp_ken_fao_cp_23013,hcp_ken_fao_cp_23014,hcp_nam_fao_cp_23012,hcp_nam_fao_cp_23013,hcp_nam_fao_cp_23014,hcp_zaf_fao_cp_23012,hcp_zaf_fao_cp_23013,hcp_zaf_fao_cp_23014,hcp_zwe_fao_cp_23012,hcp_zwe_fao_cp_23013,hcp_zwe_fao_cp_23014,target_food_price_inflation_lag1,target_food_price_inflation_lag2,target_food_price_inflation_lag3,target_food_price_inflation_lag6,target_food_price_inflation_lag12,fao_cp_23012_lag1,fao_cp_23012_lag2,fao_cp_23012_lag3,fao_cp_23012_lag6,fao_cp_23012_lag12,fao_cp_23013_lag1,fao_cp_23013_lag2,fao_cp_23013_lag3,fao_cp_23013_lag6,fao_cp_23013_lag12,month_sin_lag1,month_sin_lag2,month_sin_lag3,month_sin_lag6,month_sin_lag12,month_cos_lag1,month_cos_lag2,month_cos_lag3,month_cos_lag6,month_cos_lag12,fao_cp_23014_lag1,fao_cp_23014_lag2,fao_cp_23014_lag3,fao_cp_23014_lag6,fao_cp_23014_lag12,fao_food_index_mom_pct_lag1,fao_food_index_mom_pct_lag2,fao_food_index_mom_pct_lag3,fao_food_index_mom_pct_lag6,fao_food_index_mom_pct_lag12,fao_food_index_yoy_pct_calc_lag1,fao_food_index_yoy_pct_calc_lag2,fao_food_index_yoy_pct_calc_lag3,fao_food_index_yoy_pct_calc_lag6,fao_food_index_yoy_pct_calc_lag12,bdi_close_mean_lag1,bdi_close_mean_lag2,bdi_close_mean_lag3,bdi_close_mean_lag6,bdi_close_mean_lag12,bdi_close_sd_lag1,bdi_close_sd_lag2,bdi_close_sd_lag3,bdi_close_sd_lag6,bdi_close_sd_lag12,bdi_close_min_lag1,bdi_close_min_lag2,bdi_close_min_lag3,bdi_close_min_lag6,bdi_close_min_lag12,bdi_close_max_lag1,bdi_close_max_lag2,bdi_close_max_lag3,bdi_close_max_lag6,bdi_close_max_lag12,bdi_close_first_lag1,bdi_close_first_lag2,bdi_close_first_lag3,bdi_close_first_lag6,bdi_close_first_lag12,bdi_close_last_lag1,bdi_close_last_lag2,bdi_close_last_lag3,bdi_close_last_lag6,bdi_close_last_lag12,bdi_high_mean_lag1,bdi_high_mean_lag2,bdi_high_mean_lag3,bdi_high_mean_lag6,bdi_high_mean_lag12,bdi_low_mean_lag1,bdi_low_mean_lag2,bdi_low_mean_lag3,bdi_low_mean_lag6,bdi_low_mean_lag12,bdi_trading_days_lag1,bdi_trading_days_lag2,bdi_trading_days_lag3,bdi_trading_days_lag6,bdi_trading_days_lag12,bdi_close_range_lag1,bdi_close_range_lag2,bdi_close_range_lag3,bdi_close_range_lag6,bdi_close_range_lag12,bdi_close_change_abs_lag1,bdi_close_change_abs_lag2,bdi_close_change_abs_lag3,bdi_close_change_abs_lag6,bdi_close_change_abs_lag12,bdi_close_change_pct_lag1,bdi_close_change_pct_lag2,bdi_close_change_pct_lag3,bdi_close_change_pct_lag6,bdi_close_change_pct_lag12,brent_usd_per_barrel_lag1,brent_usd_per_barrel_lag2,brent_usd_per_barrel_lag3,brent_usd_per_barrel_lag6,brent_usd_per_barrel_lag12,brent_mom_pct_lag1,brent_mom_pct_lag2,brent_mom_pct_lag3,brent_mom_pct_lag6,brent_mom_pct_lag12,brent_yoy_pct_lag1,brent_yoy_pct_lag2,brent_yoy_pct_lag3,brent_yoy_pct_lag6,brent_yoy_pct_lag12,policy_rate_lag1,policy_rate_lag2,policy_rate_lag3,policy_rate_lag6,policy_rate_lag12,policy_rate_change_1m_lag1,policy_rate_change_1m_lag2,policy_rate_change_1m_lag3,policy_rate_change_1m_lag6,policy_rate_change_1m_lag12,policy_rate_change_12m_lag1,policy_rate_change_12m_lag2,policy_rate_change_12m_lag3,policy_rate_change_12m_lag6,policy_rate_change_12m_lag12,hcp_bwa_fao_cp_23012_lag1,hcp_bwa_fao_cp_23012_lag2,hcp_bwa_fao_cp_23012_lag3,hcp_bwa_fao_cp_23012_lag6,hcp_bwa_fao_cp_23012_lag12,hcp_bwa_fao_cp_23013_lag1,hcp_bwa_fao_cp_23013_lag2,hcp_bwa_fao_cp_23013_lag3,hcp_bwa_fao_cp_23013_lag6,hcp_bwa_fao_cp_23013_lag12,hcp_bwa_fao_cp_23014_lag1,hcp_bwa_fao_cp_23014_lag2,hcp_bwa_fao_cp_23014_lag3,hcp_bwa_fao_cp_23014_lag6,hcp_bwa_fao_cp_23014_lag12,hcp_ken_fao_cp_23012_lag1,hcp_ken_fao_cp_23012_lag2,hcp_ken_fao_cp_23012_lag3,hcp_ken_fao_cp_23012_lag6,hcp_ken_fao_cp_23012_lag12,hcp_ken_fao_cp_23013_lag1,hcp_ken_fao_cp_23013_lag2,hcp_ken_fao_cp_23013_lag3,hcp_ken_fao_cp_23013_lag6,hcp_ken_fao_cp_23013_lag12,hcp_ken_fao_cp_23014_lag1,hcp_ken_fao_cp_23014_lag2,hcp_ken_fao_cp_23014_lag3,hcp_ken_fao_cp_23014_lag6,hcp_ken_fao_cp_23014_lag12,hcp_nam_fao_cp_23012_lag1,hcp_nam_fao_cp_23012_lag2,hcp_nam_fao_cp_23012_lag3,hcp_nam_fao_cp_23012_lag6,hcp_nam_fao_cp_23012_lag12,hcp_nam_fao_cp_23013_lag1,hcp_nam_fao_cp_23013_lag2,hcp_nam_fao_cp_23013_lag3,hcp_nam_fao_cp_23013_lag6,hcp_nam_fao_cp_23013_lag12,hcp_nam_fao_cp_23014_lag1,hcp_nam_fao_cp_23014_lag2,hcp_nam_fao_cp_23014_lag3,hcp_nam_fao_cp_23014_lag6,hcp_nam_fao_cp_23014_lag12,hcp_zaf_fao_cp_23012_lag1,hcp_zaf_fao_cp_23012_lag2,hcp_zaf_fao_cp_23012_lag3,hcp_zaf_fao_cp_23012_lag6,hcp_zaf_fao_cp_23012_lag12,hcp_zaf_fao_cp_23013_lag1,hcp_zaf_fao_cp_23013_lag2,hcp_zaf_fao_cp_23013_lag3,hcp_zaf_fao_cp_23013_lag6,hcp_zaf_fao_cp_23013_lag12,hcp_zaf_fao_cp_23014_lag1,hcp_zaf_fao_cp_23014_lag2,hcp_zaf_fao_cp_23014_lag3,hcp_zaf_fao_cp_23014_lag6,hcp_zaf_fao_cp_23014_lag12,hcp_zwe_fao_cp_23012_lag1,hcp_zwe_fao_cp_23012_lag2,hcp_zwe_fao_cp_23012_lag3,hcp_zwe_fao_cp_23012_lag6,hcp_zwe_fao_cp_23012_lag12,hcp_zwe_fao_cp_23013_lag1,hcp_zwe_fao_cp_23013_lag2,hcp_zwe_fao_cp_23013_lag3,hcp_zwe_fao_cp_23013_lag6,hcp_zwe_fao_cp_23013_lag12,hcp_zwe_fao_cp_23014_lag1,hcp_zwe_fao_cp_23014_lag2,hcp_zwe_fao_cp_23014_lag3,hcp_zwe_fao_cp_23014_lag6,hcp_zwe_fao_cp_23014_lag12,target_food_price_inflation_roll3_mean,target_food_price_inflation_roll6_mean,target_food_price_inflation_roll12_mean,fao_cp_23013_roll3_mean,fao_cp_23013_roll6_mean,fao_cp_23013_roll12_mean,bdi_close_mean_roll3_mean,bdi_close_mean_roll6_mean,bdi_close_mean_roll12_mean,brent_usd_per_barrel_roll3_mean,brent_usd_per_barrel_roll6_mean,brent_usd_per_barrel_roll12_mean,policy_rate_roll3_mean,policy_rate_roll6_mean,policy_rate_roll12_mean
2001-01-01,2001,1,0.49999999999999994,0.8660254037844387,3.602384,34.291207,33.061978,3.602384,0.3147132733427149,3.602383426716149,1565.9545454545455,29.297289445120494,1504,1599,1599,1504,1565.9545454545455,1565.9545454545455,22,95,-95,-5.941213258286426,25.62,-0.1558846453624252,0.43120344962759294,14,0,0,34.291207,33.061978,3.602384,26.658805,22.919383,16.136017,39.410318,33.467834,7.319912,47.820179,35.917669,4.958652,90.028959,91.296524,1.882258,NA,NA,NA,NA,NA,34.140145,34.064614,33.989082,33.535894,31.74832,32.958254,32.975541,32.992829,33.010116,31.912372,-2.4492935982947064e-16,-0.5000000000000004,-0.8660254037844386,-0.4999999999999998,0.49999999999999994,1,0.8660254037844384,0.5000000000000001,-0.8660254037844388,0.8660254037844387,NA,NA,NA,NA,NA,-0.05242370398108598,-0.052399265307012666,-0.05236879506874681,0,NA,NA,NA,NA,NA,NA,1609.3684210526317,1722.3181818181818,1734.3181818181818,1618.2380952380952,1370.55,26.33166772436184,31.58116732912401,14.551669397395003,12.813683162560096,30.325384537849168,1581,1672,1718,1600,1319,1664,1762,1759,1642,1406,1664,1759,1735,1613,1320,1599,1672,1759,1642,1319,1609.3684210526317,1722.3181818181818,1734.3181818181818,1618.2380952380952,1370.55,1609.3684210526317,1722.3181818181818,1734.3181818181818,1618.2380952380952,1370.55,19,22,22,21,20,83,90,41,42,87,-65,-87,24,29,-1,-3.90625,-4.945992040932346,1.383285302593662,1.7978921264724113,-0.07575757575757347,25.66,32.55,30.96,28.68,25.51,-21.16743471582181,5.135658914728669,-6.5781532890766385,-3.7583892617449655,NA,NA,NA,NA,NA,NA,14,14,14,14,14,0,0,0,0,NA,NA,NA,NA,NA,NA,34.140145,34.064614,33.989082,33.535894,31.74832,32.958254,32.975541,32.992829,33.010116,31.912372,NA,NA,NA,NA,NA,26.413102,26.372151,26.167398,25.90122,23.812742,22.873839,22.730943,22.468355,22.112498,19.734948,NA,NA,NA,NA,NA,39.077747,38.775929,38.474112,37.568659,35.757755,33.151436,32.97268,32.793923,32.257652,31.185112,NA,NA,NA,NA,NA,47.221278,47.083069,46.990931,46.438099,44.641378,35.599512,35.67021,35.776258,35.67021,34.220779,NA,NA,NA,NA,NA,89.957925,89.886892,89.815859,89.602759,89.176559,91.155967,91.01541,90.874852,90.45318,89.609836,NA,NA,NA,NA,NA,3.602384,3.602384,3.602384,32.998591,33.00147233333333,32.835802333333334,1632.5470494417864,1663.723380420749,1622.6042508182802,27.94333333333333,29.688333333333333,28.531666666666666,14,14,14
2001-02-01,2001,2,0.8660254037844386,0.5000000000000001,3.359312,34.341562,33.243495,3.359312,0.5490203883143252,3.3593126370711657,1479.15,29.086576755754894,1445,1537,1493,1537,1479.15,1479.15,20,92,44,2.9470864032149935,27.5,7.338017174082734,-1.0079193664506825,14,0,0,34.341562,33.243495,3.359312,26.495003,22.23739,13.673317,39.742889,33.784232,7.717045,47.958387,36.306538,5.333317,90.099992,91.437082,1.87931,3.602384,NA,NA,NA,NA,34.291207,34.140145,34.064614,33.611426,31.974914,33.061978,32.958254,32.975541,33.010116,32.163038,0.49999999999999994,-2.4492935982947064e-16,-0.5000000000000004,-0.8660254037844384,0.8660254037844386,0.8660254037844387,1,0.8660254037844384,-0.5000000000000004,0.5000000000000001,3.602384,NA,NA,NA,NA,0.3147132733427149,-0.05242370398108598,-0.052399265307012666,0,0.7854821948051871,3.602383426716149,NA,NA,NA,NA,1565.9545454545455,1609.3684210526317,1722.3181818181818,1638.857142857143,1392.952380952381,29.297289445120494,26.33166772436184,31.58116732912401,7.875821952569232,93.93480515255045,1504,1581,1672,1627,1276,1599,1664,1762,1652,1531,1599,1664,1759,1645,1311,1504,1599,1672,1652,1531,1565.9545454545455,1609.3684210526317,1722.3181818181818,1638.857142857143,1392.952380952381,1565.9545454545455,1609.3684210526317,1722.3181818181818,1638.857142857143,1392.952380952381,22,19,22,21,21,95,83,90,25,255,-95,-65,-87,7,220,-5.941213258286426,-3.90625,-4.945992040932346,0.42553191489360653,16.781083142639197,25.62,25.66,32.55,30.2,27.78,-0.1558846453624252,-21.16743471582181,5.135658914728669,5.299860529986056,8.898471187769497,0.43120344962759294,NA,NA,NA,NA,14,14,14,14,14,0,0,0,0,0,0,NA,NA,NA,NA,34.291207,34.140145,34.064614,33.611426,31.974914,33.061978,32.958254,32.975541,33.010116,32.163038,3.602384,NA,NA,NA,NA,26.658805,26.413102,26.372151,26.003596,24.058445,22.919383,22.873839,22.730943,22.390001,19.562542,16.136017,NA,NA,NA,NA,39.410318,39.077747,38.775929,37.870477,36.059572,33.467834,33.151436,32.97268,32.436409,31.363868,7.319912,NA,NA,NA,NA,47.820179,47.221278,47.083069,46.622376,44.50317,35.917669,35.599512,35.67021,35.740909,34.468238,4.958652,NA,NA,NA,NA,90.028959,89.957925,89.886892,89.673792,89.247592,91.296524,91.155967,91.01541,90.593738,89.750393,1.882258,NA,NA,NA,NA,3.480848,3.480848,3.480848,33.087909,33.04036883333333,32.92584041666667,1551.4909888357258,1637.1055232778917,1629.7873857389152,26.26,29.238333333333333,28.508333333333333,14,14,14
2001-03-01,2001,3,1,6.123233995736766e-17,2.72,34.643687,33.295356,2.72,0.15600345270554428,2.7199976898659717,1501.590909090909,24.971715601587732,1438,1538,1538,1438,1501.590909090909,1501.590909090909,22,100,-100,-6.501950585175553,24.5,-10.909090909090914,-10.876682429974526,14,0,0,34.643687,33.295356,2.72,26.3312,21.969282,12.70793,40.07546,34.10063,8.109677,48.280873,36.447949,4.563895,90.171025,91.577639,1.876372,3.359312,3.602384,NA,NA,NA,34.341562,34.291207,34.140145,33.712134,32.27704,33.243495,33.061978,32.958254,33.010116,32.413704,0.8660254037844386,0.49999999999999994,-2.4492935982947064e-16,-1,1,0.5000000000000001,0.8660254037844387,1,-1.8369701987210297e-16,6.123233995736766e-17,3.359312,3.602384,NA,NA,NA,0.5490203883143252,0.3147132733427149,-0.05242370398108598,0,0.7793604571807,3.3593126370711657,3.602383426716149,NA,NA,NA,1479.15,1565.9545454545455,1609.3684210526317,1711.5238095238096,1620.695652173913,29.086576755754894,29.297289445120494,26.33166772436184,26.577469871338476,28.52978472755781,1445,1504,1581,1661,1547,1537,1599,1664,1740,1660,1493,1599,1664,1661,1547,1537,1504,1599,1739,1660,1479.15,1565.9545454545455,1609.3684210526317,1711.5238095238096,1620.695652173913,1479.15,1565.9545454545455,1609.3684210526317,1711.5238095238096,1620.695652173913,20,22,19,21,23,92,95,83,79,113,44,-95,-65,78,113,2.9470864032149935,-5.941213258286426,-3.90625,4.695966285370257,7.3044602456367125,27.5,25.62,25.66,33.14,27.49,7.338017174082734,-0.1558846453624252,-21.16743471582181,9.735099337748343,-1.0439164866810735,-1.0079193664506825,0.43120344962759294,NA,NA,NA,14,14,14,14,14,0,0,0,0,0,0,0,NA,NA,NA,34.341562,34.291207,34.140145,33.712134,32.27704,33.243495,33.061978,32.958254,33.010116,32.413704,3.359312,3.602384,NA,NA,NA,26.495003,26.658805,26.413102,26.167398,24.058445,22.23739,22.919383,22.873839,22.570781,19.492224,13.673317,16.136017,NA,NA,NA,39.742889,39.410318,39.077747,38.172294,36.36139,33.784232,33.467834,33.151436,32.615166,31.542625,7.717045,7.319912,NA,NA,NA,47.958387,47.820179,47.221278,46.852723,44.963863,36.306538,35.917669,35.599512,35.84697,34.857108,5.333317,4.958652,NA,NA,NA,90.099992,90.028959,89.957925,89.744825,89.318626,91.437082,91.296524,91.155967,90.734295,89.890951,1.87931,1.882258,NA,NA,NA,3.227232,3.227232,3.227232,33.200276333333335,33.08790883333333,32.999311416666664,1515.5651515151515,1602.116706539075,1619.8619904819982,25.873333333333335,27.798333333333332,28.259166666666665,14,14,14
2001-04-01,2001,4,0.8660254037844387,-0.49999999999999983,2.173337,34.794749,33.321287,2.173337,0.07788173221514594,2.173334844410002,1440.1052631578948,16.162008733934947,1423,1463,1430,1459,1440.1052631578948,1440.1052631578948,19,40,29,2.027972027972025,25.66,4.734693877551011,12.741652021089633,14,0,0,34.794749,33.321287,2.173337,26.720231,22.397928,12.21647,40.408031,34.417028,8.497884,48.511219,36.58936,4.020101,90.242058,91.718197,1.873442,2.72,3.359312,3.602384,NA,NA,34.643687,34.341562,34.291207,33.989082,32.679873,33.295356,33.243495,33.061978,32.992829,32.612508,1,0.8660254037844386,0.49999999999999994,-0.8660254037844386,0.8660254037844387,6.123233995736766e-17,0.5000000000000001,0.8660254037844387,0.5000000000000001,-0.49999999999999983,2.72,3.359312,3.602384,NA,NA,0.15600345270554428,0.5490203883143252,0.3147132733427149,-0.05236879506874681,0.6133331753754412,2.7199976898659717,3.3593126370711657,3.602383426716149,NA,NA,1501.590909090909,1479.15,1565.9545454545455,1734.3181818181818,1666.5882352941176,24.971715601587732,29.086576755754894,29.297289445120494,14.551669397395003,18.651604567467555,1438,1445,1504,1718,1628,1538,1537,1599,1759,1686,1538,1493,1599,1735,1669,1438,1537,1504,1759,1628,1501.590909090909,1479.15,1565.9545454545455,1734.3181818181818,1666.5882352941176,1501.590909090909,1479.15,1565.9545454545455,1734.3181818181818,1666.5882352941176,22,20,22,22,17,100,92,95,41,58,-100,44,-95,24,-41,-6.501950585175553,2.9470864032149935,-5.941213258286426,1.383285302593662,-2.456560814859199,24.5,27.5,25.62,30.96,22.76,-10.909090909090914,7.338017174082734,-0.1558846453624252,-6.5781532890766385,-17.20625682066205,-10.876682429974526,-1.0079193664506825,0.43120344962759294,NA,NA,14,14,14,14,14,0,0,0,0,0,0,0,0,NA,NA,34.643687,34.341562,34.291207,33.989082,32.679873,33.295356,33.243495,33.061978,32.992829,32.612508,2.72,3.359312,3.602384,NA,NA,26.3312,26.495003,26.658805,26.167398,24.508901,21.969282,22.23739,22.919383,22.468355,19.959572,12.70793,13.673317,16.136017,NA,NA,40.07546,39.742889,39.410318,38.474112,36.663207,34.10063,33.784232,33.467834,32.793923,31.721382,8.109677,7.717045,7.319912,NA,NA,48.280873,47.958387,47.820179,46.990931,45.562781,36.447949,36.306538,35.917669,35.776258,35.175279,4.563895,5.333317,4.958652,NA,NA,90.171025,90.099992,90.028959,89.815859,89.389659,91.577639,91.437082,91.296524,90.874852,90.031508,1.876372,1.87931,1.882258,NA,NA,2.750883,2.96375825,2.96375825,33.286712666666666,33.14265183333333,33.058376333333335,1473.6153907496014,1553.0812200956939,1600.9884094706463,25.886666666666667,26.915,28.500833333333333,14,14,14
2001-05-01,2001,5,0.49999999999999994,-0.8660254037844387,2.028451,35.273114,33.476873,2.028451,0.4669267426555379,2.028449822427092,1448.2857142857142,26.959493424659996,1389,1481,1453,1389,1448.2857142857142,1448.2857142857142,21,92,-64,-4.404679972470749,28.31,10.327357755261101,2.0547945205479534,14,0,0,35.273114,33.476873,2.028451,26.904508,22.794996,9.278117,40.740603,34.733426,8.88174,48.695497,36.836833,3.888342,90.313092,91.858754,1.870522,2.173337,2.72,3.359312,NA,NA,34.794749,34.643687,34.341562,34.064614,32.88129,33.321287,33.295356,33.243495,32.975541,32.811312,0.8660254037844387,1,0.8660254037844386,-0.5000000000000004,0.49999999999999994,-0.49999999999999983,6.123233995736766e-17,0.5000000000000001,0.8660254037844384,-0.8660254037844387,2.173337,2.72,3.359312,NA,NA,0.07788173221514594,0.15600345270554428,0.5490203883143252,-0.052399265307012666,0.6095943311075658,2.173334844410002,2.7199976898659717,3.3593126370711657,NA,NA,1440.1052631578948,1501.590909090909,1479.15,1722.3181818181818,1601.8,16.162008733934947,24.971715601587732,29.086576755754894,31.58116732912401,16.3211196726334,1423,1438,1445,1672,1566,1463,1538,1537,1762,1622,1430,1538,1493,1759,1622,1459,1438,1537,1672,1566,1440.1052631578948,1501.590909090909,1479.15,1722.3181818181818,1601.8,1440.1052631578948,1501.590909090909,1479.15,1722.3181818181818,1601.8,19,22,20,22,20,40,100,92,90,56,29,-100,44,-87,-56,2.027972027972025,-6.501950585175553,2.9470864032149935,-4.945992040932346,-3.4525277435265123,25.66,24.5,27.5,32.55,27.74,4.734693877551011,-10.909090909090914,7.338017174082734,5.135658914728669,21.880492091388383,12.741652021089633,-10.876682429974526,-1.0079193664506825,NA,NA,14,14,14,14,14,0,0,0,0,0,0,0,0,NA,NA,34.794749,34.643687,34.341562,34.064614,32.88129,33.321287,33.295356,33.243495,32.975541,32.811312,2.173337,2.72,3.359312,NA,NA,26.720231,26.3312,26.495003,26.372151,25.16411,22.397928,21.969282,22.23739,22.730943,20.859616,12.21647,12.70793,13.673317,NA,NA,40.408031,40.07546,39.742889,38.775929,36.965024,34.417028,34.10063,33.784232,32.97268,31.900139,8.497884,8.109677,7.717045,NA,NA,48.511219,48.280873,47.958387,47.083069,45.747058,36.58936,36.447949,36.306538,35.67021,35.458101,4.020101,4.563895,5.333317,NA,NA,90.242058,90.171025,90.099992,89.886892,89.460692,91.718197,91.577639,91.437082,91.01541,90.172066,1.873442,1.876372,1.87931,NA,NA,2.307262666666667,2.7766968,2.7766968,33.364505333333334,33.22620716666667,33.11383975,1463.327295511506,1507.409142173616,1588.1955523277893,26.156666666666666,26.208333333333332,28.548333333333332,14,14,14
2001-06-01,2001,6,1.2246467991473532e-16,-1,1.571092,35.373823,33.528735,1.571092,0.15491888982581692,1.5710911164323216,1377.4761904761904,14.45205538191384,1355,1394,1382,1386,1377.4761904761904,1377.4761904761904,21,39,4,0.28943560057888007,27.85,-1.6248675379724409,-6.543624161073824,14,0,0,35.373823,33.528735,1.571092,26.945459,23.126842,6.140986,41.073174,35.049824,9.261318,48.925844,36.80147,3.17144,90.384125,91.999311,1.867611,2.028451,2.173337,2.72,NA,NA,35.273114,34.794749,34.643687,34.140145,33.05753,33.476873,33.321287,33.295356,32.958254,33.010116,0.49999999999999994,0.8660254037844387,1,-2.4492935982947064e-16,1.2246467991473532e-16,-0.8660254037844387,-0.49999999999999983,6.123233995736766e-17,1,-1,2.028451,2.173337,2.72,NA,NA,0.4669267426555379,0.07788173221514594,0.15600345270554428,-0.05242370398108598,0.6059007942138761,2.028449822427092,2.173334844410002,2.7199976898659717,NA,NA,1448.2857142857142,1440.1052631578948,1501.590909090909,1609.3684210526317,1588.6363636363637,26.959493424659996,16.162008733934947,24.971715601587732,26.33166772436184,26.65394718297649,1389,1423,1438,1581,1559,1481,1463,1538,1664,1626,1453,1430,1538,1664,1562,1389,1459,1438,1599,1616,1448.2857142857142,1440.1052631578948,1501.590909090909,1609.3684210526317,1588.6363636363637,1448.2857142857142,1440.1052631578948,1501.590909090909,1609.3684210526317,1588.6363636363637,21,19,22,19,22,92,40,100,83,67,-64,29,-100,-65,54,-4.404679972470749,2.027972027972025,-6.501950585175553,-3.90625,3.457106274007682,28.31,25.66,24.5,25.66,29.8,10.327357755261101,4.734693877551011,-10.909090909090914,-21.16743471582181,7.426099495313632,2.0547945205479534,12.741652021089633,-10.876682429974526,NA,NA,14,14,14,14,14,0,0,0,0,0,0,0,0,NA,NA,35.273114,34.794749,34.643687,34.140145,33.05753,33.476873,33.321287,33.295356,32.958254,33.010116,2.028451,2.173337,2.72,NA,NA,26.904508,26.720231,26.3312,26.413102,25.757893,22.794996,22.397928,21.969282,22.873839,21.788795,9.278117,12.21647,12.70793,NA,NA,40.740603,40.408031,40.07546,39.077747,37.266842,34.733426,34.417028,34.10063,33.151436,32.078896,8.88174,8.497884,8.109677,NA,NA,48.695497,48.511219,48.280873,47.221278,46.023474,36.836833,36.58936,36.447949,35.599512,35.67021,3.888342,4.020101,4.563895,NA,NA,90.313092,90.242058,90.171025,89.957925,89.531725,91.858754,91.718197,91.577639,91.155967,90.312623,1.870522,1.873442,1.876372,NA,NA,1.9242933333333334,2.575762666666667,2.575762666666667,33.44229833333333,33.32128733333333,33.157058,1421.9557226399331,1468.7604370775423,1570.598871231108,27.273333333333333,26.573333333333334,28.385833333333334,14,14,14
2001-07-01,2001,7,-0.4999999999999998,-0.8660254037844388,1.963865,35.524885,33.65839,1.963865,0.38669815607419444,1.9638646528839843,1221.3636363636363,107.33327955686856,1049,1380,1380,1049,1221.3636363636363,1221.3636363636363,22,331,-331,-23.985507246376812,24.61,-11.633752244165175,-14.191073919107389,13.5,-0.5,-0.5,35.524885,33.65839,1.963865,26.986409,23.367421,5.675173,41.405745,35.366222,9.636689,48.87979,36.97823,3.666981,90.455158,92.139869,1.864709,1.571092,2.028451,2.173337,3.602384,NA,35.373823,35.273114,34.794749,34.291207,33.535894,33.528735,33.476873,33.321287,33.061978,33.010116,1.2246467991473532e-16,0.49999999999999994,0.8660254037844387,0.49999999999999994,-0.4999999999999998,-1,-0.8660254037844387,-0.49999999999999983,0.8660254037844387,-0.8660254037844388,1.571092,2.028451,2.173337,3.602384,NA,0.15491888982581692,0.4669267426555379,0.07788173221514594,0.3147132733427149,0,1.5710911164323216,2.028449822427092,2.173334844410002,3.602383426716149,NA,1377.4761904761904,1448.2857142857142,1440.1052631578948,1565.9545454545455,1618.2380952380952,14.45205538191384,26.959493424659996,16.162008733934947,29.297289445120494,12.813683162560096,1355,1389,1423,1504,1600,1394,1481,1463,1599,1642,1382,1453,1430,1599,1613,1386,1389,1459,1504,1642,1377.4761904761904,1448.2857142857142,1440.1052631578948,1565.9545454545455,1618.2380952380952,1377.4761904761904,1448.2857142857142,1440.1052631578948,1565.9545454545455,1618.2380952380952,21,21,19,22,21,39,92,40,95,42,4,-64,29,-95,29,0.28943560057888007,-4.404679972470749,2.027972027972025,-5.941213258286426,1.7978921264724113,27.85,28.31,25.66,25.62,28.68,-1.6248675379724409,10.327357755261101,4.734693877551011,-0.1558846453624252,-3.7583892617449655,-6.543624161073824,2.0547945205479534,12.741652021089633,0.43120344962759294,NA,14,14,14,14,14,0,0,0,0,0,0,0,0,0,NA,35.373823,35.273114,34.794749,34.291207,33.535894,33.528735,33.476873,33.321287,33.061978,33.010116,1.571092,2.028451,2.173337,3.602384,NA,26.945459,26.904508,26.720231,26.658805,25.90122,23.126842,22.794996,22.397928,22.919383,22.112498,6.140986,9.278117,12.21647,16.136017,NA,41.073174,40.740603,40.408031,39.410318,37.568659,35.049824,34.733426,34.417028,33.467834,32.257652,9.261318,8.88174,8.497884,7.319912,NA,48.925844,48.695497,48.511219,47.820179,46.438099,36.80147,36.836833,36.58936,35.917669,35.67021,3.17144,3.888342,4.020101,4.958652,NA,90.384125,90.313092,90.242058,90.028959,89.602759,91.999311,91.858754,91.718197,91.296524,90.45318,1.867611,1.870522,1.873442,1.882258,NA,1.8544693333333333,2.3026761666666666,2.4883487142857144,33.554666,33.42068933333333,33.211080833333334,1349.041847041847,1411.328618895724,1537.5259996582365,26.923333333333332,26.405,28.046666666666667,13.833333333333334,13.916666666666666,13.958333333333334
2001-08-01,2001,8,-0.8660254037844384,-0.5000000000000004,2.199529,35.625594,33.736183,2.199529,0.23112513700149773,2.1995287747549996,979.9090909090909,28.003246565029173,927,1037,1037,927,979.9090909090909,979.9090909090909,22,110,-110,-10.60752169720347,25.68,4.347826086956519,-14.966887417218544,13.5,0,-0.5,35.625594,33.736183,2.199529,27.047835,23.591891,5.367976,41.738316,35.68262,10.007922,48.787636,37.15499,3.956479,90.526192,92.280426,1.861816,1.963865,1.571092,2.028451,3.359312,NA,35.524885,35.373823,35.273114,34.341562,33.611426,33.65839,33.528735,33.476873,33.243495,33.010116,-0.4999999999999998,1.2246467991473532e-16,0.49999999999999994,0.8660254037844386,-0.8660254037844384,-0.8660254037844388,-1,-0.8660254037844387,0.5000000000000001,-0.5000000000000004,1.963865,1.571092,2.028451,3.359312,NA,0.38669815607419444,0.15491888982581692,0.4669267426555379,0.5490203883143252,0,1.9638646528839843,1.5710911164323216,2.028449822427092,3.3593126370711657,NA,1221.3636363636363,1377.4761904761904,1448.2857142857142,1479.15,1638.857142857143,107.33327955686856,14.45205538191384,26.959493424659996,29.086576755754894,7.875821952569232,1049,1355,1389,1445,1627,1380,1394,1481,1537,1652,1380,1382,1453,1493,1645,1049,1386,1389,1537,1652,1221.3636363636363,1377.4761904761904,1448.2857142857142,1479.15,1638.857142857143,1221.3636363636363,1377.4761904761904,1448.2857142857142,1479.15,1638.857142857143,22,21,21,20,21,331,39,92,92,25,-331,4,-64,44,7,-23.985507246376812,0.28943560057888007,-4.404679972470749,2.9470864032149935,0.42553191489360653,24.61,27.85,28.31,27.5,30.2,-11.633752244165175,-1.6248675379724409,10.327357755261101,7.338017174082734,5.299860529986056,-14.191073919107389,-6.543624161073824,2.0547945205479534,-1.0079193664506825,NA,13.5,14,14,14,14,-0.5,0,0,0,0,-0.5,0,0,0,NA,35.524885,35.373823,35.273114,34.341562,33.611426,33.65839,33.528735,33.476873,33.243495,33.010116,1.963865,1.571092,2.028451,3.359312,NA,26.986409,26.945459,26.904508,26.495003,26.003596,23.367421,23.126842,22.794996,22.23739,22.390001,5.675173,6.140986,9.278117,13.673317,NA,41.405745,41.073174,40.740603,39.742889,37.870477,35.366222,35.049824,34.733426,33.784232,32.436409,9.636689,9.261318,8.88174,7.717045,NA,48.87979,48.925844,48.695497,47.958387,46.622376,36.97823,36.80147,36.836833,36.306538,35.740909,3.666981,3.17144,3.888342,5.333317,NA,90.455158,90.384125,90.313092,90.099992,89.673792,92.139869,91.999311,91.858754,91.437082,90.593738,1.864709,1.867611,1.870522,1.87931,NA,1.9114953333333333,2.109379,2.45224625,33.64110266666666,33.502804,33.271586416666665,1192.9163059163059,1328.121800713906,1482.6136619958988,26.046666666666667,26.101666666666667,27.67,13.666666666666666,13.833333333333334,13.916666666666666
2001-09-01,2001,9,-1,-1.8369701987210297e-16,2.356638,35.776656,33.788045,2.356638,0.15372812033891403,2.356638189335669,945.2,37.5339846006256,898,995,918,952,945.2,945.2,20,97,34,3.703703703703698,25.62,-0.2336448598130758,-22.691611345805672,13.5,0,-0.5,35.776656,33.788045,2.356638,26.965934,23.495062,4.095033,42.070887,35.999018,10.375087,48.925844,37.50851,4.635092,90.597225,92.420983,1.8589309999999999,2.199529,1.963865,1.571092,2.72,NA,35.625594,35.524885,35.373823,34.643687,33.712134,33.736183,33.65839,33.528735,33.295356,33.010116,-0.8660254037844384,-0.4999999999999998,1.2246467991473532e-16,1,-1,-0.5000000000000004,-0.8660254037844388,-1,6.123233995736766e-17,-1.8369701987210297e-16,2.199529,1.963865,1.571092,2.72,NA,0.23112513700149773,0.38669815607419444,0.15491888982581692,0.15600345270554428,0,2.1995287747549996,1.9638646528839843,1.5710911164323216,2.7199976898659717,NA,979.9090909090909,1221.3636363636363,1377.4761904761904,1501.590909090909,1711.5238095238096,28.003246565029173,107.33327955686856,14.45205538191384,24.971715601587732,26.577469871338476,927,1049,1355,1438,1661,1037,1380,1394,1538,1740,1037,1380,1382,1538,1661,927,1049,1386,1438,1739,979.9090909090909,1221.3636363636363,1377.4761904761904,1501.590909090909,1711.5238095238096,979.9090909090909,1221.3636363636363,1377.4761904761904,1501.590909090909,1711.5238095238096,22,22,21,22,21,110,331,39,100,79,-110,-331,4,-100,78,-10.60752169720347,-23.985507246376812,0.28943560057888007,-6.501950585175553,4.695966285370257,25.68,24.61,27.85,24.5,33.14,4.347826086956519,-11.633752244165175,-1.6248675379724409,-10.909090909090914,9.735099337748343,-14.966887417218544,-14.191073919107389,-6.543624161073824,-10.876682429974526,NA,13.5,13.5,14,14,14,0,-0.5,0,0,0,-0.5,-0.5,0,0,NA,35.625594,35.524885,35.373823,34.643687,33.712134,33.736183,33.65839,33.528735,33.295356,33.010116,2.199529,1.963865,1.571092,2.72,NA,27.047835,26.986409,26.945459,26.3312,26.167398,23.591891,23.367421,23.126842,21.969282,22.570781,5.367976,5.675173,6.140986,12.70793,NA,41.738316,41.405745,41.073174,40.07546,38.172294,35.68262,35.366222,35.049824,34.10063,32.615166,10.007922,9.636689,9.261318,8.109677,NA,48.787636,48.87979,48.925844,48.280873,46.852723,37.15499,36.97823,36.80147,36.447949,35.84697,3.956479,3.666981,3.17144,4.563895,NA,90.526192,90.455158,90.384125,90.171025,89.744825,92.280426,92.139869,91.999311,91.577639,90.734295,1.861816,1.864709,1.867611,1.876372,NA,2.173344,2.0488186666666666,2.4416231111111113,33.72753933333333,33.58491883333333,33.33641383333333,1048.8242424242424,1235.3899825320877,1418.7533445355814,25.303333333333335,26.288333333333334,27.043333333333333,13.5,13.75,13.875
2001-10-01,2001,10,-0.8660254037844386,0.5000000000000001,2.576765,35.952896,33.842976,2.576765,0.16257525405807272,2.5767629687045046,898.0434782608696,17.0546668123142,861,939,939,861,898.0434782608696,898.0434782608696,23,78,-78,-8.306709265175716,20.54,-19.828259172521477,-33.65633074935401,13.5,0,-0.5,35.952896,33.842976,2.576765,27.006884,23.42901,4.275592,42.403459,36.315416,10.738248,48.87979,38.038791,6.32412,90.668258,92.561541,1.856056,2.356638,2.199529,1.963865,2.173337,NA,35.776656,35.625594,35.524885,34.794749,33.989082,33.788045,33.736183,33.65839,33.321287,32.992829,-1,-0.8660254037844384,-0.4999999999999998,0.8660254037844387,-0.8660254037844386,-1.8369701987210297e-16,-0.5000000000000004,-0.8660254037844388,-0.49999999999999983,0.5000000000000001,2.356638,2.199529,1.963865,2.173337,NA,0.15372812033891403,0.23112513700149773,0.38669815607419444,0.07788173221514594,-0.05236879506874681,2.356638189335669,2.1995287747549996,1.9638646528839843,2.173334844410002,NA,945.2,979.9090909090909,1221.3636363636363,1440.1052631578948,1734.3181818181818,37.5339846006256,28.003246565029173,107.33327955686856,16.162008733934947,14.551669397395003,898,927,1049,1423,1718,995,1037,1380,1463,1759,918,1037,1380,1430,1735,952,927,1049,1459,1759,945.2,979.9090909090909,1221.3636363636363,1440.1052631578948,1734.3181818181818,945.2,979.9090909090909,1221.3636363636363,1440.1052631578948,1734.3181818181818,20,22,22,19,22,97,110,331,40,41,34,-110,-331,29,24,3.703703703703698,-10.60752169720347,-23.985507246376812,2.027972027972025,1.383285302593662,25.62,25.68,24.61,25.66,30.96,-0.2336448598130758,4.347826086956519,-11.633752244165175,4.734693877551011,-6.5781532890766385,-22.691611345805672,-14.966887417218544,-14.191073919107389,12.741652021089633,NA,13.5,13.5,13.5,14,14,0,0,-0.5,0,0,-0.5,-0.5,-0.5,0,NA,35.776656,35.625594,35.524885,34.794749,33.989082,33.788045,33.736183,33.65839,33.321287,32.992829,2.356638,2.199529,1.963865,2.173337,NA,26.965934,27.047835,26.986409,26.720231,26.167398,23.495062,23.591891,23.367421,22.397928,22.468355,4.095033,5.367976,5.675173,12.21647,NA,42.070887,41.738316,41.405745,40.408031,38.474112,35.999018,35.68262,35.366222,34.417028,32.793923,10.375087,10.007922,9.636689,8.497884,NA,48.925844,48.787636,48.87979,48.511219,46.990931,37.50851,37.15499,36.97823,36.58936,35.776258,4.635092,3.956479,3.666981,4.020101,NA,90.597225,90.526192,90.455158,90.242058,89.815859,92.420983,92.280426,92.139869,91.718197,90.874852,1.8589309999999999,1.861816,1.864709,1.873442,NA,2.377644,2.1160566666666667,2.4551373,33.789068,33.671867,33.40725941666666,941.0508563899868,1145.046351715917,1349.0637859058054,23.946666666666665,25.435,26.175,13.5,13.666666666666666,13.833333333333334
2001-11-01,2001,11,-0.5000000000000004,0.8660254037844384,3.592213,36.053604,34.160093,3.592213,0.937024568997713,3.5922139988544988,855.2272727272727,7.9876799073967835,843,868,853,868,855.2272727272727,855.2272727272727,22,25,15,1.7584994138335253,18.8,-8.471275559883152,-42.2427035330261,13.5,0,-0.5,36.053604,34.160093,3.592213,26.945459,23.379324,2.852415,42.73603,36.631814,11.097472,49.110121,38.710483,8.523282,90.739292,92.702098,1.85319,2.576765,2.356638,2.199529,2.028451,NA,35.952896,35.776656,35.625594,35.273114,34.064614,33.842976,33.788045,33.736183,33.476873,32.975541,-0.8660254037844386,-1,-0.8660254037844384,0.49999999999999994,-0.5000000000000004,0.5000000000000001,-1.8369701987210297e-16,-0.5000000000000004,-0.8660254037844387,0.8660254037844384,2.576765,2.356638,2.199529,2.028451,NA,0.16257525405807272,0.15372812033891403,0.23112513700149773,0.4669267426555379,-0.052399265307012666,2.5767629687045046,2.356638189335669,2.1995287747549996,2.028449822427092,NA,898.0434782608696,945.2,979.9090909090909,1448.2857142857142,1722.3181818181818,17.0546668123142,37.5339846006256,28.003246565029173,26.959493424659996,31.58116732912401,861,898,927,1389,1672,939,995,1037,1481,1762,939,918,1037,1453,1759,861,952,927,1389,1672,898.0434782608696,945.2,979.9090909090909,1448.2857142857142,1722.3181818181818,898.0434782608696,945.2,979.9090909090909,1448.2857142857142,1722.3181818181818,23,20,22,21,22,78,97,110,92,90,-78,34,-110,-64,-87,-8.306709265175716,3.703703703703698,-10.60752169720347,-4.404679972470749,-4.945992040932346,20.54,25.62,25.68,28.31,32.55,-19.828259172521477,-0.2336448598130758,4.347826086956519,10.327357755261101,5.135658914728669,-33.65633074935401,-22.691611345805672,-14.966887417218544,2.0547945205479534,NA,13.5,13.5,13.5,14,14,0,0,0,0,0,-0.5,-0.5,-0.5,0,NA,35.952896,35.776656,35.625594,35.273114,34.064614,33.842976,33.788045,33.736183,33.476873,32.975541,2.576765,2.356638,2.199529,2.028451,NA,27.006884,26.965934,27.047835,26.904508,26.372151,23.42901,23.495062,23.591891,22.794996,22.730943,4.275592,4.095033,5.367976,9.278117,NA,42.403459,42.070887,41.738316,40.740603,38.775929,36.315416,35.999018,35.68262,34.733426,32.97268,10.738248,10.375087,10.007922,8.88174,NA,48.87979,48.925844,48.787636,48.695497,47.083069,38.038791,37.50851,37.15499,36.836833,35.67021,6.32412,4.635092,3.956479,3.888342,NA,90.668258,90.597225,90.526192,90.313092,89.886892,92.561541,92.420983,92.280426,91.858754,91.01541,1.856056,1.8589309999999999,1.861816,1.870522,NA,2.841872,2.3766836666666666,2.5585078181818184,33.93037133333333,33.785737,33.50597208333333,899.4902503293808,1046.2032781228434,1276.8062101482296,21.653333333333332,23.85,25.02916666666667,13.5,13.583333333333334,13.791666666666666
2001-12-01,2001,12,-2.4492935982947064e-16,1,4.608727,36.103958,34.47721,4.608727,0.9283259269815103,4.60872714919911,870.1764705882352,2.963007216445124,865,876,868,876,870.1764705882352,870.1764705882352,17,11,8,0.9216589861751112,18.71,-0.47872340425532123,-27.08495713172252,13.5,0,-0.5,36.103958,34.47721,4.608727,26.84513,23.35993,2.125098,43.068601,36.948211,11.452823,49.386553,39.664982,11.420016,90.810325,92.842655,1.850332,3.592213,2.576765,2.356638,1.571092,NA,36.053604,35.952896,35.776656,35.373823,34.140145,34.160093,33.842976,33.788045,33.528735,32.958254,-0.5000000000000004,-0.8660254037844386,-1,1.2246467991473532e-16,-2.4492935982947064e-16,0.8660254037844384,0.5000000000000001,-1.8369701987210297e-16,-1,1,3.592213,2.576765,2.356638,1.571092,NA,0.937024568997713,0.16257525405807272,0.15372812033891403,0.15491888982581692,-0.05242370398108598,3.5922139988544988,2.5767629687045046,2.356638189335669,1.5710911164323216,NA,855.2272727272727,898.0434782608696,945.2,1377.4761904761904,1609.3684210526317,7.9876799073967835,17.0546668123142,37.5339846006256,14.45205538191384,26.33166772436184,843,861,898,1355,1581,868,939,995,1394,1664,853,939,918,1382,1664,868,861,952,1386,1599,855.2272727272727,898.0434782608696,945.2,1377.4761904761904,1609.3684210526317,855.2272727272727,898.0434782608696,945.2,1377.4761904761904,1609.3684210526317,22,23,20,21,19,25,78,97,39,83,15,-78,34,4,-65,1.7584994138335253,-8.306709265175716,3.703703703703698,0.28943560057888007,-3.90625,18.8,20.54,25.62,27.85,25.66,-8.471275559883152,-19.828259172521477,-0.2336448598130758,-1.6248675379724409,-21.16743471582181,-42.2427035330261,-33.65633074935401,-22.691611345805672,-6.543624161073824,NA,13.5,13.5,13.5,14,14,0,0,0,0,0,-0.5,-0.5,-0.5,0,NA,36.053604,35.952896,35.776656,35.373823,34.140145,34.160093,33.842976,33.788045,33.528735,32.958254,3.592213,2.576765,2.356638,1.571092,NA,26.945459,27.006884,26.965934,26.945459,26.413102,23.379324,23.42901,23.495062,23.126842,22.873839,2.852415,4.275592,4.095033,6.140986,NA,42.73603,42.403459,42.070887,41.073174,39.077747,36.631814,36.315416,35.999018,35.049824,33.151436,11.097472,10.738248,10.375087,9.261318,NA,49.110121,48.87979,48.925844,48.925844,47.221278,38.710483,38.038791,37.50851,36.80147,35.599512,8.523282,6.32412,4.635092,3.17144,NA,90.739292,90.668258,90.597225,90.384125,89.957925,92.702098,92.561541,92.420983,91.999311,91.155967,1.85319,1.856056,1.8589309999999999,1.867611,NA,3.5925683333333334,2.8829561666666668,2.7293594166666666,34.160093,33.943816166666664,33.63255175,874.4824071921258,961.6533248081842,1215.2068809428633,19.35,22.326666666666668,24.45,13.5,13.5,13.75
2002-01-01,2002,1,0.49999999999999994,0.8660254037844387,5.239702,36.229844,34.794327,5.239702,0.9197873029749282,5.239701629466942,931.3181818181819,26.68223301078001,882,969,882,908,931.3181818181819,931.3181818181819,22,87,26,2.947845804988658,19.42,3.794762159273124,-24.199843871975013,12.5,-1,-1.5,36.229844,34.794327,5.239702,26.777561,23.059345,0.610673,45.428372,37.264609,11.34455,50.215801,40.336674,12.303151,90.881358,92.983213,1.847484,4.608727,3.592213,2.576765,1.963865,3.602384,36.103958,36.053604,35.952896,35.524885,34.291207,34.47721,34.160093,33.842976,33.65839,33.061978,-2.4492935982947064e-16,-0.5000000000000004,-0.8660254037844386,-0.4999999999999998,0.49999999999999994,1,0.8660254037844384,0.5000000000000001,-0.8660254037844388,0.8660254037844387,4.608727,3.592213,2.576765,1.963865,3.602384,0.9283259269815103,0.937024568997713,0.16257525405807272,0.38669815607419444,0.3147132733427149,4.60872714919911,3.5922139988544988,2.5767629687045046,1.9638646528839843,3.602383426716149,870.1764705882352,855.2272727272727,898.0434782608696,1221.3636363636363,1565.9545454545455,2.963007216445124,7.9876799073967835,17.0546668123142,107.33327955686856,29.297289445120494,865,843,861,1049,1504,876,868,939,1380,1599,868,853,939,1380,1599,876,868,861,1049,1504,870.1764705882352,855.2272727272727,898.0434782608696,1221.3636363636363,1565.9545454545455,870.1764705882352,855.2272727272727,898.0434782608696,1221.3636363636363,1565.9545454545455,17,22,23,22,22,11,25,78,331,95,8,15,-78,-331,-95,0.9216589861751112,1.7584994138335253,-8.306709265175716,-23.985507246376812,-5.941213258286426,18.71,18.8,20.54,24.61,25.62,-0.47872340425532123,-8.471275559883152,-19.828259172521477,-11.633752244165175,-0.1558846453624252,-27.08495713172252,-42.2427035330261,-33.65633074935401,-14.191073919107389,0.43120344962759294,13.5,13.5,13.5,13.5,14,0,0,0,-0.5,0,-0.5,-0.5,-0.5,-0.5,0,36.103958,36.053604,35.952896,35.524885,34.291207,34.47721,34.160093,33.842976,33.65839,33.061978,4.608727,3.592213,2.576765,1.963865,3.602384,26.84513,26.945459,27.006884,26.986409,26.658805,23.35993,23.379324,23.42901,23.367421,22.919383,2.125098,2.852415,4.275592,5.675173,16.136017,43.068601,42.73603,42.403459,41.405745,39.410318,36.948211,36.631814,36.315416,35.366222,33.467834,11.452823,11.097472,10.738248,9.636689,7.319912,49.386553,49.110121,48.87979,48.87979,47.820179,39.664982,38.710483,38.038791,36.97823,35.917669,11.420016,8.523282,6.32412,3.666981,4.958652,90.810325,90.739292,90.668258,90.455158,90.028959,92.842655,92.702098,92.561541,92.139869,91.296524,1.850332,1.85319,1.856056,1.864709,1.882258,4.480214,3.428929,2.865802583333333,34.47721,34.133139,33.776914166666664,885.5739750445633,913.312415717275,1162.3205173064996,18.976666666666667,21.461666666666666,23.933333333333334,13.166666666666666,13.333333333333334,13.625
2002-02-01,2002,2,0.8660254037844386,0.5000000000000001,5.618992,36.280198,35.111444,5.618992,0.9114043217447465,5.618991023657394,959.55,44.386431070293256,908,1031,908,1031,959.55,959.55,20,123,123,13.54625550660793,20.28,4.4284243048403615,-26.254545454545454,12.5,0,-1.5,36.280198,35.111444,5.618992,26.812369,22.591119,1.590695,46.319124,38.036057,12.585233,50.822046,40.704449,12.113274,90.952391,93.12377,1.844644,5.239702,4.608727,3.592213,2.199529,3.359312,36.229844,36.103958,36.053604,35.625594,34.341562,34.794327,34.47721,34.160093,33.736183,33.243495,0.49999999999999994,-2.4492935982947064e-16,-0.5000000000000004,-0.8660254037844384,0.8660254037844386,0.8660254037844387,1,0.8660254037844384,-0.5000000000000004,0.5000000000000001,5.239702,4.608727,3.592213,2.199529,3.359312,0.9197873029749282,0.9283259269815103,0.937024568997713,0.23112513700149773,0.5490203883143252,5.239701629466942,4.60872714919911,3.5922139988544988,2.1995287747549996,3.3593126370711657,931.3181818181819,870.1764705882352,855.2272727272727,979.9090909090909,1479.15,26.68223301078001,2.963007216445124,7.9876799073967835,28.003246565029173,29.086576755754894,882,865,843,927,1445,969,876,868,1037,1537,882,868,853,1037,1493,908,876,868,927,1537,931.3181818181819,870.1764705882352,855.2272727272727,979.9090909090909,1479.15,931.3181818181819,870.1764705882352,855.2272727272727,979.9090909090909,1479.15,22,17,22,22,20,87,11,25,110,92,26,8,15,-110,44,2.947845804988658,0.9216589861751112,1.7584994138335253,-10.60752169720347,2.9470864032149935,19.42,18.71,18.8,25.68,27.5,3.794762159273124,-0.47872340425532123,-8.471275559883152,4.347826086956519,7.338017174082734,-24.199843871975013,-27.08495713172252,-42.2427035330261,-14.966887417218544,-1.0079193664506825,12.5,13.5,13.5,13.5,14,-1,0,0,0,0,-1.5,-0.5,-0.5,-0.5,0,36.229844,36.103958,36.053604,35.625594,34.341562,34.794327,34.47721,34.160093,33.736183,33.243495,5.239702,4.608727,3.592213,2.199529,3.359312,26.777561,26.84513,26.945459,27.047835,26.495003,23.059345,23.35993,23.379324,23.591891,22.23739,0.610673,2.125098,2.852415,5.367976,13.673317,45.428372,43.068601,42.73603,41.738316,39.742889,37.264609,36.948211,36.631814,35.68262,33.784232,11.34455,11.452823,11.097472,10.007922,7.717045,50.215801,49.386553,49.110121,48.787636,47.958387,40.336674,39.664982,38.710483,37.15499,36.306538,12.303151,11.420016,8.523282,3.956479,5.333317,90.881358,90.810325,90.739292,90.526192,90.099992,92.983213,92.842655,92.702098,92.280426,91.437082,1.847484,1.850332,1.85319,1.861816,1.87931,5.155807,3.9988395,3.05410925,34.794327,34.36234916666667,33.93257658333333,920.3482174688057,909.9192338990932,1119.0205173064996,19.470000000000002,20.561666666666667,23.331666666666667,12.833333333333334,13.166666666666666,13.5
2002-03-01,2002,3,1,6.123233995736766e-17,6.406912,36.758563,35.428561,6.406912,0.9031727661215072,6.406914525857621,1064.75,18.072587558305855,1033,1086,1033,1082,1064.75,1064.75,20,53,49,4.7434656340755055,23.7,16.863905325443774,-3.2653061224489854,12.5,0,-1.5,36.758563,35.428561,6.406912,26.857415,22.560452,2.690896,47.209876,38.645378,13.32746,51.331859,41.472829,13.786453,91.023425,93.264328,1.841812,5.618992,5.239702,4.608727,2.356638,2.72,36.280198,36.229844,36.103958,35.776656,34.643687,35.111444,34.794327,34.47721,33.788045,33.295356,0.8660254037844386,0.49999999999999994,-2.4492935982947064e-16,-1,1,0.5000000000000001,0.8660254037844387,1,-1.8369701987210297e-16,6.123233995736766e-17,5.618992,5.239702,4.608727,2.356638,2.72,0.9114043217447465,0.9197873029749282,0.9283259269815103,0.15372812033891403,0.15600345270554428,5.618991023657394,5.239701629466942,4.60872714919911,2.356638189335669,2.7199976898659717,959.55,931.3181818181819,870.1764705882352,945.2,1501.590909090909,44.386431070293256,26.68223301078001,2.963007216445124,37.5339846006256,24.971715601587732,908,882,865,898,1438,1031,969,876,995,1538,908,882,868,918,1538,1031,908,876,952,1438,959.55,931.3181818181819,870.1764705882352,945.2,1501.590909090909,959.55,931.3181818181819,870.1764705882352,945.2,1501.590909090909,20,22,17,20,22,123,87,11,97,100,123,26,8,34,-100,13.54625550660793,2.947845804988658,0.9216589861751112,3.703703703703698,-6.501950585175553,20.28,19.42,18.71,25.62,24.5,4.4284243048403615,3.794762159273124,-0.47872340425532123,-0.2336448598130758,-10.909090909090914,-26.254545454545454,-24.199843871975013,-27.08495713172252,-22.691611345805672,-10.876682429974526,12.5,12.5,13.5,13.5,14,0,-1,0,0,0,-1.5,-1.5,-0.5,-0.5,0,36.280198,36.229844,36.103958,35.776656,34.643687,35.111444,34.794327,34.47721,33.788045,33.295356,5.618992,5.239702,4.608727,2.356638,2.72,26.812369,26.777561,26.84513,26.965934,26.3312,22.591119,23.059345,23.35993,23.495062,21.969282,1.590695,0.610673,2.125098,4.095033,12.70793,46.319124,45.428372,43.068601,42.070887,40.07546,38.036057,37.264609,36.948211,35.999018,34.10063,12.585233,11.34455,11.452823,10.375087,8.109677,50.822046,50.215801,49.386553,48.925844,48.280873,40.704449,40.336674,39.664982,37.50851,36.447949,12.113274,12.303151,11.420016,4.635092,4.563895,90.952391,90.881358,90.810325,90.597225,90.171025,93.12377,92.983213,92.842655,92.420983,91.577639,1.844644,1.847484,1.850332,1.8589309999999999,1.876372,5.755202000000001,4.6738851666666665,3.361351916666667,35.111444,34.6357685,34.110343666666665,985.2060606060606,929.8442338990933,1082.6171082155904,21.133333333333333,20.241666666666667,23.265,12.5,13,13.375
2002-04-01,2002,4,0.8660254037844387,-0.49999999999999983,7.2758,37.211751,35.745678,7.2758,0.895088569925262,7.275802402230136,1077.4761904761904,23.42780196181248,1027,1104,1081,1027,1077.4761904761904,1077.4761904761904,21,77,-54,-4.995374653098983,25.73,8.565400843881864,0.2727981293842552,12.5,0,-1.5,37.211751,35.745678,7.2758,26.957744,22.652159,1.135065,47.299561,39.338864,14.300584,52.206799,42.25434,15.482588,91.094458,93.404885,1.83899,6.406912,5.618992,5.239702,2.576765,2.173337,36.758563,36.280198,36.229844,35.952896,34.794749,35.428561,35.111444,34.794327,33.842976,33.321287,1,0.8660254037844386,0.49999999999999994,-0.8660254037844386,0.8660254037844387,6.123233995736766e-17,0.5000000000000001,0.8660254037844387,0.5000000000000001,-0.49999999999999983,6.406912,5.618992,5.239702,2.576765,2.173337,0.9031727661215072,0.9114043217447465,0.9197873029749282,0.16257525405807272,0.07788173221514594,6.406914525857621,5.618991023657394,5.239701629466942,2.5767629687045046,2.173334844410002,1064.75,959.55,931.3181818181819,898.0434782608696,1440.1052631578948,18.072587558305855,44.386431070293256,26.68223301078001,17.0546668123142,16.162008733934947,1033,908,882,861,1423,1086,1031,969,939,1463,1033,908,882,939,1430,1082,1031,908,861,1459,1064.75,959.55,931.3181818181819,898.0434782608696,1440.1052631578948,1064.75,959.55,931.3181818181819,898.0434782608696,1440.1052631578948,20,20,22,23,19,53,123,87,78,40,49,123,26,-78,29,4.7434656340755055,13.54625550660793,2.947845804988658,-8.306709265175716,2.027972027972025,23.7,20.28,19.42,20.54,25.66,16.863905325443774,4.4284243048403615,3.794762159273124,-19.828259172521477,4.734693877551011,-3.2653061224489854,-26.254545454545454,-24.199843871975013,-33.65633074935401,12.741652021089633,12.5,12.5,12.5,13.5,14,0,0,-1,0,0,-1.5,-1.5,-1.5,-0.5,0,36.758563,36.280198,36.229844,35.952896,34.794749,35.428561,35.111444,34.794327,33.842976,33.321287,6.406912,5.618992,5.239702,2.576765,2.173337,26.857415,26.812369,26.777561,27.006884,26.720231,22.560452,22.591119,23.059345,23.42901,22.397928,2.690896,1.590695,0.610673,4.275592,12.21647,47.209876,46.319124,45.428372,42.403459,40.408031,38.645378,38.036057,37.264609,36.315416,34.417028,13.32746,12.585233,11.34455,10.738248,8.497884,51.331859,50.822046,50.215801,48.87979,48.511219,41.472829,40.704449,40.336674,38.038791,36.58936,13.786453,12.113274,12.303151,6.32412,4.020101,91.023425,90.952391,90.881358,90.668258,90.242058,93.264328,93.12377,92.983213,92.561541,91.718197,1.841812,1.844644,1.847484,1.856056,1.873442,6.433901333333334,5.457057666666667,3.7865571666666664,35.428561,34.9528855,34.31237625,1033.9253968253968,959.74968593498,1052.3980188254484,23.236666666666668,21.10666666666667,23.270833333333332,12.5,12.833333333333334,13.25
2002-05-01,2002,5,0.49999999999999994,-0.8660254037844387,7.724501,37.312459,36.062794,7.724501,0.8871450137272419,7.724499836050991,1032.909090909091,8.906440103917799,1016,1046,1020,1042,1032.909090909091,1032.909090909091,22,30,22,2.1568627450980316,25.35,-1.4768752429071053,-10.45566937477922,12.5,0,-1.5,37.312459,36.062794,7.724501,27.365202,23.310834,2.262944,48.034245,39.701621,14.303788,52.46169,42.569574,15.562524,91.165491,93.545442,1.836176,7.2758,6.406912,5.618992,3.592213,2.028451,37.211751,36.758563,36.280198,36.053604,35.273114,35.745678,35.428561,35.111444,34.160093,33.476873,0.8660254037844387,1,0.8660254037844386,-0.5000000000000004,0.49999999999999994,-0.49999999999999983,6.123233995736766e-17,0.5000000000000001,0.8660254037844384,-0.8660254037844387,7.2758,6.406912,5.618992,3.592213,2.028451,0.895088569925262,0.9031727661215072,0.9114043217447465,0.937024568997713,0.4669267426555379,7.275802402230136,6.406914525857621,5.618991023657394,3.5922139988544988,2.028449822427092,1077.4761904761904,1064.75,959.55,855.2272727272727,1448.2857142857142,23.42780196181248,18.072587558305855,44.386431070293256,7.9876799073967835,26.959493424659996,1027,1033,908,843,1389,1104,1086,1031,868,1481,1081,1033,908,853,1453,1027,1082,1031,868,1389,1077.4761904761904,1064.75,959.55,855.2272727272727,1448.2857142857142,1077.4761904761904,1064.75,959.55,855.2272727272727,1448.2857142857142,21,20,20,22,21,77,53,123,25,92,-54,49,123,15,-64,-4.995374653098983,4.7434656340755055,13.54625550660793,1.7584994138335253,-4.404679972470749,25.73,23.7,20.28,18.8,28.31,8.565400843881864,16.863905325443774,4.4284243048403615,-8.471275559883152,10.327357755261101,0.2727981293842552,-3.2653061224489854,-26.254545454545454,-42.2427035330261,2.0547945205479534,12.5,12.5,12.5,13.5,14,0,0,0,0,0,-1.5,-1.5,-1.5,-0.5,0,37.211751,36.758563,36.280198,36.053604,35.273114,35.745678,35.428561,35.111444,34.160093,33.476873,7.2758,6.406912,5.618992,3.592213,2.028451,26.957744,26.857415,26.812369,26.945459,26.904508,22.652159,22.560452,22.591119,23.379324,22.794996,1.135065,2.690896,1.590695,2.852415,9.278117,47.299561,47.209876,46.319124,42.73603,40.740603,39.338864,38.645378,38.036057,36.631814,34.733426,14.300584,13.32746,12.585233,11.097472,8.88174,52.206799,51.331859,50.822046,49.110121,48.695497,42.25434,41.472829,40.704449,38.710483,36.836833,15.482588,13.786453,12.113274,8.523282,3.888342,91.094458,91.023425,90.952391,90.739292,90.313092,93.404885,93.264328,93.12377,92.702098,91.858754,1.83899,1.841812,1.844644,1.85319,1.870522,7.1357376666666665,6.145772333333333,4.261228,35.745677666666666,35.27000233333333,34.52786966666667,1058.3784271284271,989.3633222986164,1017.7833002107299,24.926666666666666,22.198333333333334,23.024166666666666,12.5,12.666666666666666,13.125
2002-06-01,2002,6,1.2246467991473532e-16,-1,8.50368,37.463522,36.379911,8.50368,0.8793467305944214,8.503679008468424,995.0555555555555,13.764712865201288,978,1027,1027,1005,995.0555555555555,995.0555555555555,18,49,-22,-2.142161635832518,24.08,-5.009861932938864,-13.536804308797134,12.5,0,-1.5,37.463522,36.379911,8.50368,27.709186,24.002786,3.787563,48.356112,40.333847,15.075749,52.909491,43.34452,17.779318,91.236525,93.686,1.833371,7.724501,7.2758,6.406912,4.608727,1.571092,37.312459,37.211751,36.758563,36.103958,35.373823,36.062794,35.745678,35.428561,34.47721,33.528735,0.49999999999999994,0.8660254037844387,1,-2.4492935982947064e-16,1.2246467991473532e-16,-0.8660254037844387,-0.49999999999999983,6.123233995736766e-17,1,-1,7.724501,7.2758,6.406912,4.608727,1.571092,0.8871450137272419,0.895088569925262,0.9031727661215072,0.9283259269815103,0.15491888982581692,7.724499836050991,7.275802402230136,6.406914525857621,4.60872714919911,1.5710911164323216,1032.909090909091,1077.4761904761904,1064.75,870.1764705882352,1377.4761904761904,8.906440103917799,23.42780196181248,18.072587558305855,2.963007216445124,14.45205538191384,1016,1027,1033,865,1355,1046,1104,1086,876,1394,1020,1081,1033,868,1382,1042,1027,1082,876,1386,1032.909090909091,1077.4761904761904,1064.75,870.1764705882352,1377.4761904761904,1032.909090909091,1077.4761904761904,1064.75,870.1764705882352,1377.4761904761904,22,21,20,17,21,30,77,53,11,39,22,-54,49,8,4,2.1568627450980316,-4.995374653098983,4.7434656340755055,0.9216589861751112,0.28943560057888007,25.35,25.73,23.7,18.71,27.85,-1.4768752429071053,8.565400843881864,16.863905325443774,-0.47872340425532123,-1.6248675379724409,-10.45566937477922,0.2727981293842552,-3.2653061224489854,-27.08495713172252,-6.543624161073824,12.5,12.5,12.5,13.5,14,0,0,0,0,0,-1.5,-1.5,-1.5,-0.5,0,37.312459,37.211751,36.758563,36.103958,35.373823,36.062794,35.745678,35.428561,34.47721,33.528735,7.724501,7.2758,6.406912,4.608727,1.571092,27.365202,26.957744,26.857415,26.84513,26.945459,23.310834,22.652159,22.560452,23.35993,23.126842,2.262944,1.135065,2.690896,2.125098,6.140986,48.034245,47.299561,47.209876,43.068601,41.073174,39.701621,39.338864,38.645378,36.948211,35.049824,14.303788,14.300584,13.32746,11.452823,9.261318,52.46169,52.206799,51.331859,49.386553,48.925844,42.569574,42.25434,41.472829,39.664982,36.80147,15.562524,15.482588,13.786453,11.420016,3.17144,91.165491,91.094458,91.023425,90.810325,90.384125,93.545442,93.404885,93.264328,92.842655,91.999311,1.836176,1.83899,1.841812,1.850332,1.867611,7.834660333333333,6.794931166666666,4.838943666666666,36.06279433333333,35.58711916666667,34.765467666666666,1035.1469456469456,1010.1765031265031,985.9149139673436,25.053333333333335,23.093333333333334,22.71,12.5,12.5,13
2002-07-01,2002,7,-0.4999999999999998,-0.8660254037844388,9.027878,38.672022,36.697028,9.027878,0.8716816267087646,9.027876853289785,988.5652173913044,17.768271228529603,962,1007,1005,968,988.5652173913044,988.5652173913044,23,45,-37,-3.681592039800996,25.74,6.893687707641205,4.5916294189353835,12.5,0,-1,38.672022,36.697028,9.027878,27.565859,24.023765,2.808799,48.836356,40.569098,14.711427,53.749981,43.935592,18.814753,91.307558,93.826557,1.830574,8.50368,7.724501,7.2758,5.239702,1.963865,37.463522,37.312459,37.211751,36.229844,35.524885,36.379911,36.062794,35.745678,34.794327,33.65839,1.2246467991473532e-16,0.49999999999999994,0.8660254037844387,0.49999999999999994,-0.4999999999999998,-1,-0.8660254037844387,-0.49999999999999983,0.8660254037844387,-0.8660254037844388,8.50368,7.724501,7.2758,5.239702,1.963865,0.8793467305944214,0.8871450137272419,0.895088569925262,0.9197873029749282,0.38669815607419444,8.503679008468424,7.724499836050991,7.275802402230136,5.239701629466942,1.9638646528839843,995.0555555555555,1032.909090909091,1077.4761904761904,931.3181818181819,1221.3636363636363,13.764712865201288,8.906440103917799,23.42780196181248,26.68223301078001,107.33327955686856,978,1016,1027,882,1049,1027,1046,1104,969,1380,1027,1020,1081,882,1380,1005,1042,1027,908,1049,995.0555555555555,1032.909090909091,1077.4761904761904,931.3181818181819,1221.3636363636363,995.0555555555555,1032.909090909091,1077.4761904761904,931.3181818181819,1221.3636363636363,18,22,21,22,22,49,30,77,87,331,-22,22,-54,26,-331,-2.142161635832518,2.1568627450980316,-4.995374653098983,2.947845804988658,-23.985507246376812,24.08,25.35,25.73,19.42,24.61,-5.009861932938864,-1.4768752429071053,8.565400843881864,3.794762159273124,-11.633752244165175,-13.536804308797134,-10.45566937477922,0.2727981293842552,-24.199843871975013,-14.191073919107389,12.5,12.5,12.5,12.5,13.5,0,0,0,-1,-0.5,-1.5,-1.5,-1.5,-1.5,-0.5,37.463522,37.312459,37.211751,36.229844,35.524885,36.379911,36.062794,35.745678,34.794327,33.65839,8.50368,7.724501,7.2758,5.239702,1.963865,27.709186,27.365202,26.957744,26.777561,26.986409,24.002786,23.310834,22.652159,23.059345,23.367421,3.787563,2.262944,1.135065,0.610673,5.675173,48.356112,48.034245,47.299561,45.428372,41.405745,40.333847,39.701621,39.338864,37.264609,35.366222,15.075749,14.303788,14.300584,11.34455,9.636689,52.909491,52.46169,52.206799,50.215801,48.87979,43.34452,42.569574,42.25434,40.336674,36.97823,17.779318,15.562524,15.482588,12.303151,3.666981,91.236525,91.165491,91.094458,90.881358,90.455158,93.686,93.545442,93.404885,92.983213,92.139869,1.833371,1.836176,1.83899,1.847484,1.864709,8.418686333333333,7.426293833333333,5.427611416666667,36.379911,35.904236,35.0186875,1005.5099546186503,1019.7176757220235,966.5150457196493,25.056666666666665,24.14666666666667,22.804166666666667,12.5,12.5,12.916666666666666
2002-08-01,2002,8,-0.8660254037844384,-0.5000000000000004,9.716459,39.150387,37.014145,9.716459,0.8641489986600526,9.716457845868343,1001.7619047619048,22.40737548644366,970,1036,970,1036,1001.7619047619048,1001.7619047619048,21,66,66,6.804123711340204,26.65,3.535353535353547,3.777258566978192,12.5,0,-1,39.150387,37.014145,9.716459,27.537194,24.158485,2.401649,49.172711,40.742326,14.17975,54.039338,44.697392,20.299835,91.378591,93.967114,1.827786,9.027878,8.50368,7.724501,5.618992,2.199529,38.672022,37.463522,37.312459,36.280198,35.625594,36.697028,36.379911,36.062794,35.111444,33.736183,-0.4999999999999998,1.2246467991473532e-16,0.49999999999999994,0.8660254037844386,-0.8660254037844384,-0.8660254037844388,-1,-0.8660254037844387,0.5000000000000001,-0.5000000000000004,9.027878,8.50368,7.724501,5.618992,2.199529,0.8716816267087646,0.8793467305944214,0.8871450137272419,0.9114043217447465,0.23112513700149773,9.027876853289785,8.503679008468424,7.724499836050991,5.618991023657394,2.1995287747549996,988.5652173913044,995.0555555555555,1032.909090909091,959.55,979.9090909090909,17.768271228529603,13.764712865201288,8.906440103917799,44.386431070293256,28.003246565029173,962,978,1016,908,927,1007,1027,1046,1031,1037,1005,1027,1020,908,1037,968,1005,1042,1031,927,988.5652173913044,995.0555555555555,1032.909090909091,959.55,979.9090909090909,988.5652173913044,995.0555555555555,1032.909090909091,959.55,979.9090909090909,23,18,22,20,22,45,49,30,123,110,-37,-22,22,123,-110,-3.681592039800996,-2.142161635832518,2.1568627450980316,13.54625550660793,-10.60752169720347,25.74,24.08,25.35,20.28,25.68,6.893687707641205,-5.009861932938864,-1.4768752429071053,4.4284243048403615,4.347826086956519,4.5916294189353835,-13.536804308797134,-10.45566937477922,-26.254545454545454,-14.966887417218544,12.5,12.5,12.5,12.5,13.5,0,0,0,0,0,-1,-1.5,-1.5,-1.5,-0.5,38.672022,37.463522,37.312459,36.280198,35.625594,36.697028,36.379911,36.062794,35.111444,33.736183,9.027878,8.50368,7.724501,5.618992,2.199529,27.565859,27.709186,27.365202,26.812369,27.047835,24.023765,24.002786,23.310834,22.591119,23.591891,2.808799,3.787563,2.262944,1.590695,5.367976,48.836356,48.356112,48.034245,46.319124,41.738316,40.569098,40.333847,39.701621,38.036057,35.68262,14.711427,15.075749,14.303788,12.585233,10.007922,53.749981,52.909491,52.46169,50.822046,48.787636,43.935592,43.34452,42.569574,40.704449,37.15499,18.814753,17.779318,15.562524,12.113274,3.956479,91.307558,91.236525,91.165491,90.952391,90.526192,93.826557,93.686,93.545442,93.12377,92.280426,1.830574,1.833371,1.836176,1.844644,1.861816,9.082672333333333,8.109205,6.05402225,36.697028,36.221352833333334,35.291851,995.1275592362549,1026.752993182341,968.3361135407172,25.49,25.208333333333332,22.885,12.5,12.5,12.833333333333334
2002-09-01,2002,9,-1,-1.8369701987210297e-16,10.486601,39.402158,37.331262,10.486601,0.8567454415062237,10.486599624216208,1182.3809523809523,98.61971212210882,1039,1367,1039,1367,1182.3809523809523,1182.3809523809523,21,328,328,31.568816169393642,28.4,6.566604127579745,10.850897736143628,12.5,0,-1,39.402158,37.331262,10.486601,27.445055,24.048674,2.356289,49.783108,41.683473,15.790585,54.514701,45.564289,21.477201,91.449624,94.107672,1.825006,9.716459,9.027878,8.50368,6.406912,2.356638,39.150387,38.672022,37.463522,36.758563,35.776656,37.014145,36.697028,36.379911,35.428561,33.788045,-0.8660254037844384,-0.4999999999999998,1.2246467991473532e-16,1,-1,-0.5000000000000004,-0.8660254037844388,-1,6.123233995736766e-17,-1.8369701987210297e-16,9.716459,9.027878,8.50368,6.406912,2.356638,0.8641489986600526,0.8716816267087646,0.8793467305944214,0.9031727661215072,0.15372812033891403,9.716457845868343,9.027876853289785,8.503679008468424,6.406914525857621,2.356638189335669,1001.7619047619048,988.5652173913044,995.0555555555555,1064.75,945.2,22.40737548644366,17.768271228529603,13.764712865201288,18.072587558305855,37.5339846006256,970,962,978,1033,898,1036,1007,1027,1086,995,970,1005,1027,1033,918,1036,968,1005,1082,952,1001.7619047619048,988.5652173913044,995.0555555555555,1064.75,945.2,1001.7619047619048,988.5652173913044,995.0555555555555,1064.75,945.2,21,23,18,20,20,66,45,49,53,97,66,-37,-22,49,34,6.804123711340204,-3.681592039800996,-2.142161635832518,4.7434656340755055,3.703703703703698,26.65,25.74,24.08,23.7,25.62,3.535353535353547,6.893687707641205,-5.009861932938864,16.863905325443774,-0.2336448598130758,3.777258566978192,4.5916294189353835,-13.536804308797134,-3.2653061224489854,-22.691611345805672,12.5,12.5,12.5,12.5,13.5,0,0,0,0,0,-1,-1,-1.5,-1.5,-0.5,39.150387,38.672022,37.463522,36.758563,35.776656,37.014145,36.697028,36.379911,35.428561,33.788045,9.716459,9.027878,8.50368,6.406912,2.356638,27.537194,27.565859,27.709186,26.857415,26.965934,24.158485,24.023765,24.002786,22.560452,23.495062,2.401649,2.808799,3.787563,2.690896,4.095033,49.172711,48.836356,48.356112,47.209876,42.070887,40.742326,40.569098,40.333847,38.645378,35.999018,14.17975,14.711427,15.075749,13.32746,10.375087,54.039338,53.749981,52.909491,51.331859,48.925844,44.697392,43.935592,43.34452,41.472829,37.50851,20.299835,18.814753,17.779318,13.786453,4.635092,91.378591,91.307558,91.236525,91.023425,90.597225,93.967114,93.826557,93.686,93.264328,92.420983,1.827786,1.830574,1.833371,1.841812,1.8589309999999999,9.743646,8.789153166666667,6.731519166666667,37.014145,36.538469666666664,35.587119083333334,1057.5693581780538,1046.3581519124998,988.1011929057964,26.93,25.991666666666667,23.116666666666667,12.5,12.5,12.75
2002-10-01,2002,10,-0.8660254037844386,0.5000000000000001,11.244292,39.553221,37.648379,11.244292,0.8494676660006695,11.244291873149681,1365.391304347826,24.622124438352333,1334,1417,1371,1417,1365.391304347826,1365.391304347826,23,83,46,3.3552151714077327,27.54,-3.028169014084503,34.07984420642649,12.5,0,-1,39.553221,37.648379,11.244292,27.512624,24.016644,2.508148,50.402054,42.89215,18.110034,55.327629,46.339234,21.820997,91.520658,94.248229,1.822235,10.486601,9.716459,9.027878,7.2758,2.576765,39.402158,39.150387,38.672022,37.211751,35.952896,37.331262,37.014145,36.697028,35.745678,33.842976,-1,-0.8660254037844384,-0.4999999999999998,0.8660254037844387,-0.8660254037844386,-1.8369701987210297e-16,-0.5000000000000004,-0.8660254037844388,-0.49999999999999983,0.5000000000000001,10.486601,9.716459,9.027878,7.2758,2.576765,0.8567454415062237,0.8641489986600526,0.8716816267087646,0.895088569925262,0.16257525405807272,10.486599624216208,9.716457845868343,9.027876853289785,7.275802402230136,2.5767629687045046,1182.3809523809523,1001.7619047619048,988.5652173913044,1077.4761904761904,898.0434782608696,98.61971212210882,22.40737548644366,17.768271228529603,23.42780196181248,17.0546668123142,1039,970,962,1027,861,1367,1036,1007,1104,939,1039,970,1005,1081,939,1367,1036,968,1027,861,1182.3809523809523,1001.7619047619048,988.5652173913044,1077.4761904761904,898.0434782608696,1182.3809523809523,1001.7619047619048,988.5652173913044,1077.4761904761904,898.0434782608696,21,21,23,21,23,328,66,45,77,78,328,66,-37,-54,-78,31.568816169393642,6.804123711340204,-3.681592039800996,-4.995374653098983,-8.306709265175716,28.4,26.65,25.74,25.73,20.54,6.566604127579745,3.535353535353547,6.893687707641205,8.565400843881864,-19.828259172521477,10.850897736143628,3.777258566978192,4.5916294189353835,0.2727981293842552,-33.65633074935401,12.5,12.5,12.5,12.5,13.5,0,0,0,0,0,-1,-1,-1,-1.5,-0.5,39.402158,39.150387,38.672022,37.211751,35.952896,37.331262,37.014145,36.697028,35.745678,33.842976,10.486601,9.716459,9.027878,7.2758,2.576765,27.445055,27.537194,27.565859,26.957744,27.006884,24.048674,24.158485,24.023765,22.652159,23.42901,2.356289,2.401649,2.808799,1.135065,4.275592,49.783108,49.172711,48.836356,47.299561,42.403459,41.683473,40.742326,40.569098,39.338864,36.315416,15.790585,14.17975,14.711427,14.300584,10.738248,54.514701,54.039338,53.749981,52.206799,48.87979,45.564289,44.697392,43.935592,42.25434,38.038791,21.477201,20.299835,18.814753,15.482588,6.32412,91.449624,91.378591,91.307558,91.094458,90.668258,94.107672,93.967114,93.826557,93.404885,92.561541,1.825006,1.827786,1.830574,1.83899,1.856056,10.482450666666667,9.4505685,7.453813083333333,37.331262,36.8555865,35.904236,1183.1780538302278,1094.344004224439,1027.0468450797096,27.529999999999998,26.293333333333333,23.7,12.5,12.5,12.666666666666666
2002-11-01,2002,11,-0.5000000000000004,0.8660254037844384,11.139908,39.830169,37.965496,11.139908,0.8423124937198656,11.13990819638575,1460.4285714285713,35.63084538510338,1428,1560,1428,1560,1460.4285714285713,1460.4285714285713,21,132,132,9.243697478991585,24.34,-11.619462599854756,29.46808510638297,12.5,0,-1,39.830169,37.965496,11.139908,27.63957,24.178011,3.416213,50.821185,43.556513,18.903513,55.988999,46.661034,20.538497,91.591691,94.388786,1.819472,11.244292,10.486601,9.716459,7.724501,3.592213,39.553221,39.402158,39.150387,37.312459,36.053604,37.648379,37.331262,37.014145,36.062794,34.160093,-0.8660254037844386,-1,-0.8660254037844384,0.49999999999999994,-0.5000000000000004,0.5000000000000001,-1.8369701987210297e-16,-0.5000000000000004,-0.8660254037844387,0.8660254037844384,11.244292,10.486601,9.716459,7.724501,3.592213,0.8494676660006695,0.8567454415062237,0.8641489986600526,0.8871450137272419,0.937024568997713,11.244291873149681,10.486599624216208,9.716457845868343,7.724499836050991,3.5922139988544988,1365.391304347826,1182.3809523809523,1001.7619047619048,1032.909090909091,855.2272727272727,24.622124438352333,98.61971212210882,22.40737548644366,8.906440103917799,7.9876799073967835,1334,1039,970,1016,843,1417,1367,1036,1046,868,1371,1039,970,1020,853,1417,1367,1036,1042,868,1365.391304347826,1182.3809523809523,1001.7619047619048,1032.909090909091,855.2272727272727,1365.391304347826,1182.3809523809523,1001.7619047619048,1032.909090909091,855.2272727272727,23,21,21,22,22,83,328,66,30,25,46,328,66,22,15,3.3552151714077327,31.568816169393642,6.804123711340204,2.1568627450980316,1.7584994138335253,27.54,28.4,26.65,25.35,18.8,-3.028169014084503,6.566604127579745,3.535353535353547,-1.4768752429071053,-8.471275559883152,34.07984420642649,10.850897736143628,3.777258566978192,-10.45566937477922,-42.2427035330261,12.5,12.5,12.5,12.5,13.5,0,0,0,0,0,-1,-1,-1,-1.5,-0.5,39.553221,39.402158,39.150387,37.312459,36.053604,37.648379,37.331262,37.014145,36.062794,34.160093,11.244292,10.486601,9.716459,7.724501,3.592213,27.512624,27.445055,27.537194,27.365202,26.945459,24.016644,24.048674,24.158485,23.310834,23.379324,2.508148,2.356289,2.401649,2.262944,2.852415,50.402054,49.783108,49.172711,48.034245,42.73603,42.89215,41.683473,40.742326,39.701621,36.631814,18.110034,15.790585,14.17975,14.303788,11.097472,55.327629,54.514701,54.039338,52.46169,49.110121,46.339234,45.564289,44.697392,42.569574,38.710483,21.820997,21.477201,20.299835,15.562524,8.523282,91.520658,91.449624,91.378591,91.165491,90.739292,94.248229,94.107672,93.967114,93.545442,92.702098,1.822235,1.825006,1.827786,1.836176,1.85319,10.956933666666666,10.019803,8.082787666666666,37.648379,37.1727035,36.22135291666667,1336.0669427191165,1165.5972509776857,1077.480286638151,26.759999999999998,26.125,24.161666666666665,12.5,12.5,12.583333333333334
2002-12-01,2002,12,-2.4492935982947064e-16,1,11.037445,39.930877,38.282613,11.037445,0.8352768524346299,11.037444735232338,1665.9411764705883,60.922564157538645,1573,1739,1573,1738,1665.9411764705883,1665.9411764705883,17,166,165,10.48951048951048,28.33,16.392769104354965,51.4163548904329,12.5,0,-1,39.930877,38.282613,11.037445,27.985602,24.681442,5.657176,50.882578,43.525146,17.800413,56.057883,46.818658,18.035244,91.662724,94.529344,1.816717,11.139908,11.244292,10.486601,8.50368,4.608727,39.830169,39.553221,39.402158,37.463522,36.103958,37.965496,37.648379,37.331262,36.379911,34.47721,-0.5000000000000004,-0.8660254037844386,-1,1.2246467991473532e-16,-2.4492935982947064e-16,0.8660254037844384,0.5000000000000001,-1.8369701987210297e-16,-1,1,11.139908,11.244292,10.486601,8.50368,4.608727,0.8423124937198656,0.8494676660006695,0.8567454415062237,0.8793467305944214,0.9283259269815103,11.13990819638575,11.244291873149681,10.486599624216208,8.503679008468424,4.60872714919911,1460.4285714285713,1365.391304347826,1182.3809523809523,995.0555555555555,870.1764705882352,35.63084538510338,24.622124438352333,98.61971212210882,13.764712865201288,2.963007216445124,1428,1334,1039,978,865,1560,1417,1367,1027,876,1428,1371,1039,1027,868,1560,1417,1367,1005,876,1460.4285714285713,1365.391304347826,1182.3809523809523,995.0555555555555,870.1764705882352,1460.4285714285713,1365.391304347826,1182.3809523809523,995.0555555555555,870.1764705882352,21,23,21,18,17,132,83,328,49,11,132,46,328,-22,8,9.243697478991585,3.3552151714077327,31.568816169393642,-2.142161635832518,0.9216589861751112,24.34,27.54,28.4,24.08,18.71,-11.619462599854756,-3.028169014084503,6.566604127579745,-5.009861932938864,-0.47872340425532123,29.46808510638297,34.07984420642649,10.850897736143628,-13.536804308797134,-27.08495713172252,12.5,12.5,12.5,12.5,13.5,0,0,0,0,0,-1,-1,-1,-1.5,-0.5,39.830169,39.553221,39.402158,37.463522,36.103958,37.965496,37.648379,37.331262,36.379911,34.47721,11.139908,11.244292,10.486601,8.50368,4.608727,27.63957,27.512624,27.445055,27.709186,26.84513,24.178011,24.016644,24.048674,24.002786,23.35993,3.416213,2.508148,2.356289,3.787563,2.125098,50.821185,50.402054,49.783108,48.356112,43.068601,43.556513,42.89215,41.683473,40.333847,36.948211,18.903513,18.110034,15.790585,15.075749,11.452823,55.988999,55.327629,54.514701,52.909491,49.386553,46.661034,46.339234,45.564289,43.34452,39.664982,20.538497,21.820997,21.477201,17.779318,11.420016,91.591691,91.520658,91.449624,91.236525,90.810325,94.388786,94.248229,94.107672,93.686,92.842655,1.819472,1.822235,1.825006,1.833371,1.850332,11.140548333333333,10.442097166666667,8.618514166666667,37.965496,37.4898205,36.53846983333333,1497.2536840823286,1277.4115211301912,1143.794012128347,26.736666666666665,26.833333333333332,24.96333333333333,12.5,12.5,12.5
2003-01-01,2003,1,0.49999999999999994,0.8660254037844387,10.723638,40.157471,38.525545,10.723638,0.6345752835628105,10.723638942635683,1693.8636363636363,75.8559383082391,1530,1761,1738,1530,1693.8636363636363,1693.8636363636363,22,231,-208,-11.967779056386652,31.18,10.060007059654087,60.55612770339853,12.5,0,0,40.157471,38.525545,10.723638,28.483152,25.023064,8.515932,51.424072,43.859783,17.698224,56.51257,47.350609,17.388483,91.733758,94.669901,1.813971,11.037445,11.139908,11.244292,9.027878,5.239702,39.930877,39.830169,39.553221,38.672022,36.229844,38.282613,37.965496,37.648379,36.697028,34.794327,-2.4492935982947064e-16,-0.5000000000000004,-0.8660254037844386,-0.4999999999999998,0.49999999999999994,1,0.8660254037844384,0.5000000000000001,-0.8660254037844388,0.8660254037844387,11.037445,11.139908,11.244292,9.027878,5.239702,0.8352768524346299,0.8423124937198656,0.8494676660006695,0.8716816267087646,0.9197873029749282,11.037444735232338,11.13990819638575,11.244291873149681,9.027876853289785,5.239701629466942,1665.9411764705883,1460.4285714285713,1365.391304347826,988.5652173913044,931.3181818181819,60.922564157538645,35.63084538510338,24.622124438352333,17.768271228529603,26.68223301078001,1573,1428,1334,962,882,1739,1560,1417,1007,969,1573,1428,1371,1005,882,1738,1560,1417,968,908,1665.9411764705883,1460.4285714285713,1365.391304347826,988.5652173913044,931.3181818181819,1665.9411764705883,1460.4285714285713,1365.391304347826,988.5652173913044,931.3181818181819,17,21,23,23,22,166,132,83,45,87,165,132,46,-37,26,10.48951048951048,9.243697478991585,3.3552151714077327,-3.681592039800996,2.947845804988658,28.33,24.34,27.54,25.74,19.42,16.392769104354965,-11.619462599854756,-3.028169014084503,6.893687707641205,3.794762159273124,51.4163548904329,29.46808510638297,34.07984420642649,4.5916294189353835,-24.199843871975013,12.5,12.5,12.5,12.5,12.5,0,0,0,0,-1,-1,-1,-1,-1,-1.5,39.930877,39.830169,39.553221,38.672022,36.229844,38.282613,37.965496,37.648379,36.697028,34.794327,11.037445,11.139908,11.244292,9.027878,5.239702,27.985602,27.63957,27.512624,27.565859,26.777561,24.681442,24.178011,24.016644,24.023765,23.059345,5.657176,3.416213,2.508148,2.808799,0.610673,50.882578,50.821185,50.402054,48.836356,45.428372,43.525146,43.556513,42.89215,40.569098,37.264609,17.800413,18.903513,18.110034,14.711427,11.34455,56.057883,55.988999,55.327629,53.749981,50.215801,46.818658,46.661034,46.339234,43.935592,40.336674,18.035244,20.538497,21.820997,18.814753,12.303151,91.662724,91.591691,91.520658,91.307558,90.881358,94.529344,94.388786,94.248229,93.826557,92.983213,1.816717,1.819472,1.822235,1.830574,1.847484,10.966997,10.724723833333334,9.075508833333334,38.25788466666667,37.79457333333333,36.849404666666665,1606.7444614209319,1394.96125762558,1207.3394666738018,27.95,27.74,25.94333333333333,12.5,12.5,12.5
2003-02-01,2003,2,0.8660254037844386,0.5000000000000001,10.900273,40.509951,38.938687,10.900273,1.0723845697705237,10.900272287291868,1673.7,83.78738756990501,1530,1768,1530,1764,1673.7,1673.7,20,238,234,15.294117647058814,32.77,5.099422706863388,61.58777120315582,12.5,0,0,40.509951,38.938687,10.900273,28.808708,24.842581,9.966139,51.398259,43.781672,15.105708,56.450573,46.923727,15.279111,91.804791,94.810459,1.811233,10.723638,11.037445,11.139908,9.716459,5.618992,40.157471,39.930877,39.830169,39.150387,36.280198,38.525545,38.282613,37.965496,37.014145,35.111444,0.49999999999999994,-2.4492935982947064e-16,-0.5000000000000004,-0.8660254037844384,0.8660254037844386,0.8660254037844387,1,0.8660254037844384,-0.5000000000000004,0.5000000000000001,10.723638,11.037445,11.139908,9.716459,5.618992,0.6345752835628105,0.8352768524346299,0.8423124937198656,0.8641489986600526,0.9114043217447465,10.723638942635683,11.037444735232338,11.13990819638575,9.716457845868343,5.618991023657394,1693.8636363636363,1665.9411764705883,1460.4285714285713,1001.7619047619048,959.55,75.8559383082391,60.922564157538645,35.63084538510338,22.40737548644366,44.386431070293256,1530,1573,1428,970,908,1761,1739,1560,1036,1031,1738,1573,1428,970,908,1530,1738,1560,1036,1031,1693.8636363636363,1665.9411764705883,1460.4285714285713,1001.7619047619048,959.55,1693.8636363636363,1665.9411764705883,1460.4285714285713,1001.7619047619048,959.55,22,17,21,21,20,231,166,132,66,123,-208,165,132,66,123,-11.967779056386652,10.48951048951048,9.243697478991585,6.804123711340204,13.54625550660793,31.18,28.33,24.34,26.65,20.28,10.060007059654087,16.392769104354965,-11.619462599854756,3.535353535353547,4.4284243048403615,60.55612770339853,51.4163548904329,29.46808510638297,3.777258566978192,-26.254545454545454,12.5,12.5,12.5,12.5,12.5,0,0,0,0,0,0,-1,-1,-1,-1.5,40.157471,39.930877,39.830169,39.150387,36.280198,38.525545,38.282613,37.965496,37.014145,35.111444,10.723638,11.037445,11.139908,9.716459,5.618992,28.483152,27.985602,27.63957,27.537194,26.812369,25.023064,24.681442,24.178011,24.158485,22.591119,8.515932,5.657176,3.416213,2.401649,1.590695,51.424072,50.882578,50.821185,49.172711,46.319124,43.859783,43.525146,43.556513,40.742326,38.036057,17.698224,17.800413,18.903513,14.17975,12.585233,56.51257,56.057883,55.988999,54.039338,50.822046,47.350609,46.818658,46.661034,44.697392,40.704449,17.388483,18.035244,20.538497,20.299835,12.113274,91.733758,91.662724,91.591691,91.378591,90.952391,94.669901,94.529344,94.388786,93.967114,93.12377,1.813971,1.816717,1.819472,1.827786,1.844644,10.887118666666666,10.922026166666667,9.515615583333334,38.58228166666667,38.11533033333333,37.16834158333333,1677.8349376114081,1506.9509401652624,1266.8519666738016,30.76,28.759999999999998,26.984166666666667,12.5,12.5,12.5
2003-03-01,2003,3,1,6.123233995736766e-17,10.782214,40.68619,39.248544,10.782214,0.7957561589069462,10.782213254441796,1849.7619047619048,82.01762296110805,1748,1940,1762,1939,1849.7619047619048,1849.7619047619048,21,192,177,10.045402951191829,30.61,-6.591394568202635,29.156118143459906,12.5,0,0,40.68619,39.248544,10.782214,29.576531,25.630247,13.606973,51.704124,43.92184,13.653539,56.781266,47.107614,13.586692,91.875824,94.951016,1.808503,10.900273,10.723638,11.037445,10.486601,6.406912,40.509951,40.157471,39.930877,39.402158,36.758563,38.938687,38.525545,38.282613,37.331262,35.428561,0.8660254037844386,0.49999999999999994,-2.4492935982947064e-16,-1,1,0.5000000000000001,0.8660254037844387,1,-1.8369701987210297e-16,6.123233995736766e-17,10.900273,10.723638,11.037445,10.486601,6.406912,1.0723845697705237,0.6345752835628105,0.8352768524346299,0.8567454415062237,0.9031727661215072,10.900272287291868,10.723638942635683,11.037444735232338,10.486599624216208,6.406914525857621,1673.7,1693.8636363636363,1665.9411764705883,1182.3809523809523,1064.75,83.78738756990501,75.8559383082391,60.922564157538645,98.61971212210882,18.072587558305855,1530,1530,1573,1039,1033,1768,1761,1739,1367,1086,1530,1738,1573,1039,1033,1764,1530,1738,1367,1082,1673.7,1693.8636363636363,1665.9411764705883,1182.3809523809523,1064.75,1673.7,1693.8636363636363,1665.9411764705883,1182.3809523809523,1064.75,20,22,17,21,20,238,231,166,328,53,234,-208,165,328,49,15.294117647058814,-11.967779056386652,10.48951048951048,31.568816169393642,4.7434656340755055,32.77,31.18,28.33,28.4,23.7,5.099422706863388,10.060007059654087,16.392769104354965,6.566604127579745,16.863905325443774,61.58777120315582,60.55612770339853,51.4163548904329,10.850897736143628,-3.2653061224489854,12.5,12.5,12.5,12.5,12.5,0,0,0,0,0,0,0,-1,-1,-1.5,40.509951,40.157471,39.930877,39.402158,36.758563,38.938687,38.525545,38.282613,37.331262,35.428561,10.900273,10.723638,11.037445,10.486601,6.406912,28.808708,28.483152,27.985602,27.445055,26.857415,24.842581,25.023064,24.681442,24.048674,22.560452,9.966139,8.515932,5.657176,2.356289,2.690896,51.398259,51.424072,50.882578,49.783108,47.209876,43.781672,43.859783,43.525146,41.683473,38.645378,15.105708,17.698224,17.800413,15.790585,13.32746,56.450573,56.51257,56.057883,54.514701,51.331859,46.923727,47.350609,46.818658,45.564289,41.472829,15.279111,17.388483,18.035244,21.477201,13.786453,91.804791,91.733758,91.662724,91.449624,91.023425,94.810459,94.669901,94.529344,94.107672,93.264328,1.811233,1.813971,1.816717,1.825006,1.841812,10.802041666666666,10.971295,9.880224083333333,38.90425866666667,38.43487733333333,37.4866735,1739.1085137085138,1618.1810988954212,1332.2696254039604,31.52,29.128333333333334,27.56,12.5,12.5,12.5
2003-04-01,2003,4,0.8660254037844387,-0.49999999999999983,11.533088,41.240086,39.868258,11.533088,1.5789477438959088,11.533086601406751,2063.55,61.2428083855351,1943,2142,1943,2142,2063.55,2063.55,20,199,199,10.241893978383931,25,-18.327344005227054,-2.83715507190051,12.5,0,0,41.240086,39.868258,11.533088,30.094556,26.203161,15.676221,51.818192,44.083407,12.060701,56.912163,47.101048,11.47032,91.946858,95.091573,1.805782,10.782214,10.900273,10.723638,11.244292,7.2758,40.68619,40.509951,40.157471,39.553221,37.211751,39.248544,38.938687,38.525545,37.648379,35.745678,1,0.8660254037844386,0.49999999999999994,-0.8660254037844386,0.8660254037844387,6.123233995736766e-17,0.5000000000000001,0.8660254037844387,0.5000000000000001,-0.49999999999999983,10.782214,10.900273,10.723638,11.244292,7.2758,0.7957561589069462,1.0723845697705237,0.6345752835628105,0.8494676660006695,0.895088569925262,10.782213254441796,10.900272287291868,10.723638942635683,11.244291873149681,7.275802402230136,1849.7619047619048,1673.7,1693.8636363636363,1365.391304347826,1077.4761904761904,82.01762296110805,83.78738756990501,75.8559383082391,24.622124438352333,23.42780196181248,1748,1530,1530,1334,1027,1940,1768,1761,1417,1104,1762,1530,1738,1371,1081,1939,1764,1530,1417,1027,1849.7619047619048,1673.7,1693.8636363636363,1365.391304347826,1077.4761904761904,1849.7619047619048,1673.7,1693.8636363636363,1365.391304347826,1077.4761904761904,21,20,22,23,21,192,238,231,83,77,177,234,-208,46,-54,10.045402951191829,15.294117647058814,-11.967779056386652,3.3552151714077327,-4.995374653098983,30.61,32.77,31.18,27.54,25.73,-6.591394568202635,5.099422706863388,10.060007059654087,-3.028169014084503,8.565400843881864,29.156118143459906,61.58777120315582,60.55612770339853,34.07984420642649,0.2727981293842552,12.5,12.5,12.5,12.5,12.5,0,0,0,0,0,0,0,0,-1,-1.5,40.68619,40.509951,40.157471,39.553221,37.211751,39.248544,38.938687,38.525545,37.648379,35.745678,10.782214,10.900273,10.723638,11.244292,7.2758,29.576531,28.808708,28.483152,27.512624,26.957744,25.630247,24.842581,25.023064,24.016644,22.652159,13.606973,9.966139,8.515932,2.508148,1.135065,51.704124,51.398259,51.424072,50.402054,47.299561,43.92184,43.781672,43.859783,42.89215,39.338864,13.653539,15.105708,17.698224,18.110034,14.300584,56.781266,56.450573,56.51257,55.327629,52.206799,47.107614,46.923727,47.350609,46.339234,42.25434,13.586692,15.279111,17.388483,21.820997,15.482588,91.875824,91.804791,91.733758,91.520658,91.094458,94.951016,94.810459,94.669901,94.248229,93.404885,1.808503,1.811233,1.813971,1.822235,1.83899,11.071858333333333,11.019427666666667,10.234998083333334,39.35182966666667,38.804857166666665,37.83022183333333,1862.3373015873017,1734.540881504117,1414.4424428642778,29.46,28.705,27.499166666666667,12.5,12.5,12.5
2003-05-01,2003,5,0.49999999999999994,-0.8660254037844387,11.41154,41.491857,40.178115,11.41154,0.7772022544852542,11.411542322538848,2231.2,70.82788627146944,2127,2337,2145,2127,2231.2,2231.2,20,210,-18,-0.8391608391608352,25.86,3.4399999999999986,2.0118343195266286,12.5,0,0,41.491857,40.178115,11.41154,31.445924,28.018325,20.194437,51.908162,44.16956,11.253793,56.912163,47.370307,11.27738,92.017891,95.232131,1.803068,11.533088,10.782214,10.900273,11.139908,7.724501,41.240086,40.68619,40.509951,39.830169,37.312459,39.868258,39.248544,38.938687,37.965496,36.062794,0.8660254037844387,1,0.8660254037844386,-0.5000000000000004,0.49999999999999994,-0.49999999999999983,6.123233995736766e-17,0.5000000000000001,0.8660254037844384,-0.8660254037844387,11.533088,10.782214,10.900273,11.139908,7.724501,1.5789477438959088,0.7957561589069462,1.0723845697705237,0.8423124937198656,0.8871450137272419,11.533086601406751,10.782213254441796,10.900272287291868,11.13990819638575,7.724499836050991,2063.55,1849.7619047619048,1673.7,1460.4285714285713,1032.909090909091,61.2428083855351,82.01762296110805,83.78738756990501,35.63084538510338,8.906440103917799,1943,1748,1530,1428,1016,2142,1940,1768,1560,1046,1943,1762,1530,1428,1020,2142,1939,1764,1560,1042,2063.55,1849.7619047619048,1673.7,1460.4285714285713,1032.909090909091,2063.55,1849.7619047619048,1673.7,1460.4285714285713,1032.909090909091,20,21,20,21,22,199,192,238,132,30,199,177,234,132,22,10.241893978383931,10.045402951191829,15.294117647058814,9.243697478991585,2.1568627450980316,25,30.61,32.77,24.34,25.35,-18.327344005227054,-6.591394568202635,5.099422706863388,-11.619462599854756,-1.4768752429071053,-2.83715507190051,29.156118143459906,61.58777120315582,29.46808510638297,-10.45566937477922,12.5,12.5,12.5,12.5,12.5,0,0,0,0,0,0,0,0,-1,-1.5,41.240086,40.68619,40.509951,39.830169,37.312459,39.868258,39.248544,38.938687,37.965496,36.062794,11.533088,10.782214,10.900273,11.139908,7.724501,30.094556,29.576531,28.808708,27.63957,27.365202,26.203161,25.630247,24.842581,24.178011,23.310834,15.676221,13.606973,9.966139,3.416213,2.262944,51.818192,51.704124,51.398259,50.821185,48.034245,44.083407,43.92184,43.781672,43.556513,39.701621,12.060701,13.653539,15.105708,18.903513,14.303788,56.912163,56.781266,56.450573,55.988999,52.46169,47.101048,47.107614,46.923727,46.661034,42.569574,11.47032,13.586692,15.279111,20.538497,15.562524,91.946858,91.875824,91.804791,91.591691,91.165491,95.091573,94.951016,94.810459,94.388786,93.545442,1.805782,1.808503,1.811233,1.819472,1.836176,11.242280666666666,11.064699666666666,10.542251333333333,39.76497233333333,39.173626999999996,38.17316525,2048.170634920635,1863.0027862660215,1514.3000186218537,27.156666666666666,28.958333333333332,27.541666666666664,12.5,12.5,12.5
2003-06-01,2003,6,1.2246467991473532e-16,-1,11.292112,42.045754,40.487972,11.292112,0.7712084053719259,11.292113936177572,2135.904761904762,10.324266375412646,2116,2154,2116,2125,2135.904761904762,2135.904761904762,21,38,9,0.42533081285445196,27.65,6.921887084300082,14.825581395348841,13,0.5,0.5,42.045754,40.487972,11.292112,31.517587,28.46015,18.570194,52.162865,44.59711,10.569938,56.808813,47.245526,8.999999,92.088924,95.372688,1.800363,11.41154,11.533088,10.782214,11.037445,8.50368,41.491857,41.240086,40.68619,39.930877,37.463522,40.178115,39.868258,39.248544,38.282613,36.379911,0.49999999999999994,0.8660254037844387,1,-2.4492935982947064e-16,1.2246467991473532e-16,-0.8660254037844387,-0.49999999999999983,6.123233995736766e-17,1,-1,11.41154,11.533088,10.782214,11.037445,8.50368,0.7772022544852542,1.5789477438959088,0.7957561589069462,0.8352768524346299,0.8793467305944214,11.411542322538848,11.533086601406751,10.782213254441796,11.037444735232338,8.503679008468424,2231.2,2063.55,1849.7619047619048,1665.9411764705883,995.0555555555555,70.82788627146944,61.2428083855351,82.01762296110805,60.922564157538645,13.764712865201288,2127,1943,1748,1573,978,2337,2142,1940,1739,1027,2145,1943,1762,1573,1027,2127,2142,1939,1738,1005,2231.2,2063.55,1849.7619047619048,1665.9411764705883,995.0555555555555,2231.2,2063.55,1849.7619047619048,1665.9411764705883,995.0555555555555,20,20,21,17,18,210,199,192,166,49,-18,199,177,165,-22,-0.8391608391608352,10.241893978383931,10.045402951191829,10.48951048951048,-2.142161635832518,25.86,25,30.61,28.33,24.08,3.4399999999999986,-18.327344005227054,-6.591394568202635,16.392769104354965,-5.009861932938864,2.0118343195266286,-2.83715507190051,29.156118143459906,51.4163548904329,-13.536804308797134,12.5,12.5,12.5,12.5,12.5,0,0,0,0,0,0,0,0,-1,-1.5,41.491857,41.240086,40.68619,39.930877,37.463522,40.178115,39.868258,39.248544,38.282613,36.379911,11.41154,11.533088,10.782214,11.037445,8.50368,31.445924,30.094556,29.576531,27.985602,27.709186,28.018325,26.203161,25.630247,24.681442,24.002786,20.194437,15.676221,13.606973,5.657176,3.787563,51.908162,51.818192,51.704124,50.882578,48.356112,44.16956,44.083407,43.92184,43.525146,40.333847,11.253793,12.060701,13.653539,17.800413,15.075749,56.912163,56.912163,56.781266,56.057883,52.909491,47.370307,47.101048,47.107614,46.818658,43.34452,11.27738,11.47032,13.586692,18.035244,17.779318,92.017891,91.946858,91.875824,91.662724,91.236525,95.232131,95.091573,94.951016,94.529344,93.686,1.803068,1.805782,1.808503,1.816717,1.833371,11.412246666666666,11.107144166666666,10.774620666666667,40.178115,39.541186833333335,38.51550366666667,2143.5515873015875,1941.3300505050506,1609.3707858176208,26.169999999999998,28.845,27.839166666666667,12.666666666666666,12.583333333333334,12.541666666666666
2003-07-01,2003,7,-0.4999999999999998,-0.8660254037844388,10.330383,42.020576,40.487972,10.330383,0,10.330384248010471,2191.913043478261,39.058130388014156,2123,2240,2123,2181,2191.913043478261,2191.913043478261,23,117,58,2.7319830428638614,28.35,2.5316455696202667,10.139860139860147,13,0,0.5,42.020576,40.487972,10.330383,30.573677,27.551948,14.686222,52.15689,44.459804,9.590319,56.519473,47.232395,7.503716,92.159957,95.513245,1.797666,11.292112,11.41154,11.533088,10.723638,9.027878,42.045754,41.491857,41.240086,40.157471,38.672022,40.487972,40.178115,39.868258,38.525545,36.697028,1.2246467991473532e-16,0.49999999999999994,0.8660254037844387,0.49999999999999994,-0.4999999999999998,-1,-0.8660254037844387,-0.49999999999999983,0.8660254037844387,-0.8660254037844388,11.292112,11.41154,11.533088,10.723638,9.027878,0.7712084053719259,0.7772022544852542,1.5789477438959088,0.6345752835628105,0.8716816267087646,11.292113936177572,11.411542322538848,11.533086601406751,10.723638942635683,9.027876853289785,2135.904761904762,2231.2,2063.55,1693.8636363636363,988.5652173913044,10.324266375412646,70.82788627146944,61.2428083855351,75.8559383082391,17.768271228529603,2116,2127,1943,1530,962,2154,2337,2142,1761,1007,2116,2145,1943,1738,1005,2125,2127,2142,1530,968,2135.904761904762,2231.2,2063.55,1693.8636363636363,988.5652173913044,2135.904761904762,2231.2,2063.55,1693.8636363636363,988.5652173913044,21,20,20,22,23,38,210,199,231,45,9,-18,199,-208,-37,0.42533081285445196,-0.8391608391608352,10.241893978383931,-11.967779056386652,-3.681592039800996,27.65,25.86,25,31.18,25.74,6.921887084300082,3.4399999999999986,-18.327344005227054,10.060007059654087,6.893687707641205,14.825581395348841,2.0118343195266286,-2.83715507190051,60.55612770339853,4.5916294189353835,13,12.5,12.5,12.5,12.5,0.5,0,0,0,0,0.5,0,0,0,-1,42.045754,41.491857,41.240086,40.157471,38.672022,40.487972,40.178115,39.868258,38.525545,36.697028,11.292112,11.41154,11.533088,10.723638,9.027878,31.517587,31.445924,30.094556,28.483152,27.565859,28.46015,28.018325,26.203161,25.023064,24.023765,18.570194,20.194437,15.676221,8.515932,2.808799,52.162865,51.908162,51.818192,51.424072,48.836356,44.59711,44.16956,44.083407,43.859783,40.569098,10.569938,11.253793,12.060701,17.698224,14.711427,56.808813,56.912163,56.912163,56.51257,53.749981,47.245526,47.370307,47.101048,47.350609,43.935592,8.999999,11.27738,11.47032,17.388483,18.814753,92.088924,92.017891,91.946858,91.733758,91.307558,95.372688,95.232131,95.091573,94.669901,93.826557,1.800363,1.803068,1.805782,1.813971,1.830574,11.011345,11.041601666666667,10.88316275,40.384686333333335,39.868258,38.831415666666665,2186.3392684610076,2024.3382850241546,1709.6497713248673,27.286666666666665,28.373333333333335,28.056666666666665,12.833333333333334,12.666666666666666,12.583333333333334
2003-08-01,2003,8,-0.8660254037844384,-0.5000000000000004,9.664176,42.196816,40.591257,9.664176,0.25510045304319995,9.664175682026421,2285.95,53.257542090052226,2176,2343,2176,2265,2285.95,2285.95,20,167,89,4.090073529411775,29.89,5.432098765432092,12.157598499061928,13,0,0.5,42.196816,40.591257,9.664176,29.814044,26.836273,11.084256,52.314952,44.471182,9.152289,56.643483,47.258673,5.730268,92.230991,95.653803,1.794977,10.330383,11.292112,11.41154,10.900273,9.716459,42.020576,42.045754,41.491857,40.509951,39.150387,40.487972,40.487972,40.178115,38.938687,37.014145,-0.4999999999999998,1.2246467991473532e-16,0.49999999999999994,0.8660254037844386,-0.8660254037844384,-0.8660254037844388,-1,-0.8660254037844387,0.5000000000000001,-0.5000000000000004,10.330383,11.292112,11.41154,10.900273,9.716459,0,0.7712084053719259,0.7772022544852542,1.0723845697705237,0.8641489986600526,10.330384248010471,11.292113936177572,11.411542322538848,10.900272287291868,9.716457845868343,2191.913043478261,2135.904761904762,2231.2,1673.7,1001.7619047619048,39.058130388014156,10.324266375412646,70.82788627146944,83.78738756990501,22.40737548644366,2123,2116,2127,1530,970,2240,2154,2337,1768,1036,2123,2116,2145,1530,970,2181,2125,2127,1764,1036,2191.913043478261,2135.904761904762,2231.2,1673.7,1001.7619047619048,2191.913043478261,2135.904761904762,2231.2,1673.7,1001.7619047619048,23,21,20,20,21,117,38,210,238,66,58,9,-18,234,66,2.7319830428638614,0.42533081285445196,-0.8391608391608352,15.294117647058814,6.804123711340204,28.35,27.65,25.86,32.77,26.65,2.5316455696202667,6.921887084300082,3.4399999999999986,5.099422706863388,3.535353535353547,10.139860139860147,14.825581395348841,2.0118343195266286,61.58777120315582,3.777258566978192,13,13,12.5,12.5,12.5,0,0.5,0,0,0,0.5,0.5,0,0,-1,42.020576,42.045754,41.491857,40.509951,39.150387,40.487972,40.487972,40.178115,38.938687,37.014145,10.330383,11.292112,11.41154,10.900273,9.716459,30.573677,31.517587,31.445924,28.808708,27.537194,27.551948,28.46015,28.018325,24.842581,24.158485,14.686222,18.570194,20.194437,9.966139,2.401649,52.15689,52.162865,51.908162,51.398259,49.172711,44.459804,44.59711,44.16956,43.781672,40.742326,9.590319,10.569938,11.253793,15.105708,14.17975,56.519473,56.808813,56.912163,56.450573,54.039338,47.232395,47.245526,47.370307,46.923727,44.697392,7.503716,8.999999,11.27738,15.279111,20.299835,92.159957,92.088924,92.017891,91.804791,91.378591,95.513245,95.372688,95.232131,94.810459,93.967114,1.797666,1.800363,1.803068,1.811233,1.827786,10.428890333333333,10.8355855,10.878805833333333,40.52240033333333,40.143686333333335,39.129508333333334,2204.5892684610076,2126.379951690821,1816.665445928042,28.63,27.893333333333334,28.326666666666668,13,12.75,12.625
2003-09-01,2003,9,-1,-1.8369701987210297e-16,8.732615,42.272347,40.591257,8.732615,0,8.732613968421422,2462.8636363636365,208.20509473080017,2262,2993,2262,2993,2462.8636363636365,2462.8636363636365,22,731,731,32.31653404067196,27.11,-9.300769488123118,-4.54225352112676,13,0,0.5,42.272347,40.591257,8.732615,29.611339,26.590706,10.570364,52.442269,44.668847,7.162009,56.257679,47.192999,3.574533,92.302024,95.79436,1.792296,9.664176,10.330383,11.292112,10.782214,10.486601,42.196816,42.020576,42.045754,40.68619,39.402158,40.591257,40.487972,40.487972,39.248544,37.331262,-0.8660254037844384,-0.4999999999999998,1.2246467991473532e-16,1,-1,-0.5000000000000004,-0.8660254037844388,-1,6.123233995736766e-17,-1.8369701987210297e-16,9.664176,10.330383,11.292112,10.782214,10.486601,0.25510045304319995,0,0.7712084053719259,0.7957561589069462,0.8567454415062237,9.664175682026421,10.330384248010471,11.292113936177572,10.782213254441796,10.486599624216208,2285.95,2191.913043478261,2135.904761904762,1849.7619047619048,1182.3809523809523,53.257542090052226,39.058130388014156,10.324266375412646,82.01762296110805,98.61971212210882,2176,2123,2116,1748,1039,2343,2240,2154,1940,1367,2176,2123,2116,1762,1039,2265,2181,2125,1939,1367,2285.95,2191.913043478261,2135.904761904762,1849.7619047619048,1182.3809523809523,2285.95,2191.913043478261,2135.904761904762,1849.7619047619048,1182.3809523809523,20,23,21,21,21,167,117,38,192,328,89,58,9,177,328,4.090073529411775,2.7319830428638614,0.42533081285445196,10.045402951191829,31.568816169393642,29.89,28.35,27.65,30.61,28.4,5.432098765432092,2.5316455696202667,6.921887084300082,-6.591394568202635,6.566604127579745,12.157598499061928,10.139860139860147,14.825581395348841,29.156118143459906,10.850897736143628,13,13,13,12.5,12.5,0,0,0.5,0,0,0.5,0.5,0.5,0,-1,42.196816,42.020576,42.045754,40.68619,39.402158,40.591257,40.487972,40.487972,39.248544,37.331262,9.664176,10.330383,11.292112,10.782214,10.486601,29.814044,30.573677,31.517587,29.576531,27.445055,26.836273,27.551948,28.46015,25.630247,24.048674,11.084256,14.686222,18.570194,13.606973,2.356289,52.314952,52.15689,52.162865,51.704124,49.783108,44.471182,44.459804,44.59711,43.92184,41.683473,9.152289,9.590319,10.569938,13.653539,15.790585,56.643483,56.519473,56.808813,56.781266,54.514701,47.258673,47.232395,47.245526,47.107614,45.564289,5.730268,7.503716,8.999999,13.586692,21.477201,92.230991,92.159957,92.088924,91.875824,91.449624,95.653803,95.513245,95.372688,94.951016,94.107672,1.794977,1.797666,1.800363,1.808503,1.825006,9.575724666666666,10.493985666666667,10.732640333333332,40.55682866666667,40.36747183333333,39.40117458333333,2313.575559947299,2228.563573624443,1923.3723362599321,28.45,27.31,28.219166666666666,13,12.833333333333334,12.666666666666666
2003-10-01,2003,10,-0.8660254037844386,0.5000000000000001,7.542404,42.322702,40.487972,7.542404,-0.25445134650547985,7.542404415340176,4162.565217391304,461.41135522999207,3138,4560,3138,4555,4162.565217391304,4162.565217391304,23,1422,1417,45.15615041427661,29.61,9.221689413500545,7.516339869281041,13,0,0.5,42.322702,40.487972,7.542404,30.010607,26.943461,12.186618,52.297192,44.265585,3.202066,55.823653,47.422848,2.338437,92.373057,95.934917,1.789623,8.732615,9.664176,10.330383,11.533088,11.244292,42.272347,42.196816,42.020576,41.240086,39.553221,40.591257,40.591257,40.487972,39.868258,37.648379,-1,-0.8660254037844384,-0.4999999999999998,0.8660254037844387,-0.8660254037844386,-1.8369701987210297e-16,-0.5000000000000004,-0.8660254037844388,-0.49999999999999983,0.5000000000000001,8.732615,9.664176,10.330383,11.533088,11.244292,0,0.25510045304319995,0,1.5789477438959088,0.8494676660006695,8.732613968421422,9.664175682026421,10.330384248010471,11.533086601406751,11.244291873149681,2462.8636363636365,2285.95,2191.913043478261,2063.55,1365.391304347826,208.20509473080017,53.257542090052226,39.058130388014156,61.2428083855351,24.622124438352333,2262,2176,2123,1943,1334,2993,2343,2240,2142,1417,2262,2176,2123,1943,1371,2993,2265,2181,2142,1417,2462.8636363636365,2285.95,2191.913043478261,2063.55,1365.391304347826,2462.8636363636365,2285.95,2191.913043478261,2063.55,1365.391304347826,22,20,23,20,23,731,167,117,199,83,731,89,58,199,46,32.31653404067196,4.090073529411775,2.7319830428638614,10.241893978383931,3.3552151714077327,27.11,29.89,28.35,25,27.54,-9.300769488123118,5.432098765432092,2.5316455696202667,-18.327344005227054,-3.028169014084503,-4.54225352112676,12.157598499061928,10.139860139860147,-2.83715507190051,34.07984420642649,13,13,13,12.5,12.5,0,0,0,0,0,0.5,0.5,0.5,0,-1,42.272347,42.196816,42.020576,41.240086,39.553221,40.591257,40.591257,40.487972,39.868258,37.648379,8.732615,9.664176,10.330383,11.533088,11.244292,29.611339,29.814044,30.573677,30.094556,27.512624,26.590706,26.836273,27.551948,26.203161,24.016644,10.570364,11.084256,14.686222,15.676221,2.508148,52.442269,52.314952,52.15689,51.818192,50.402054,44.668847,44.471182,44.459804,44.083407,42.89215,7.162009,9.152289,9.590319,12.060701,18.110034,56.257679,56.643483,56.519473,56.912163,55.327629,47.192999,47.258673,47.232395,47.101048,46.339234,3.574533,5.730268,7.503716,11.47032,21.820997,92.302024,92.230991,92.159957,91.946858,91.520658,95.79436,95.653803,95.513245,95.091573,94.248229,1.792296,1.794977,1.797666,1.805782,1.822235,8.646398333333334,9.828871666666666,10.424149666666667,40.55682866666667,40.4707575,39.637807333333335,2970.4596179183136,2578.3994431896604,2156.4701623468886,28.87,28.078333333333333,28.391666666666666,13,12.916666666666666,12.708333333333334
2003-11-01,2003,11,-0.5000000000000004,0.8660254037844384,6.644127,42.448587,40.487972,6.644127,0,6.644127604707162,4250.4,161.5843921592481,4026,4558,4558,4417,4250.4,4250.4,20,532,-141,-3.0934620447564676,28.75,-2.9044241810199267,18.118323746918662,13,0,0.5,42.448587,40.487972,6.644127,30.119126,27.089723,12.04281,52.296143,44.19137,1.457547,55.189845,47.75778,2.350453,92.444091,96.075475,1.786958,7.542404,8.732615,9.664176,11.41154,11.139908,42.322702,42.272347,42.196816,41.491857,39.830169,40.487972,40.591257,40.591257,40.178115,37.965496,-0.8660254037844386,-1,-0.8660254037844384,0.49999999999999994,-0.5000000000000004,0.5000000000000001,-1.8369701987210297e-16,-0.5000000000000004,-0.8660254037844387,0.8660254037844384,7.542404,8.732615,9.664176,11.41154,11.139908,-0.25445134650547985,0,0.25510045304319995,0.7772022544852542,0.8423124937198656,7.542404415340176,8.732613968421422,9.664175682026421,11.411542322538848,11.13990819638575,4162.565217391304,2462.8636363636365,2285.95,2231.2,1460.4285714285713,461.41135522999207,208.20509473080017,53.257542090052226,70.82788627146944,35.63084538510338,3138,2262,2176,2127,1428,4560,2993,2343,2337,1560,3138,2262,2176,2145,1428,4555,2993,2265,2127,1560,4162.565217391304,2462.8636363636365,2285.95,2231.2,1460.4285714285713,4162.565217391304,2462.8636363636365,2285.95,2231.2,1460.4285714285713,23,22,20,20,21,1422,731,167,210,132,1417,731,89,-18,132,45.15615041427661,32.31653404067196,4.090073529411775,-0.8391608391608352,9.243697478991585,29.61,27.11,29.89,25.86,24.34,9.221689413500545,-9.300769488123118,5.432098765432092,3.4399999999999986,-11.619462599854756,7.516339869281041,-4.54225352112676,12.157598499061928,2.0118343195266286,29.46808510638297,13,13,13,12.5,12.5,0,0,0,0,0,0.5,0.5,0.5,0,-1,42.322702,42.272347,42.196816,41.491857,39.830169,40.487972,40.591257,40.591257,40.178115,37.965496,7.542404,8.732615,9.664176,11.41154,11.139908,30.010607,29.611339,29.814044,31.445924,27.63957,26.943461,26.590706,26.836273,28.018325,24.178011,12.186618,10.570364,11.084256,20.194437,3.416213,52.297192,52.442269,52.314952,51.908162,50.821185,44.265585,44.668847,44.471182,44.16956,43.556513,3.202066,7.162009,9.152289,11.253793,18.903513,55.823653,56.257679,56.643483,56.912163,55.988999,47.422848,47.192999,47.258673,47.370307,46.661034,2.338437,3.574533,5.730268,11.27738,20.538497,92.373057,92.302024,92.230991,92.017891,91.591691,95.934917,95.79436,95.653803,95.232131,94.388786,1.789623,1.792296,1.794977,1.803068,1.819472,7.639715333333333,9.034302833333333,10.04950125,40.52240033333333,40.52240033333333,39.84801366666667,3625.27628458498,2914.9327765229937,2388.9677813945077,28.49,28.56,28.759166666666665,13,13,12.75
2003-12-01,2003,12,-2.4492935982947064e-16,1,6.03053,42.473764,40.591257,6.03053,0.25510045304319995,6.0305287938417385,4609,107.33509924256727,4442,4765,4442,4765,4609,4609,18,323,323,7.271499324628539,29.81,3.6869565217391154,5.224144016943177,13,0,0.5,42.473764,40.591257,6.03053,30.321831,27.444173,11.193555,52.193483,43.832531,0.706226,55.141622,47.573892,1.613104,92.515124,96.216032,1.784301,6.644127,7.542404,8.732615,11.292112,11.037445,42.448587,42.322702,42.272347,42.045754,39.930877,40.487972,40.487972,40.591257,40.487972,38.282613,-0.5000000000000004,-0.8660254037844386,-1,1.2246467991473532e-16,-2.4492935982947064e-16,0.8660254037844384,0.5000000000000001,-1.8369701987210297e-16,-1,1,6.644127,7.542404,8.732615,11.292112,11.037445,0,-0.25445134650547985,0,0.7712084053719259,0.8352768524346299,6.644127604707162,7.542404415340176,8.732613968421422,11.292113936177572,11.037444735232338,4250.4,4162.565217391304,2462.8636363636365,2135.904761904762,1665.9411764705883,161.5843921592481,461.41135522999207,208.20509473080017,10.324266375412646,60.922564157538645,4026,3138,2262,2116,1573,4558,4560,2993,2154,1739,4558,3138,2262,2116,1573,4417,4555,2993,2125,1738,4250.4,4162.565217391304,2462.8636363636365,2135.904761904762,1665.9411764705883,4250.4,4162.565217391304,2462.8636363636365,2135.904761904762,1665.9411764705883,20,23,22,21,17,532,1422,731,38,166,-141,1417,731,9,165,-3.0934620447564676,45.15615041427661,32.31653404067196,0.42533081285445196,10.48951048951048,28.75,29.61,27.11,27.65,28.33,-2.9044241810199267,9.221689413500545,-9.300769488123118,6.921887084300082,16.392769104354965,18.118323746918662,7.516339869281041,-4.54225352112676,14.825581395348841,51.4163548904329,13,13,13,13,12.5,0,0,0,0.5,0,0.5,0.5,0.5,0.5,-1,42.448587,42.322702,42.272347,42.045754,39.930877,40.487972,40.487972,40.591257,40.487972,38.282613,6.644127,7.542404,8.732615,11.292112,11.037445,30.119126,30.010607,29.611339,31.517587,27.985602,27.089723,26.943461,26.590706,28.46015,24.681442,12.04281,12.186618,10.570364,18.570194,5.657176,52.296143,52.297192,52.442269,52.162865,50.882578,44.19137,44.265585,44.668847,44.59711,43.525146,1.457547,3.202066,7.162009,10.569938,17.800413,55.189845,55.823653,56.257679,56.808813,56.057883,47.75778,47.422848,47.192999,47.245526,46.818658,2.350453,2.338437,3.574533,8.999999,18.035244,92.444091,92.373057,92.302024,92.088924,91.662724,96.075475,95.934917,95.79436,95.372688,94.529344,1.786958,1.789623,1.792296,1.800363,1.816717,6.739020333333333,8.1573725,9.632258333333333,40.52240033333333,40.5396145,40.04040066666666,4340.655072463768,3327.1153162055334,2634.222683355292,29.39,28.92,28.8825,13,13,12.791666666666666
2004-01-01,2004,1,0.49999999999999994,0.8660254037844387,5.630027,42.619445,40.694543,5.630027,0.25445381009019385,5.630025480496137,5229.476190476191,272.5468068144661,4757,5551,4761,5551,5229.476190476191,5229.476190476191,21,794,790,16.593152699012805,31.28,4.931231130493141,0.3207184092366866,12,-1,-0.5,42.619445,40.694543,5.630027,31.087606,28.09369,12.271183,53.46786,44.18611,0.744022,55.382739,47.974511,1.317622,92.586157,96.35659,1.781652,6.03053,6.644127,7.542404,10.330383,10.723638,42.473764,42.448587,42.322702,42.020576,40.157471,40.591257,40.487972,40.487972,40.487972,38.525545,-2.4492935982947064e-16,-0.5000000000000004,-0.8660254037844386,-0.4999999999999998,0.49999999999999994,1,0.8660254037844384,0.5000000000000001,-0.8660254037844388,0.8660254037844387,6.03053,6.644127,7.542404,10.330383,10.723638,0.25510045304319995,0,-0.25445134650547985,0,0.6345752835628105,6.0305287938417385,6.644127604707162,7.542404415340176,10.330384248010471,10.723638942635683,4609,4250.4,4162.565217391304,2191.913043478261,1693.8636363636363,107.33509924256727,161.5843921592481,461.41135522999207,39.058130388014156,75.8559383082391,4442,4026,3138,2123,1530,4765,4558,4560,2240,1761,4442,4558,3138,2123,1738,4765,4417,4555,2181,1530,4609,4250.4,4162.565217391304,2191.913043478261,1693.8636363636363,4609,4250.4,4162.565217391304,2191.913043478261,1693.8636363636363,18,20,23,23,22,323,532,1422,117,231,323,-141,1417,58,-208,7.271499324628539,-3.0934620447564676,45.15615041427661,2.7319830428638614,-11.967779056386652,29.81,28.75,29.61,28.35,31.18,3.6869565217391154,-2.9044241810199267,9.221689413500545,2.5316455696202667,10.060007059654087,5.224144016943177,18.118323746918662,7.516339869281041,10.139860139860147,60.55612770339853,13,13,13,13,12.5,0,0,0,0,0,0.5,0.5,0.5,0.5,0,42.473764,42.448587,42.322702,42.020576,40.157471,40.591257,40.487972,40.487972,40.487972,38.525545,6.03053,6.644127,7.542404,10.330383,10.723638,30.321831,30.119126,30.010607,30.573677,28.483152,27.444173,27.089723,26.943461,27.551948,25.023064,11.193555,12.04281,12.186618,14.686222,8.515932,52.193483,52.296143,52.297192,52.15689,51.424072,43.832531,44.19137,44.265585,44.459804,43.859783,0.706226,1.457547,3.202066,9.590319,17.698224,55.141622,55.189845,55.823653,56.519473,56.51257,47.573892,47.75778,47.422848,47.232395,47.350609,1.613104,2.350453,2.338437,7.503716,17.388483,92.515124,92.444091,92.373057,92.159957,91.733758,96.216032,96.075475,95.934917,95.513245,94.669901,1.784301,1.786958,1.789623,1.797666,1.813971,6.101561333333334,7.373979833333333,9.20779075,40.59125733333333,40.574043,40.2211505,4696.292063492064,3833.3758407051882,2928.8570628646717,29.946666666666665,29.40833333333333,28.890833333333333,12.666666666666666,12.833333333333334,12.75
2004-02-01,2004,2,0.8660254037844386,0.5000000000000001,5.039788,43.059388,40.901114,5.039788,0.5076135146670602,5.039787294317333,5450.05,149.31333179803997,5242,5681,5618,5263,5450.05,5450.05,20,439,-355,-6.318974724101101,30.86,-1.3427109974424645,-5.828501678364373,12,0,-0.5,43.059388,40.901114,5.039788,31.646581,28.131088,13.237379,53.507926,44.163381,0.871846,55.554972,48.059882,2.421281,92.657191,96.497147,1.779011,5.630027,6.03053,6.644127,9.664176,10.900273,42.619445,42.473764,42.448587,42.196816,40.509951,40.694543,40.591257,40.487972,40.591257,38.938687,0.49999999999999994,-2.4492935982947064e-16,-0.5000000000000004,-0.8660254037844384,0.8660254037844386,0.8660254037844387,1,0.8660254037844384,-0.5000000000000004,0.5000000000000001,5.630027,6.03053,6.644127,9.664176,10.900273,0.25445381009019385,0.25510045304319995,0,0.25510045304319995,1.0723845697705237,5.630025480496137,6.0305287938417385,6.644127604707162,9.664175682026421,10.900272287291868,5229.476190476191,4609,4250.4,2285.95,1673.7,272.5468068144661,107.33509924256727,161.5843921592481,53.257542090052226,83.78738756990501,4757,4442,4026,2176,1530,5551,4765,4558,2343,1768,4761,4442,4558,2176,1530,5551,4765,4417,2265,1764,5229.476190476191,4609,4250.4,2285.95,1673.7,5229.476190476191,4609,4250.4,2285.95,1673.7,21,18,20,20,20,794,323,532,167,238,790,323,-141,89,234,16.593152699012805,7.271499324628539,-3.0934620447564676,4.090073529411775,15.294117647058814,31.28,29.81,28.75,29.89,32.77,4.931231130493141,3.6869565217391154,-2.9044241810199267,5.432098765432092,5.099422706863388,0.3207184092366866,5.224144016943177,18.118323746918662,12.157598499061928,61.58777120315582,12,13,13,13,12.5,-1,0,0,0,0,-0.5,0.5,0.5,0.5,0,42.619445,42.473764,42.448587,42.196816,40.509951,40.694543,40.591257,40.487972,40.591257,38.938687,5.630027,6.03053,6.644127,9.664176,10.900273,31.087606,30.321831,30.119126,29.814044,28.808708,28.09369,27.444173,27.089723,26.836273,24.842581,12.271183,11.193555,12.04281,11.084256,9.966139,53.46786,52.193483,52.296143,52.314952,51.398259,44.18611,43.832531,44.19137,44.471182,43.781672,0.744022,0.706226,1.457547,9.152289,15.105708,55.382739,55.141622,55.189845,56.643483,56.450573,47.974511,47.573892,47.75778,47.258673,46.923727,1.317622,1.613104,2.350453,5.730268,15.279111,92.586157,92.515124,92.444091,92.230991,91.804791,96.35659,96.216032,96.075475,95.653803,94.810459,1.781652,1.784301,1.786958,1.794977,1.811233,5.5667816666666665,6.603248499999999,8.719417,40.728971333333334,40.625685833333335,40.384686083333335,5096.175396825397,4360.725840705189,3243.552896198005,30.65,29.57,28.731666666666666,12.333333333333334,12.666666666666666,12.708333333333334
2004-03-01,2004,3,1,6.123233995736766e-17,5.263158,43.49933,41.314257,5.263158,1.0101020720364673,5.263158297031345,5131.173913043478,161.87724085466544,4822,5384,5205,4822,5131.173913043478,5131.173913043478,23,562,-383,-7.358309317963496,33.63,8.97602073882049,9.866056844168591,12,0,-0.5,43.49933,41.314257,5.263158,32.037659,28.489839,11.1571,53.771586,44.459246,1.223552,55.816766,48.112423,2.133007,92.728224,96.637704,1.776377,5.039788,5.630027,6.03053,8.732615,10.782214,43.059388,42.619445,42.473764,42.272347,40.68619,40.901114,40.694543,40.591257,40.591257,39.248544,0.8660254037844386,0.49999999999999994,-2.4492935982947064e-16,-1,1,0.5000000000000001,0.8660254037844387,1,-1.8369701987210297e-16,6.123233995736766e-17,5.039788,5.630027,6.03053,8.732615,10.782214,0.5076135146670602,0.25445381009019385,0.25510045304319995,0,0.7957561589069462,5.039787294317333,5.630025480496137,6.0305287938417385,8.732613968421422,10.782213254441796,5450.05,5229.476190476191,4609,2462.8636363636365,1849.7619047619048,149.31333179803997,272.5468068144661,107.33509924256727,208.20509473080017,82.01762296110805,5242,4757,4442,2262,1748,5681,5551,4765,2993,1940,5618,4761,4442,2262,1762,5263,5551,4765,2993,1939,5450.05,5229.476190476191,4609,2462.8636363636365,1849.7619047619048,5450.05,5229.476190476191,4609,2462.8636363636365,1849.7619047619048,20,21,18,22,21,439,794,323,731,192,-355,790,323,731,177,-6.318974724101101,16.593152699012805,7.271499324628539,32.31653404067196,10.045402951191829,30.86,31.28,29.81,27.11,30.61,-1.3427109974424645,4.931231130493141,3.6869565217391154,-9.300769488123118,-6.591394568202635,-5.828501678364373,0.3207184092366866,5.224144016943177,-4.54225352112676,29.156118143459906,12,12,13,13,12.5,0,-1,0,0,0,-0.5,-0.5,0.5,0.5,0,43.059388,42.619445,42.473764,42.272347,40.68619,40.901114,40.694543,40.591257,40.591257,39.248544,5.039788,5.630027,6.03053,8.732615,10.782214,31.646581,31.087606,30.321831,29.611339,29.576531,28.131088,28.09369,27.444173,26.590706,25.630247,13.237379,12.271183,11.193555,10.570364,13.606973,53.507926,53.46786,52.193483,52.442269,51.704124,44.163381,44.18611,43.832531,44.668847,43.92184,0.871846,0.744022,0.706226,7.162009,13.653539,55.554972,55.382739,55.141622,56.257679,56.781266,48.059882,47.974511,47.573892,47.192999,47.107614,2.421281,1.317622,1.613104,3.574533,13.586692,92.657191,92.586157,92.515124,92.302024,91.875824,96.497147,96.35659,96.216032,95.79436,94.951016,1.779011,1.781652,1.784301,1.792296,1.808503,5.310991,6.025005666666667,8.259495666666666,40.96997133333333,40.746185833333335,40.556828833333334,5270.23336783989,4805.444220151829,3517.003896888136,31.923333333333336,30.656666666666666,28.983333333333334,12,12.5,12.666666666666666
2004-04-01,2004,4,0.8660254037844387,-0.49999999999999983,5.181347,43.939273,41.933971,5.181347,1.5000003509684445,5.18134752714805,4490,238.10258735524727,3982,4763,4763,3982,4490,4490,20,781,-781,-16.3972286374134,33.59,-0.11894142134998287,34.360000000000014,12,0,-0.5,43.939273,41.933971,5.181347,32.375501,28.860347,10.140707,54.058974,44.64796,1.280647,55.878763,48.112423,2.147245,92.799257,96.778262,1.773752,5.263158,5.039788,5.630027,7.542404,11.533088,43.49933,43.059388,42.619445,42.322702,41.240086,41.314257,40.901114,40.694543,40.487972,39.868258,1,0.8660254037844386,0.49999999999999994,-0.8660254037844386,0.8660254037844387,6.123233995736766e-17,0.5000000000000001,0.8660254037844387,0.5000000000000001,-0.49999999999999983,5.263158,5.039788,5.630027,7.542404,11.533088,1.0101020720364673,0.5076135146670602,0.25445381009019385,-0.25445134650547985,1.5789477438959088,5.263158297031345,5.039787294317333,5.630025480496137,7.542404415340176,11.533086601406751,5131.173913043478,5450.05,5229.476190476191,4162.565217391304,2063.55,161.87724085466544,149.31333179803997,272.5468068144661,461.41135522999207,61.2428083855351,4822,5242,4757,3138,1943,5384,5681,5551,4560,2142,5205,5618,4761,3138,1943,4822,5263,5551,4555,2142,5131.173913043478,5450.05,5229.476190476191,4162.565217391304,2063.55,5131.173913043478,5450.05,5229.476190476191,4162.565217391304,2063.55,23,20,21,23,20,562,439,794,1422,199,-383,-355,790,1417,199,-7.358309317963496,-6.318974724101101,16.593152699012805,45.15615041427661,10.241893978383931,33.63,30.86,31.28,29.61,25,8.97602073882049,-1.3427109974424645,4.931231130493141,9.221689413500545,-18.327344005227054,9.866056844168591,-5.828501678364373,0.3207184092366866,7.516339869281041,-2.83715507190051,12,12,12,13,12.5,0,0,-1,0,0,-0.5,-0.5,-0.5,0.5,0,43.49933,43.059388,42.619445,42.322702,41.240086,41.314257,40.901114,40.694543,40.487972,39.868258,5.263158,5.039788,5.630027,7.542404,11.533088,32.037659,31.646581,31.087606,30.010607,30.094556,28.489839,28.131088,28.09369,26.943461,26.203161,11.1571,13.237379,12.271183,12.186618,15.676221,53.771586,53.507926,53.46786,52.297192,51.818192,44.459246,44.163381,44.18611,44.265585,44.083407,1.223552,0.871846,0.744022,3.202066,12.060701,55.816766,55.554972,55.382739,55.823653,56.912163,48.112423,48.059882,47.974511,47.422848,47.101048,2.133007,2.421281,1.317622,2.338437,11.47032,92.728224,92.657191,92.586157,92.373057,91.946858,96.637704,96.497147,96.35659,95.934917,95.091573,1.776377,1.779011,1.781652,1.789623,1.805782,5.161430999999999,5.6314961666666665,7.730183916666666,41.383114,40.98718566666667,40.72897158333333,5023.741304347826,4860.016683919945,3719.2080635548027,32.693333333333335,31.32,29.699166666666667,12,12.333333333333334,12.625
2004-05-01,2004,5,0.49999999999999994,-0.8660254037844387,4.627249,44.544194,42.037256,4.627249,0.24630388569686357,4.6272479433144165,3595.684210526316,269.81084992424246,3286,3933,3933,3286,3595.684210526316,3595.684210526316,19,647,-647,-16.45054665649631,37.57,11.848764513247989,45.28228924980666,12,0,-0.5,44.544194,42.037256,4.627249,32.909906,29.755144,6.198866,54.235839,45.01222,1.907785,55.88565,48.184662,1.719126,92.87029,96.918819,1.771134,5.181347,5.263158,5.039788,6.644127,11.41154,43.939273,43.49933,43.059388,42.448587,41.491857,41.933971,41.314257,40.901114,40.487972,40.178115,0.8660254037844387,1,0.8660254037844386,-0.5000000000000004,0.49999999999999994,-0.49999999999999983,6.123233995736766e-17,0.5000000000000001,0.8660254037844384,-0.8660254037844387,5.181347,5.263158,5.039788,6.644127,11.41154,1.5000003509684445,1.0101020720364673,0.5076135146670602,0,0.7772022544852542,5.18134752714805,5.263158297031345,5.039787294317333,6.644127604707162,11.411542322538848,4490,5131.173913043478,5450.05,4250.4,2231.2,238.10258735524727,161.87724085466544,149.31333179803997,161.5843921592481,70.82788627146944,3982,4822,5242,4026,2127,4763,5384,5681,4558,2337,4763,5205,5618,4558,2145,3982,4822,5263,4417,2127,4490,5131.173913043478,5450.05,4250.4,2231.2,4490,5131.173913043478,5450.05,4250.4,2231.2,20,23,20,20,20,781,562,439,532,210,-781,-383,-355,-141,-18,-16.3972286374134,-7.358309317963496,-6.318974724101101,-3.0934620447564676,-0.8391608391608352,33.59,33.63,30.86,28.75,25.86,-0.11894142134998287,8.97602073882049,-1.3427109974424645,-2.9044241810199267,3.4399999999999986,34.360000000000014,9.866056844168591,-5.828501678364373,18.118323746918662,2.0118343195266286,12,12,12,13,12.5,0,0,0,0,0,-0.5,-0.5,-0.5,0.5,0,43.939273,43.49933,43.059388,42.448587,41.491857,41.933971,41.314257,40.901114,40.487972,40.178115,5.181347,5.263158,5.039788,6.644127,11.41154,32.375501,32.037659,31.646581,30.119126,31.445924,28.860347,28.489839,28.131088,27.089723,28.018325,10.140707,11.1571,13.237379,12.04281,20.194437,54.058974,53.771586,53.507926,52.296143,51.908162,44.64796,44.459246,44.163381,44.19137,44.16956,1.280647,1.223552,0.871846,1.457547,11.253793,55.878763,55.816766,55.554972,55.189845,56.912163,48.112423,48.112423,48.059882,47.75778,47.370307,2.147245,2.133007,2.421281,2.350453,11.27738,92.799257,92.728224,92.657191,92.444091,92.017891,96.778262,96.637704,96.497147,96.075475,95.232131,1.773752,1.776377,1.779011,1.786958,1.803068,5.023918,5.295349833333333,7.164826333333333,41.761828,41.245399666666664,40.8839,4405.619374523265,4750.8973856743305,3832.915081098662,34.93,32.79,30.675,12,12.166666666666666,12.583333333333334
2004-06-01,2004,6,1.2246467991473532e-16,-1,4.591837,44.874151,42.347113,4.591837,0.7371009182902011,4.591835323339977,2901.590909090909,218.20101241328334,2622,3282,3282,3005,2901.590909090909,2901.590909090909,22,660,-277,-8.439975624619134,35.18,-6.361458610593562,27.23327305605787,12,0,-1,44.874151,42.347113,4.591837,33.391074,30.719481,7.938577,54.145253,44.883795,0.642833,55.933873,47.928535,1.445659,92.941324,97.059376,1.768523,4.627249,5.181347,5.263158,6.03053,11.292112,44.544194,43.939273,43.49933,42.473764,42.045754,42.037256,41.933971,41.314257,40.591257,40.487972,0.49999999999999994,0.8660254037844387,1,-2.4492935982947064e-16,1.2246467991473532e-16,-0.8660254037844387,-0.49999999999999983,6.123233995736766e-17,1,-1,4.627249,5.181347,5.263158,6.03053,11.292112,0.24630388569686357,1.5000003509684445,1.0101020720364673,0.25510045304319995,0.7712084053719259,4.6272479433144165,5.18134752714805,5.263158297031345,6.0305287938417385,11.292113936177572,3595.684210526316,4490,5131.173913043478,4609,2135.904761904762,269.81084992424246,238.10258735524727,161.87724085466544,107.33509924256727,10.324266375412646,3286,3982,4822,4442,2116,3933,4763,5384,4765,2154,3933,4763,5205,4442,2116,3286,3982,4822,4765,2125,3595.684210526316,4490,5131.173913043478,4609,2135.904761904762,3595.684210526316,4490,5131.173913043478,4609,2135.904761904762,19,20,23,18,21,647,781,562,323,38,-647,-781,-383,323,9,-16.45054665649631,-16.3972286374134,-7.358309317963496,7.271499324628539,0.42533081285445196,37.57,33.59,33.63,29.81,27.65,11.848764513247989,-0.11894142134998287,8.97602073882049,3.6869565217391154,6.921887084300082,45.28228924980666,34.360000000000014,9.866056844168591,5.224144016943177,14.825581395348841,12,12,12,13,13,0,0,0,0,0.5,-0.5,-0.5,-0.5,0.5,0.5,44.544194,43.939273,43.49933,42.473764,42.045754,42.037256,41.933971,41.314257,40.591257,40.487972,4.627249,5.181347,5.263158,6.03053,11.292112,32.909906,32.375501,32.037659,30.321831,31.517587,29.755144,28.860347,28.489839,27.444173,28.46015,6.198866,10.140707,11.1571,11.193555,18.570194,54.235839,54.058974,53.771586,52.193483,52.162865,45.01222,44.64796,44.459246,43.832531,44.59711,1.907785,1.280647,1.223552,0.706226,10.569938,55.88565,55.878763,55.816766,55.141622,56.808813,48.184662,48.112423,48.112423,47.573892,47.245526,1.719126,2.147245,2.133007,1.613104,8.999999,92.87029,92.799257,92.728224,92.515124,92.088924,96.918819,96.778262,96.637704,96.216032,95.372688,1.771134,1.773752,1.776377,1.784301,1.800363,4.800144333333333,5.055567666666667,6.606470083333333,42.10611333333333,41.53804233333334,41.03882841666667,3662.4250398724084,4466.3292038561485,3896.722260030841,35.446666666666665,33.685,31.302500000000002,12,12,12.5
2004-07-01,2004,7,-0.4999999999999998,-0.8660254037844388,3.826531,44.819158,42.037256,3.826531,-0.7317074956207814,3.8265290244717587,3778.409090909091,285.93933074308063,3115,4086,3115,4048,3778.409090909091,3778.409090909091,22,971,933,29.951845906902097,38.22,8.641273450824327,34.81481481481481,12,0,-1,44.819158,42.037256,3.826531,33.184274,30.706806,11.450578,54.3896,44.757999,0.670708,56.044109,47.652711,0.889891,93.012357,97.199934,1.765921,4.591837,4.627249,5.181347,5.630027,10.330383,44.874151,44.544194,43.939273,42.619445,42.020576,42.347113,42.037256,41.933971,40.694543,40.487972,1.2246467991473532e-16,0.49999999999999994,0.8660254037844387,0.49999999999999994,-0.4999999999999998,-1,-0.8660254037844387,-0.49999999999999983,0.8660254037844387,-0.8660254037844388,4.591837,4.627249,5.181347,5.630027,10.330383,0.7371009182902011,0.24630388569686357,1.5000003509684445,0.25445381009019385,0,4.591835323339977,4.6272479433144165,5.18134752714805,5.630025480496137,10.330384248010471,2901.590909090909,3595.684210526316,4490,5229.476190476191,2191.913043478261,218.20101241328334,269.81084992424246,238.10258735524727,272.5468068144661,39.058130388014156,2622,3286,3982,4757,2123,3282,3933,4763,5551,2240,3282,3933,4763,4761,2123,3005,3286,3982,5551,2181,2901.590909090909,3595.684210526316,4490,5229.476190476191,2191.913043478261,2901.590909090909,3595.684210526316,4490,5229.476190476191,2191.913043478261,22,19,20,21,23,660,647,781,794,117,-277,-647,-781,790,58,-8.439975624619134,-16.45054665649631,-16.3972286374134,16.593152699012805,2.7319830428638614,35.18,37.57,33.59,31.28,28.35,-6.361458610593562,11.848764513247989,-0.11894142134998287,4.931231130493141,2.5316455696202667,27.23327305605787,45.28228924980666,34.360000000000014,0.3207184092366866,10.139860139860147,12,12,12,12,13,0,0,0,-1,0,-1,-0.5,-0.5,-0.5,0.5,44.874151,44.544194,43.939273,42.619445,42.020576,42.347113,42.037256,41.933971,40.694543,40.487972,4.591837,4.627249,5.181347,5.630027,10.330383,33.391074,32.909906,32.375501,31.087606,30.573677,30.719481,29.755144,28.860347,28.09369,27.551948,7.938577,6.198866,10.140707,12.271183,14.686222,54.145253,54.235839,54.058974,53.46786,52.15689,44.883795,45.01222,44.64796,44.18611,44.459804,0.642833,1.907785,1.280647,0.744022,9.590319,55.933873,55.88565,55.878763,55.382739,56.519473,47.928535,48.184662,48.112423,47.974511,47.232395,1.445659,1.719126,2.147245,1.317622,7.503716,92.941324,92.87029,92.799257,92.586157,92.159957,97.059376,96.918819,96.778262,96.35659,95.513245,1.768523,1.771134,1.773752,1.781652,1.797666,4.348539,4.754985,6.064482416666666,42.140541666666664,41.761827833333335,41.167935416666666,3425.2280701754385,4224.484687261633,4028.9302639834104,36.99,34.84166666666667,32.125,12,12,12.416666666666666
2004-08-01,2004,8,-0.8660254037844384,-0.5000000000000004,3.816794,44.984137,42.140542,3.816794,0.24570109904415993,3.8167948334292934,4169,46.203895939628296,4088,4233,4100,4186,4169,4169,21,145,86,2.097560975609758,42.74,11.82626896912613,42.9909668785547,12,0,-1,44.984137,42.140542,3.816794,34.525405,32.586332,21.426444,54.523456,44.678209,0.465531,55.933873,47.56076,0.639222,93.08339,97.340491,1.763326,3.826531,4.591837,4.627249,5.039788,9.664176,44.819158,44.874151,44.544194,43.059388,42.196816,42.037256,42.347113,42.037256,40.901114,40.591257,-0.4999999999999998,1.2246467991473532e-16,0.49999999999999994,0.8660254037844386,-0.8660254037844384,-0.8660254037844388,-1,-0.8660254037844387,0.5000000000000001,-0.5000000000000004,3.826531,4.591837,4.627249,5.039788,9.664176,-0.7317074956207814,0.7371009182902011,0.24630388569686357,0.5076135146670602,0.25510045304319995,3.8265290244717587,4.591835323339977,4.6272479433144165,5.039787294317333,9.664175682026421,3778.409090909091,2901.590909090909,3595.684210526316,5450.05,2285.95,285.93933074308063,218.20101241328334,269.81084992424246,149.31333179803997,53.257542090052226,3115,2622,3286,5242,2176,4086,3282,3933,5681,2343,3115,3282,3933,5618,2176,4048,3005,3286,5263,2265,3778.409090909091,2901.590909090909,3595.684210526316,5450.05,2285.95,3778.409090909091,2901.590909090909,3595.684210526316,5450.05,2285.95,22,22,19,20,20,971,660,647,439,167,933,-277,-647,-355,89,29.951845906902097,-8.439975624619134,-16.45054665649631,-6.318974724101101,4.090073529411775,38.22,35.18,37.57,30.86,29.89,8.641273450824327,-6.361458610593562,11.848764513247989,-1.3427109974424645,5.432098765432092,34.81481481481481,27.23327305605787,45.28228924980666,-5.828501678364373,12.157598499061928,12,12,12,12,13,0,0,0,0,0,-1,-1,-0.5,-0.5,0.5,44.819158,44.874151,44.544194,43.059388,42.196816,42.037256,42.347113,42.037256,40.901114,40.591257,3.826531,4.591837,4.627249,5.039788,9.664176,33.184274,33.391074,32.909906,31.646581,29.814044,30.706806,30.719481,29.755144,28.131088,26.836273,11.450578,7.938577,6.198866,13.237379,11.084256,54.3896,54.145253,54.235839,53.507926,52.314952,44.757999,44.883795,45.01222,44.163381,44.471182,0.670708,0.642833,1.907785,0.871846,9.152289,56.044109,55.933873,55.88565,55.554972,56.643483,47.652711,47.928535,48.184662,48.059882,47.258673,0.889891,1.445659,1.719126,2.421281,5.730268,93.012357,92.941324,92.87029,92.657191,92.230991,97.199934,97.059376,96.918819,96.497147,95.653803,1.765921,1.768523,1.771134,1.779011,1.794977,4.078387333333334,4.551152666666667,5.577200583333333,42.174970333333334,41.968399166666664,41.2970425,3616.3333333333335,4010.976353928299,4185.851097316744,38.71333333333333,36.821666666666665,33.19583333333333,12,12,12.333333333333334
2004-09-01,2004,9,-1,-1.8369701987210297e-16,4.071247,45.259101,42.243828,4.071247,0.24509888838164517,4.071248643519465,4140.772727272727,71.03716788258961,4014,4233,4134,4105,4140.772727272727,4140.772727272727,22,219,-29,-0.7014997581035298,43.2,1.076275152082351,59.350793065289565,12,0,-1,45.259101,42.243828,4.071247,35.225659,33.458317,25.82711,54.428044,44.561501,-0.240317,55.947662,47.593604,0.848864,93.154424,97.481048,1.760739,3.816794,3.826531,4.591837,5.263158,8.732615,44.984137,44.819158,44.874151,43.49933,42.272347,42.140542,42.037256,42.347113,41.314257,40.591257,-0.8660254037844384,-0.4999999999999998,1.2246467991473532e-16,1,-1,-0.5000000000000004,-0.8660254037844388,-1,6.123233995736766e-17,-1.8369701987210297e-16,3.816794,3.826531,4.591837,5.263158,8.732615,0.24570109904415993,-0.7317074956207814,0.7371009182902011,1.0101020720364673,0,3.8167948334292934,3.8265290244717587,4.591835323339977,5.263158297031345,8.732613968421422,4169,3778.409090909091,2901.590909090909,5131.173913043478,2462.8636363636365,46.203895939628296,285.93933074308063,218.20101241328334,161.87724085466544,208.20509473080017,4088,3115,2622,4822,2262,4233,4086,3282,5384,2993,4100,3115,3282,5205,2262,4186,4048,3005,4822,2993,4169,3778.409090909091,2901.590909090909,5131.173913043478,2462.8636363636365,4169,3778.409090909091,2901.590909090909,5131.173913043478,2462.8636363636365,21,22,22,23,22,145,971,660,562,731,86,933,-277,-383,731,2.097560975609758,29.951845906902097,-8.439975624619134,-7.358309317963496,32.31653404067196,42.74,38.22,35.18,33.63,27.11,11.82626896912613,8.641273450824327,-6.361458610593562,8.97602073882049,-9.300769488123118,42.9909668785547,34.81481481481481,27.23327305605787,9.866056844168591,-4.54225352112676,12,12,12,12,13,0,0,0,0,0,-1,-1,-1,-0.5,0.5,44.984137,44.819158,44.874151,43.49933,42.272347,42.140542,42.037256,42.347113,41.314257,40.591257,3.816794,3.826531,4.591837,5.263158,8.732615,34.525405,33.184274,33.391074,32.037659,29.611339,32.586332,30.706806,30.719481,28.489839,26.590706,21.426444,11.450578,7.938577,11.1571,10.570364,54.523456,54.3896,54.145253,53.771586,52.442269,44.678209,44.757999,44.883795,44.459246,44.668847,0.465531,0.670708,0.642833,1.223552,7.162009,55.933873,56.044109,55.933873,55.816766,56.257679,47.56076,47.652711,47.928535,48.112423,47.192999,0.639222,0.889891,1.445659,2.133007,3.574533,93.08339,93.012357,92.941324,92.728224,92.302024,97.340491,97.199934,97.059376,96.637704,95.79436,1.763326,1.765921,1.768523,1.776377,1.792296,3.904857333333333,4.352500833333333,5.1887532499999995,42.140542,42.12332766666667,41.43475675,4029.3939393939395,3845.909489633174,4325.676854892501,41.38666666666667,38.41666666666667,34.53666666666667,12,12,12.25
2004-10-01,2004,10,-0.8660254037844386,0.5000000000000001,4.591837,45.534065,42.347113,4.591837,0.24449725531503486,4.591835323339977,4539.428571428572,277.89144848817705,4112,4922,4112,4922,4539.428571428572,4539.428571428572,21,810,810,19.698443579766533,49.78,15.23148148148148,68.11887875717663,12,0,-1,45.534065,42.347113,4.591837,35.500028,33.650387,24.892594,54.589115,44.998991,1.656831,56.106106,47.915404,1.038646,93.225457,97.621606,1.758159,4.071247,3.816794,3.826531,5.181347,7.542404,45.259101,44.984137,44.819158,43.939273,42.322702,42.243828,42.140542,42.037256,41.933971,40.487972,-1,-0.8660254037844384,-0.4999999999999998,0.8660254037844387,-0.8660254037844386,-1.8369701987210297e-16,-0.5000000000000004,-0.8660254037844388,-0.49999999999999983,0.5000000000000001,4.071247,3.816794,3.826531,5.181347,7.542404,0.24509888838164517,0.24570109904415993,-0.7317074956207814,1.5000003509684445,-0.25445134650547985,4.071248643519465,3.8167948334292934,3.8265290244717587,5.18134752714805,7.542404415340176,4140.772727272727,4169,3778.409090909091,4490,4162.565217391304,71.03716788258961,46.203895939628296,285.93933074308063,238.10258735524727,461.41135522999207,4014,4088,3115,3982,3138,4233,4233,4086,4763,4560,4134,4100,3115,4763,3138,4105,4186,4048,3982,4555,4140.772727272727,4169,3778.409090909091,4490,4162.565217391304,4140.772727272727,4169,3778.409090909091,4490,4162.565217391304,22,21,22,20,23,219,145,971,781,1422,-29,86,933,-781,1417,-0.7014997581035298,2.097560975609758,29.951845906902097,-16.3972286374134,45.15615041427661,43.2,42.74,38.22,33.59,29.61,1.076275152082351,11.82626896912613,8.641273450824327,-0.11894142134998287,9.221689413500545,59.350793065289565,42.9909668785547,34.81481481481481,34.360000000000014,7.516339869281041,12,12,12,12,13,0,0,0,0,0,-1,-1,-1,-0.5,0.5,45.259101,44.984137,44.819158,43.939273,42.322702,42.243828,42.140542,42.037256,41.933971,40.487972,4.071247,3.816794,3.826531,5.181347,7.542404,35.225659,34.525405,33.184274,32.375501,30.010607,33.458317,32.586332,30.706806,28.860347,26.943461,25.82711,21.426444,11.450578,10.140707,12.186618,54.428044,54.523456,54.3896,54.058974,52.297192,44.561501,44.678209,44.757999,44.64796,44.265585,-0.240317,0.465531,0.670708,1.280647,3.202066,55.947662,55.933873,56.044109,55.878763,55.823653,47.593604,47.56076,47.652711,48.112423,47.422848,0.848864,0.639222,0.889891,2.147245,2.338437,93.154424,93.08339,93.012357,92.799257,92.373057,97.481048,97.340491,97.199934,96.778262,95.934917,1.760739,1.763326,1.765921,1.773752,1.789623,4.159959333333333,4.254249166666667,4.942872666666666,42.24382766666667,42.19218466666667,41.58968516666667,4283.0670995671,3854.147584871269,4357.082134395607,45.24,41.115,36.2175,12,12,12.166666666666666
2004-11-01,2004,11,-0.5000000000000004,0.8660254037844384,4.846939,45.644051,42.450399,4.846939,0.24390328568559827,4.846938246252486,5308.909090909091,348.3562638737627,4928,6051,4928,6051,5308.909090909091,5308.909090909091,22,1123,1123,22.788149350649345,43.11,-13.398955403776625,49.94782608695652,12,0,-1,45.644051,42.450399,4.846939,35.13352,33.494519,23.6429,54.413378,44.579992,0.879407,56.436799,48.335706,1.21012,93.29649,97.762163,1.755587,4.591837,4.071247,3.816794,4.627249,6.644127,45.534065,45.259101,44.984137,44.544194,42.448587,42.347113,42.243828,42.140542,42.037256,40.487972,-0.8660254037844386,-1,-0.8660254037844384,0.49999999999999994,-0.5000000000000004,0.5000000000000001,-1.8369701987210297e-16,-0.5000000000000004,-0.8660254037844387,0.8660254037844384,4.591837,4.071247,3.816794,4.627249,6.644127,0.24449725531503486,0.24509888838164517,0.24570109904415993,0.24630388569686357,0,4.591835323339977,4.071248643519465,3.8167948334292934,4.6272479433144165,6.644127604707162,4539.428571428572,4140.772727272727,4169,3595.684210526316,4250.4,277.89144848817705,71.03716788258961,46.203895939628296,269.81084992424246,161.5843921592481,4112,4014,4088,3286,4026,4922,4233,4233,3933,4558,4112,4134,4100,3933,4558,4922,4105,4186,3286,4417,4539.428571428572,4140.772727272727,4169,3595.684210526316,4250.4,4539.428571428572,4140.772727272727,4169,3595.684210526316,4250.4,21,22,21,19,20,810,219,145,647,532,810,-29,86,-647,-141,19.698443579766533,-0.7014997581035298,2.097560975609758,-16.45054665649631,-3.0934620447564676,49.78,43.2,42.74,37.57,28.75,15.23148148148148,1.076275152082351,11.82626896912613,11.848764513247989,-2.9044241810199267,68.11887875717663,59.350793065289565,42.9909668785547,45.28228924980666,18.118323746918662,12,12,12,12,13,0,0,0,0,0,-1,-1,-1,-0.5,0.5,45.534065,45.259101,44.984137,44.544194,42.448587,42.347113,42.243828,42.140542,42.037256,40.487972,4.591837,4.071247,3.816794,4.627249,6.644127,35.500028,35.225659,34.525405,32.909906,30.119126,33.650387,33.458317,32.586332,29.755144,27.089723,24.892594,25.82711,21.426444,6.198866,12.04281,54.589115,54.428044,54.523456,54.235839,52.296143,44.998991,44.561501,44.678209,45.01222,44.19137,1.656831,-0.240317,0.465531,1.907785,1.457547,56.106106,55.947662,55.933873,55.88565,55.189845,47.915404,47.593604,47.56076,48.184662,47.75778,1.038646,0.848864,0.639222,1.719126,2.350453,93.225457,93.154424,93.08339,92.87029,92.444091,97.621606,97.481048,97.340491,96.918819,96.075475,1.758159,1.760739,1.763326,1.771134,1.786958,4.503341,4.290864166666666,4.793107,42.34711333333333,42.26104183333334,41.75322075,4663.036796536797,4139.685064935065,4445.291225304698,45.36333333333334,42.038333333333334,37.41416666666667,12,12,12.083333333333334
2004-12-01,2004,12,-2.4492935982947064e-16,1,4.834606,45.809029,42.553685,4.834606,0.2433098449793336,4.834607610205333,5518.833333333333,615.1266010295097,4598,6208,6092,4598,5518.833333333333,5518.833333333333,18,1610,-1494,-24.523965856861462,39.6,-8.14196242171189,32.84132841328415,12,0,-1,45.809029,42.553685,4.834606,35.250229,33.812022,23.202918,54.402982,44.551102,1.639353,56.354126,48.191228,1.297636,93.367523,97.902721,1.753022,4.846939,4.591837,4.071247,4.591837,6.03053,45.644051,45.534065,45.259101,44.874151,42.473764,42.450399,42.347113,42.243828,42.347113,40.591257,-0.5000000000000004,-0.8660254037844386,-1,1.2246467991473532e-16,-2.4492935982947064e-16,0.8660254037844384,0.5000000000000001,-1.8369701987210297e-16,-1,1,4.846939,4.591837,4.071247,4.591837,6.03053,0.24390328568559827,0.24449725531503486,0.24509888838164517,0.7371009182902011,0.25510045304319995,4.846938246252486,4.591835323339977,4.071248643519465,4.591835323339977,6.0305287938417385,5308.909090909091,4539.428571428572,4140.772727272727,2901.590909090909,4609,348.3562638737627,277.89144848817705,71.03716788258961,218.20101241328334,107.33509924256727,4928,4112,4014,2622,4442,6051,4922,4233,3282,4765,4928,4112,4134,3282,4442,6051,4922,4105,3005,4765,5308.909090909091,4539.428571428572,4140.772727272727,2901.590909090909,4609,5308.909090909091,4539.428571428572,4140.772727272727,2901.590909090909,4609,22,21,22,22,18,1123,810,219,660,323,1123,810,-29,-277,323,22.788149350649345,19.698443579766533,-0.7014997581035298,-8.439975624619134,7.271499324628539,43.11,49.78,43.2,35.18,29.81,-13.398955403776625,15.23148148148148,1.076275152082351,-6.361458610593562,3.6869565217391154,49.94782608695652,68.11887875717663,59.350793065289565,27.23327305605787,5.224144016943177,12,12,12,12,13,0,0,0,0,0,-1,-1,-1,-1,0.5,45.644051,45.534065,45.259101,44.874151,42.473764,42.450399,42.347113,42.243828,42.347113,40.591257,4.846939,4.591837,4.071247,4.591837,6.03053,35.13352,35.500028,35.225659,33.391074,30.321831,33.494519,33.650387,33.458317,30.719481,27.444173,23.6429,24.892594,25.82711,7.938577,11.193555,54.413378,54.589115,54.428044,54.145253,52.193483,44.579992,44.998991,44.561501,44.883795,43.832531,0.879407,1.656831,-0.240317,0.642833,0.706226,56.436799,56.106106,55.947662,55.933873,55.141622,48.335706,47.915404,47.593604,47.928535,47.573892,1.21012,1.038646,0.848864,1.445659,1.613104,93.29649,93.225457,93.154424,92.941324,92.515124,97.762163,97.621606,97.481048,97.059376,96.216032,1.755587,1.758159,1.760739,1.768523,1.784301,4.757794,4.331325666666666,4.6934466666666665,42.450399,42.2954705,41.916756416666665,5122.390331890332,4575.892135642136,4521.110669749142,44.163333333333334,42.775,38.230000000000004,12,12,12
2005-01-01,2005,1,0.49999999999999994,0.8660254037844387,4.822335,46.029,42.65697,4.822335,0.24271693509034797,4.822334532666939,4501.9,163.0533977760531,4292,4776,4456,4488,4501.9,4501.9,20,484,32,0.7181328545780907,44.51,12.398989898989887,42.29539641943734,12,0,0,46.029,42.65697,4.822335,35.710923,33.750519,20.135589,54.817965,44.646137,1.041113,56.52636,48.572135,1.245711,93.438557,98.043278,1.750465,4.834606,4.846939,4.591837,3.826531,5.630027,45.809029,45.644051,45.534065,44.819158,42.619445,42.553685,42.450399,42.347113,42.037256,40.694543,-2.4492935982947064e-16,-0.5000000000000004,-0.8660254037844386,-0.4999999999999998,0.49999999999999994,1,0.8660254037844384,0.5000000000000001,-0.8660254037844388,0.8660254037844387,4.834606,4.846939,4.591837,3.826531,5.630027,0.2433098449793336,0.24390328568559827,0.24449725531503486,-0.7317074956207814,0.25445381009019385,4.834607610205333,4.846938246252486,4.591835323339977,3.8265290244717587,5.630025480496137,5518.833333333333,5308.909090909091,4539.428571428572,3778.409090909091,5229.476190476191,615.1266010295097,348.3562638737627,277.89144848817705,285.93933074308063,272.5468068144661,4598,4928,4112,3115,4757,6208,6051,4922,4086,5551,6092,4928,4112,3115,4761,4598,6051,4922,4048,5551,5518.833333333333,5308.909090909091,4539.428571428572,3778.409090909091,5229.476190476191,5518.833333333333,5308.909090909091,4539.428571428572,3778.409090909091,5229.476190476191,18,22,21,22,21,1610,1123,810,971,794,-1494,1123,810,933,790,-24.523965856861462,22.788149350649345,19.698443579766533,29.951845906902097,16.593152699012805,39.6,43.11,49.78,38.22,31.28,-8.14196242171189,-13.398955403776625,15.23148148148148,8.641273450824327,4.931231130493141,32.84132841328415,49.94782608695652,68.11887875717663,34.81481481481481,0.3207184092366866,12,12,12,12,12,0,0,0,0,-1,-1,-1,-1,-1,-0.5,45.809029,45.644051,45.534065,44.819158,42.619445,42.553685,42.450399,42.347113,42.037256,40.694543,4.834606,4.846939,4.591837,3.826531,5.630027,35.250229,35.13352,35.500028,33.184274,31.087606,33.812022,33.494519,33.650387,30.706806,28.09369,23.202918,23.6429,24.892594,11.450578,12.271183,54.402982,54.413378,54.589115,54.3896,53.46786,44.551102,44.579992,44.998991,44.757999,44.18611,1.639353,0.879407,1.656831,0.670708,0.744022,56.354126,56.436799,56.106106,56.044109,55.382739,48.191228,48.335706,47.915404,47.652711,47.974511,1.297636,1.21012,1.038646,0.889891,1.317622,93.367523,93.29649,93.225457,93.012357,92.586157,97.902721,97.762163,97.621606,97.199934,96.35659,1.753022,1.755587,1.758159,1.765921,1.781652,4.834626666666667,4.497293,4.626139,42.55368466666667,42.398756166666665,42.080292,5109.880808080808,4696.473953823954,4460.479320542793,42.406666666666666,43.82333333333334,39.3325,12,12,12
2005-02-01,2005,2,0.8660254037844386,0.5000000000000001,4.040404,46.193979,42.553685,4.040404,-0.24212924640450995,4.040405843224715,4532.25,247.28800064531617,4175,4880,4470,4726,4532.25,4532.25,20,705,256,5.727069351230418,45.48,2.17928555380813,47.37524303305249,12,0,0,46.193979,42.553685,4.040404,36.056955,33.432591,18.845709,54.664319,44.64921,1.100071,56.553907,48.591833,1.10685,93.50959,98.183835,1.747915,4.822335,4.834606,4.846939,3.816794,5.039788,46.029,45.809029,45.644051,44.984137,43.059388,42.65697,42.553685,42.450399,42.140542,40.901114,0.49999999999999994,-2.4492935982947064e-16,-0.5000000000000004,-0.8660254037844384,0.8660254037844386,0.8660254037844387,1,0.8660254037844384,-0.5000000000000004,0.5000000000000001,4.822335,4.834606,4.846939,3.816794,5.039788,0.24271693509034797,0.2433098449793336,0.24390328568559827,0.24570109904415993,0.5076135146670602,4.822334532666939,4.834607610205333,4.846938246252486,3.8167948334292934,5.039787294317333,4501.9,5518.833333333333,5308.909090909091,4169,5450.05,163.0533977760531,615.1266010295097,348.3562638737627,46.203895939628296,149.31333179803997,4292,4598,4928,4088,5242,4776,6208,6051,4233,5681,4456,6092,4928,4100,5618,4488,4598,6051,4186,5263,4501.9,5518.833333333333,5308.909090909091,4169,5450.05,4501.9,5518.833333333333,5308.909090909091,4169,5450.05,20,18,22,21,20,484,1610,1123,145,439,32,-1494,1123,86,-355,0.7181328545780907,-24.523965856861462,22.788149350649345,2.097560975609758,-6.318974724101101,44.51,39.6,43.11,42.74,30.86,12.398989898989887,-8.14196242171189,-13.398955403776625,11.82626896912613,-1.3427109974424645,42.29539641943734,32.84132841328415,49.94782608695652,42.9909668785547,-5.828501678364373,12,12,12,12,12,0,0,0,0,0,0,-1,-1,-1,-0.5,46.029,45.809029,45.644051,44.984137,43.059388,42.65697,42.553685,42.450399,42.140542,40.901114,4.822335,4.834606,4.846939,3.816794,5.039788,35.710923,35.250229,35.13352,34.525405,31.646581,33.750519,33.812022,33.494519,32.586332,28.131088,20.135589,23.202918,23.6429,21.426444,13.237379,54.817965,54.402982,54.413378,54.523456,53.507926,44.646137,44.551102,44.579992,44.678209,44.163381,1.041113,1.639353,0.879407,0.465531,0.871846,56.52636,56.354126,56.436799,55.933873,55.554972,48.572135,48.191228,48.335706,47.56076,48.059882,1.245711,1.297636,1.21012,0.639222,2.421281,93.438557,93.367523,93.29649,93.08339,92.657191,98.043278,97.902721,97.762163,97.340491,96.497147,1.750465,1.753022,1.755587,1.763326,1.779011,4.565781666666666,4.5345613333333334,4.542857,42.58811333333333,42.46761333333333,42.21800625,4850.9944444444445,4757.015620490621,4383.99598720946,43.196666666666665,44.28,40.55083333333334,12,12,12
2005-03-01,2005,3,1,6.123233995736766e-17,3,46.303965,42.553685,3,0,3.000000701936867,4677.9047619047615,59.61703176266389,4575,4791,4663,4637,4677.9047619047615,4677.9047619047615,21,216,-26,-0.5575809564657974,53.1,16.75461741424804,57.89473684210527,12,0,0,46.303965,42.553685,3,36.570884,33.941749,19.13633,54.73421,44.665506,0.46393,56.898374,48.526174,0.859967,93.580623,98.324393,1.745373,4.040404,4.822335,4.834606,4.071247,5.263158,46.193979,46.029,45.809029,45.259101,43.49933,42.553685,42.65697,42.553685,42.243828,41.314257,0.8660254037844386,0.49999999999999994,-2.4492935982947064e-16,-1,1,0.5000000000000001,0.8660254037844387,1,-1.8369701987210297e-16,6.123233995736766e-17,4.040404,4.822335,4.834606,4.071247,5.263158,-0.24212924640450995,0.24271693509034797,0.2433098449793336,0.24509888838164517,1.0101020720364673,4.040405843224715,4.822334532666939,4.834607610205333,4.071248643519465,5.263158297031345,4532.25,4501.9,5518.833333333333,4140.772727272727,5131.173913043478,247.28800064531617,163.0533977760531,615.1266010295097,71.03716788258961,161.87724085466544,4175,4292,4598,4014,4822,4880,4776,6208,4233,5384,4470,4456,6092,4134,5205,4726,4488,4598,4105,4822,4532.25,4501.9,5518.833333333333,4140.772727272727,5131.173913043478,4532.25,4501.9,5518.833333333333,4140.772727272727,5131.173913043478,20,20,18,22,23,705,484,1610,219,562,256,32,-1494,-29,-383,5.727069351230418,0.7181328545780907,-24.523965856861462,-0.7014997581035298,-7.358309317963496,45.48,44.51,39.6,43.2,33.63,2.17928555380813,12.398989898989887,-8.14196242171189,1.076275152082351,8.97602073882049,47.37524303305249,42.29539641943734,32.84132841328415,59.350793065289565,9.866056844168591,12,12,12,12,12,0,0,0,0,0,0,0,-1,-1,-0.5,46.193979,46.029,45.809029,45.259101,43.49933,42.553685,42.65697,42.553685,42.243828,41.314257,4.040404,4.822335,4.834606,4.071247,5.263158,36.056955,35.710923,35.250229,35.225659,32.037659,33.432591,33.750519,33.812022,33.458317,28.489839,18.845709,20.135589,23.202918,25.82711,11.1571,54.664319,54.817965,54.402982,54.428044,53.771586,44.64921,44.646137,44.551102,44.561501,44.459246,1.100071,1.041113,1.639353,-0.240317,1.223552,56.553907,56.52636,56.354126,55.947662,55.816766,48.591833,48.572135,48.191228,47.593604,48.112423,1.10685,1.245711,1.297636,0.848864,2.133007,93.50959,93.438557,93.367523,93.154424,92.728224,98.183835,98.043278,97.902721,97.481048,96.637704,1.747915,1.750465,1.753022,1.760739,1.776377,3.9542463333333333,4.356020166666666,4.3542605,42.58811333333333,42.519256166666665,42.32129191666667,4570.684920634921,4846.537626262626,4346.2235579479,47.696666666666665,45.93,42.17333333333333,12,12,12
2005-04-01,2005,4,0.8660254037844387,-0.49999999999999983,2.463054,46.633922,42.966827,2.463054,0.9708724403068691,2.4630531651772314,4532.476190476191,305.6587343832365,3850,4835,4627,3850,4532.476190476191,4532.476190476191,21,985,-777,-16.79273827534039,51.88,-2.2975517890772124,54.450729383745156,12,0,0,46.633922,42.966827,2.463054,37.561887,35.130423,21.725574,54.990993,45.019555,0.832279,57.070607,48.552437,0.914554,93.651657,98.46495,1.742838,3,4.040404,4.822335,4.591837,5.181347,46.303965,46.193979,46.029,45.534065,43.939273,42.553685,42.553685,42.65697,42.347113,41.933971,1,0.8660254037844386,0.49999999999999994,-0.8660254037844386,0.8660254037844387,6.123233995736766e-17,0.5000000000000001,0.8660254037844387,0.5000000000000001,-0.49999999999999983,3,4.040404,4.822335,4.591837,5.181347,0,-0.24212924640450995,0.24271693509034797,0.24449725531503486,1.5000003509684445,3.000000701936867,4.040405843224715,4.822334532666939,4.591835323339977,5.18134752714805,4677.9047619047615,4532.25,4501.9,4539.428571428572,4490,59.61703176266389,247.28800064531617,163.0533977760531,277.89144848817705,238.10258735524727,4575,4175,4292,4112,3982,4791,4880,4776,4922,4763,4663,4470,4456,4112,4763,4637,4726,4488,4922,3982,4677.9047619047615,4532.25,4501.9,4539.428571428572,4490,4677.9047619047615,4532.25,4501.9,4539.428571428572,4490,21,20,20,21,20,216,705,484,810,781,-26,256,32,810,-781,-0.5575809564657974,5.727069351230418,0.7181328545780907,19.698443579766533,-16.3972286374134,53.1,45.48,44.51,49.78,33.59,16.75461741424804,2.17928555380813,12.398989898989887,15.23148148148148,-0.11894142134998287,57.89473684210527,47.37524303305249,42.29539641943734,68.11887875717663,34.360000000000014,12,12,12,12,12,0,0,0,0,0,0,0,0,-1,-0.5,46.303965,46.193979,46.029,45.534065,43.939273,42.553685,42.553685,42.65697,42.347113,41.933971,3,4.040404,4.822335,4.591837,5.181347,36.570884,36.056955,35.710923,35.500028,32.375501,33.941749,33.432591,33.750519,33.650387,28.860347,19.13633,18.845709,20.135589,24.892594,10.140707,54.73421,54.664319,54.817965,54.589115,54.058974,44.665506,44.64921,44.646137,44.998991,44.64796,0.46393,1.100071,1.041113,1.656831,1.280647,56.898374,56.553907,56.52636,56.106106,55.878763,48.526174,48.591833,48.572135,47.915404,48.112423,0.859967,1.10685,1.245711,1.038646,2.147245,93.580623,93.50959,93.438557,93.225457,92.799257,98.324393,98.183835,98.043278,97.621606,96.778262,1.745373,1.747915,1.750465,1.758159,1.773752,3.167819333333333,4.0012229999999995,4.127736083333334,42.691399000000004,42.62254183333334,42.40736325,4580.876984126984,4845.378896103896,4349.763240487582,50.153333333333336,46.28,43.6975,12,12,12
2005-05-01,2005,5,0.49999999999999994,-0.8660254037844387,1.965602,47.348828,42.863541,1.965602,-0.24038544898836722,1.9656016558264433,3667.4,255.4884692011302,3219,4024,3815,3219,3667.4,3667.4,20,805,-596,-15.622542595019661,48.65,-6.225905936777187,29.491615650785196,12,0,0,47.348828,42.863541,1.965602,37.772783,35.707796,20.005455,54.747385,44.178016,-1.853283,56.932823,48.513028,0.681473,93.72269,98.605507,1.74031,2.463054,3,4.040404,4.846939,4.627249,46.633922,46.303965,46.193979,45.644051,44.544194,42.966827,42.553685,42.553685,42.450399,42.037256,0.8660254037844387,1,0.8660254037844386,-0.5000000000000004,0.49999999999999994,-0.49999999999999983,6.123233995736766e-17,0.5000000000000001,0.8660254037844384,-0.8660254037844387,2.463054,3,4.040404,4.846939,4.627249,0.9708724403068691,0,-0.24212924640450995,0.24390328568559827,0.24630388569686357,2.4630531651772314,3.000000701936867,4.040405843224715,4.846938246252486,4.6272479433144165,4532.476190476191,4677.9047619047615,4532.25,5308.909090909091,3595.684210526316,305.6587343832365,59.61703176266389,247.28800064531617,348.3562638737627,269.81084992424246,3850,4575,4175,4928,3286,4835,4791,4880,6051,3933,4627,4663,4470,4928,3933,3850,4637,4726,6051,3286,4532.476190476191,4677.9047619047615,4532.25,5308.909090909091,3595.684210526316,4532.476190476191,4677.9047619047615,4532.25,5308.909090909091,3595.684210526316,21,21,20,22,19,985,216,705,1123,647,-777,-26,256,1123,-647,-16.79273827534039,-0.5575809564657974,5.727069351230418,22.788149350649345,-16.45054665649631,51.88,53.1,45.48,43.11,37.57,-2.2975517890772124,16.75461741424804,2.17928555380813,-13.398955403776625,11.848764513247989,54.450729383745156,57.89473684210527,47.37524303305249,49.94782608695652,45.28228924980666,12,12,12,12,12,0,0,0,0,0,0,0,0,-1,-0.5,46.633922,46.303965,46.193979,45.644051,44.544194,42.966827,42.553685,42.553685,42.450399,42.037256,2.463054,3,4.040404,4.846939,4.627249,37.561887,36.570884,36.056955,35.13352,32.909906,35.130423,33.941749,33.432591,33.494519,29.755144,21.725574,19.13633,18.845709,23.6429,6.198866,54.990993,54.73421,54.664319,54.413378,54.235839,45.019555,44.665506,44.64921,44.579992,45.01222,0.832279,0.46393,1.100071,0.879407,1.907785,57.070607,56.898374,56.553907,56.436799,55.88565,48.552437,48.526174,48.591833,48.335706,48.184662,0.914554,0.859967,1.10685,1.21012,1.719126,93.651657,93.580623,93.50959,93.29649,92.87029,98.46495,98.324393,98.183835,97.762163,96.918819,1.742838,1.745373,1.747915,1.755587,1.771134,2.4762186666666666,3.5210001666666666,3.9059321666666666,42.794684333333336,42.69139883333334,42.47622033333333,4292.593650793651,4571.794047619048,4355.739556277056,51.21,47.20333333333333,44.62083333333334,12,12,12
2005-06-01,2005,6,1.2246467991473532e-16,-1,3.170732,48.063735,43.689827,3.170732,1.9277128784110475,3.170733268168724,2746.090909090909,223.10469656129075,2510,3180,3180,2521,2746.090909090909,2746.090909090909,22,670,-659,-20.723270440251575,54.35,11.716341212744098,54.4911881750995,12,0,0,48.063735,43.689827,3.170732,37.36942,35.654143,16.063624,54.912171,44.496186,-0.863584,56.8157,48.276599,0.726213,93.793723,98.746065,1.73779,1.965602,2.463054,3,4.834606,4.591837,47.348828,46.633922,46.303965,45.809029,44.874151,42.863541,42.966827,42.553685,42.553685,42.347113,0.49999999999999994,0.8660254037844387,1,-2.4492935982947064e-16,1.2246467991473532e-16,-0.8660254037844387,-0.49999999999999983,6.123233995736766e-17,1,-1,1.965602,2.463054,3,4.834606,4.591837,-0.24038544898836722,0.9708724403068691,0,0.2433098449793336,0.7371009182902011,1.9656016558264433,2.4630531651772314,3.000000701936867,4.834607610205333,4.591835323339977,3667.4,4532.476190476191,4677.9047619047615,5518.833333333333,2901.590909090909,255.4884692011302,305.6587343832365,59.61703176266389,615.1266010295097,218.20101241328334,3219,3850,4575,4598,2622,4024,4835,4791,6208,3282,3815,4627,4663,6092,3282,3219,3850,4637,4598,3005,3667.4,4532.476190476191,4677.9047619047615,5518.833333333333,2901.590909090909,3667.4,4532.476190476191,4677.9047619047615,5518.833333333333,2901.590909090909,20,21,21,18,22,805,985,216,1610,660,-596,-777,-26,-1494,-277,-15.622542595019661,-16.79273827534039,-0.5575809564657974,-24.523965856861462,-8.439975624619134,48.65,51.88,53.1,39.6,35.18,-6.225905936777187,-2.2975517890772124,16.75461741424804,-8.14196242171189,-6.361458610593562,29.491615650785196,54.450729383745156,57.89473684210527,32.84132841328415,27.23327305605787,12,12,12,12,12,0,0,0,0,0,0,0,0,-1,-1,47.348828,46.633922,46.303965,45.809029,44.874151,42.863541,42.966827,42.553685,42.553685,42.347113,1.965602,2.463054,3,4.834606,4.591837,37.772783,37.561887,36.570884,35.250229,33.391074,35.707796,35.130423,33.941749,33.812022,30.719481,20.005455,21.725574,19.13633,23.202918,7.938577,54.747385,54.990993,54.73421,54.402982,54.145253,44.178016,45.019555,44.665506,44.551102,44.883795,-1.853283,0.832279,0.46393,1.639353,0.642833,56.932823,57.070607,56.898374,56.354126,55.933873,48.513028,48.552437,48.526174,48.191228,47.928535,0.681473,0.914554,0.859967,1.297636,1.445659,93.72269,93.651657,93.580623,93.367523,92.941324,98.605507,98.46495,98.324393,97.902721,97.059376,1.74031,1.742838,1.745373,1.753022,1.768523,2.5331293333333336,3.2436878333333334,3.78750675,43.17339833333333,42.88075583333333,42.588113166666666,3648.6556998557,4109.67031024531,4342.781222943723,51.626666666666665,49.66166666666667,46.218333333333334,12,12,12
2005-07-01,2005,7,-0.4999999999999998,-0.8660254037844388,5.651106,48.503678,44.412826,5.651106,1.6548451885607163,5.6511062472774265,2220.095238095238,211.47125212706922,1804,2486,2486,1804,2220.095238095238,2220.095238095238,21,682,-682,-27.43362831858407,57.52,5.83256669733212,50.49712192569338,12,0,0,48.503678,44.412826,5.651106,37.088909,35.57414,15.850993,55.390617,44.968973,0.471366,57.235953,48.644388,2.081051,93.864757,98.886622,1.735277,3.170732,1.965602,2.463054,4.822335,3.826531,48.063735,47.348828,46.633922,46.029,44.819158,43.689827,42.863541,42.966827,42.65697,42.037256,1.2246467991473532e-16,0.49999999999999994,0.8660254037844387,0.49999999999999994,-0.4999999999999998,-1,-0.8660254037844387,-0.49999999999999983,0.8660254037844387,-0.8660254037844388,3.170732,1.965602,2.463054,4.822335,3.826531,1.9277128784110475,-0.24038544898836722,0.9708724403068691,0.24271693509034797,-0.7317074956207814,3.170733268168724,1.9656016558264433,2.4630531651772314,4.822334532666939,3.8265290244717587,2746.090909090909,3667.4,4532.476190476191,4501.9,3778.409090909091,223.10469656129075,255.4884692011302,305.6587343832365,163.0533977760531,285.93933074308063,2510,3219,3850,4292,3115,3180,4024,4835,4776,4086,3180,3815,4627,4456,3115,2521,3219,3850,4488,4048,2746.090909090909,3667.4,4532.476190476191,4501.9,3778.409090909091,2746.090909090909,3667.4,4532.476190476191,4501.9,3778.409090909091,22,20,21,20,22,670,805,985,484,971,-659,-596,-777,32,933,-20.723270440251575,-15.622542595019661,-16.79273827534039,0.7181328545780907,29.951845906902097,54.35,48.65,51.88,44.51,38.22,11.716341212744098,-6.225905936777187,-2.2975517890772124,12.398989898989887,8.641273450824327,54.4911881750995,29.491615650785196,54.450729383745156,42.29539641943734,34.81481481481481,12,12,12,12,12,0,0,0,0,0,0,0,0,0,-1,48.063735,47.348828,46.633922,46.029,44.819158,43.689827,42.863541,42.966827,42.65697,42.037256,3.170732,1.965602,2.463054,4.822335,3.826531,37.36942,37.772783,37.561887,35.710923,33.184274,35.654143,35.707796,35.130423,33.750519,30.706806,16.063624,20.005455,21.725574,20.135589,11.450578,54.912171,54.747385,54.990993,54.817965,54.3896,44.496186,44.178016,45.019555,44.646137,44.757999,-0.863584,-1.853283,0.832279,1.041113,0.670708,56.8157,56.932823,57.070607,56.52636,56.044109,48.276599,48.513028,48.552437,48.572135,47.652711,0.726213,0.681473,0.914554,1.245711,0.889891,93.793723,93.72269,93.651657,93.438557,93.012357,98.746065,98.605507,98.46495,98.043278,97.199934,1.73779,1.74031,1.742838,1.750465,1.765921,3.5958133333333335,3.3818163333333335,3.9395546666666665,43.655398,43.173398500000005,42.78607733333333,2877.862049062049,3729.3695165945164,4212.9217352092355,53.50666666666667,51.83,47.82666666666667,12,12,12
2005-08-01,2005,8,-0.8660254037844384,-0.5000000000000004,6.372549,49.32857,44.825969,6.372549,0.9302335320882316,6.37254974081729,2206.590909090909,345.2538967872097,1747,2634,1769,2592,2206.590909090909,2206.590909090909,22,887,823,46.52345958168458,63.98,11.230876216967989,49.69583528310715,12,0,0,49.32857,44.825969,6.372549,36.898489,35.580964,9.189838,55.672884,45.197958,1.163317,57.3324,48.703481,2.402655,93.93579,99.027179,1.732772,5.651106,3.170732,1.965602,4.040404,3.816794,48.503678,48.063735,47.348828,46.193979,44.984137,44.412826,43.689827,42.863541,42.553685,42.140542,-0.4999999999999998,1.2246467991473532e-16,0.49999999999999994,0.8660254037844386,-0.8660254037844384,-0.8660254037844388,-1,-0.8660254037844387,0.5000000000000001,-0.5000000000000004,5.651106,3.170732,1.965602,4.040404,3.816794,1.6548451885607163,1.9277128784110475,-0.24038544898836722,-0.24212924640450995,0.24570109904415993,5.6511062472774265,3.170733268168724,1.9656016558264433,4.040405843224715,3.8167948334292934,2220.095238095238,2746.090909090909,3667.4,4532.25,4169,211.47125212706922,223.10469656129075,255.4884692011302,247.28800064531617,46.203895939628296,1804,2510,3219,4175,4088,2486,3180,4024,4880,4233,2486,3180,3815,4470,4100,1804,2521,3219,4726,4186,2220.095238095238,2746.090909090909,3667.4,4532.25,4169,2220.095238095238,2746.090909090909,3667.4,4532.25,4169,21,22,20,20,21,682,670,805,705,145,-682,-659,-596,256,86,-27.43362831858407,-20.723270440251575,-15.622542595019661,5.727069351230418,2.097560975609758,57.52,54.35,48.65,45.48,42.74,5.83256669733212,11.716341212744098,-6.225905936777187,2.17928555380813,11.82626896912613,50.49712192569338,54.4911881750995,29.491615650785196,47.37524303305249,42.9909668785547,12,12,12,12,12,0,0,0,0,0,0,0,0,0,-1,48.503678,48.063735,47.348828,46.193979,44.984137,44.412826,43.689827,42.863541,42.553685,42.140542,5.651106,3.170732,1.965602,4.040404,3.816794,37.088909,37.36942,37.772783,36.056955,34.525405,35.57414,35.654143,35.707796,33.432591,32.586332,15.850993,16.063624,20.005455,18.845709,21.426444,55.390617,54.912171,54.747385,54.664319,54.523456,44.968973,44.496186,44.178016,44.64921,44.678209,0.471366,-0.863584,-1.853283,1.100071,0.465531,57.235953,56.8157,56.932823,56.553907,55.933873,48.644388,48.276599,48.513028,48.591833,47.56076,2.081051,0.726213,0.681473,1.10685,0.639222,93.864757,93.793723,93.72269,93.50959,93.08339,98.886622,98.746065,98.605507,98.183835,97.340491,1.735277,1.73779,1.74031,1.747915,1.763326,5.064795666666667,3.770507166666667,4.15253425,44.30954066666667,43.5521125,43.00986291666667,2390.9256854256855,3341.759668109668,4049.387644300144,58.61666666666667,54.913333333333334,49.596666666666664,12,12,12
2005-09-01,2005,9,-1,-1.8369701987210297e-16,7.334963,49.768513,45.342397,7.334963,1.1520732546796753,7.334962636435316,2803.5454545454545,231.9459557891157,2418,3073,2548,2907,2803.5454545454545,2803.5454545454545,22,655,359,14.089481946624804,62.91,-1.6723976242575822,45.624999999999986,12,0,0,49.768513,45.342397,7.334963,36.728544,35.359454,5.682105,56.023221,45.710652,2.5788,57.380624,48.874237,2.690767,94.006823,99.167737,1.730273,6.372549,5.651106,3.170732,3,4.071247,49.32857,48.503678,48.063735,46.303965,45.259101,44.825969,44.412826,43.689827,42.553685,42.243828,-0.8660254037844384,-0.4999999999999998,1.2246467991473532e-16,1,-1,-0.5000000000000004,-0.8660254037844388,-1,6.123233995736766e-17,-1.8369701987210297e-16,6.372549,5.651106,3.170732,3,4.071247,0.9302335320882316,1.6548451885607163,1.9277128784110475,0,0.24509888838164517,6.37254974081729,5.6511062472774265,3.170733268168724,3.000000701936867,4.071248643519465,2206.590909090909,2220.095238095238,2746.090909090909,4677.9047619047615,4140.772727272727,345.2538967872097,211.47125212706922,223.10469656129075,59.61703176266389,71.03716788258961,1747,1804,2510,4575,4014,2634,2486,3180,4791,4233,1769,2486,3180,4663,4134,2592,1804,2521,4637,4105,2206.590909090909,2220.095238095238,2746.090909090909,4677.9047619047615,4140.772727272727,2206.590909090909,2220.095238095238,2746.090909090909,4677.9047619047615,4140.772727272727,22,21,22,21,22,887,682,670,216,219,823,-682,-659,-26,-29,46.52345958168458,-27.43362831858407,-20.723270440251575,-0.5575809564657974,-0.7014997581035298,63.98,57.52,54.35,53.1,43.2,11.230876216967989,5.83256669733212,11.716341212744098,16.75461741424804,1.076275152082351,49.69583528310715,50.49712192569338,54.4911881750995,57.89473684210527,59.350793065289565,12,12,12,12,12,0,0,0,0,0,0,0,0,0,-1,49.32857,48.503678,48.063735,46.303965,45.259101,44.825969,44.412826,43.689827,42.553685,42.243828,6.372549,5.651106,3.170732,3,4.071247,36.898489,37.088909,37.36942,36.570884,35.225659,35.580964,35.57414,35.654143,33.941749,33.458317,9.189838,15.850993,16.063624,19.13633,25.82711,55.672884,55.390617,54.912171,54.73421,54.428044,45.197958,44.968973,44.496186,44.665506,44.561501,1.163317,0.471366,-0.863584,0.46393,-0.240317,57.3324,57.235953,56.8157,56.898374,55.947662,48.703481,48.644388,48.276599,48.526174,47.593604,2.402655,2.081051,0.726213,0.859967,0.848864,93.93579,93.864757,93.793723,93.580623,93.154424,99.027179,98.886622,98.746065,98.324393,97.481048,1.732772,1.735277,1.73779,1.745373,1.760739,6.452872666666667,4.4930010000000005,4.424510583333333,44.86039733333333,44.01689783333333,43.268077,2410.0772005772005,3029.36645021645,3937.952038239538,61.47,56.54833333333333,51.23916666666667,12,12,12
2005-10-01,2005,10,-0.8660254037844386,0.5000000000000001,8.04878,50.648398,45.755539,8.04878,0.9111604752611635,8.048780090392471,3161.4285714285716,117.39359924142859,2944,3370,2944,3113,3161.4285714285716,3161.4285714285716,21,426,169,5.740489130434789,58.54,-6.946431409950716,17.597428686219363,12,0,0,50.648398,45.755539,8.04878,36.820683,35.316329,4.950735,56.163602,46.051111,2.338098,57.449523,48.959608,2.179266,94.077856,99.308294,1.727782,7.334963,6.372549,5.651106,2.463054,4.591837,49.768513,49.32857,48.503678,46.633922,45.534065,45.342397,44.825969,44.412826,42.966827,42.347113,-1,-0.8660254037844384,-0.4999999999999998,0.8660254037844387,-0.8660254037844386,-1.8369701987210297e-16,-0.5000000000000004,-0.8660254037844388,-0.49999999999999983,0.5000000000000001,7.334963,6.372549,5.651106,2.463054,4.591837,1.1520732546796753,0.9302335320882316,1.6548451885607163,0.9708724403068691,0.24449725531503486,7.334962636435316,6.37254974081729,5.6511062472774265,2.4630531651772314,4.591835323339977,2803.5454545454545,2206.590909090909,2220.095238095238,4532.476190476191,4539.428571428572,231.9459557891157,345.2538967872097,211.47125212706922,305.6587343832365,277.89144848817705,2418,1747,1804,3850,4112,3073,2634,2486,4835,4922,2548,1769,2486,4627,4112,2907,2592,1804,3850,4922,2803.5454545454545,2206.590909090909,2220.095238095238,4532.476190476191,4539.428571428572,2803.5454545454545,2206.590909090909,2220.095238095238,4532.476190476191,4539.428571428572,22,22,21,21,21,655,887,682,985,810,359,823,-682,-777,810,14.089481946624804,46.52345958168458,-27.43362831858407,-16.79273827534039,19.698443579766533,62.91,63.98,57.52,51.88,49.78,-1.6723976242575822,11.230876216967989,5.83256669733212,-2.2975517890772124,15.23148148148148,45.624999999999986,49.69583528310715,50.49712192569338,54.450729383745156,68.11887875717663,12,12,12,12,12,0,0,0,0,0,0,0,0,0,-1,49.768513,49.32857,48.503678,46.633922,45.534065,45.342397,44.825969,44.412826,42.966827,42.347113,7.334963,6.372549,5.651106,2.463054,4.591837,36.728544,36.898489,37.088909,37.561887,35.500028,35.359454,35.580964,35.57414,35.130423,33.650387,5.682105,9.189838,15.850993,21.725574,24.892594,56.023221,55.672884,55.390617,54.990993,54.589115,45.710652,45.197958,44.968973,45.019555,44.998991,2.5788,1.163317,0.471366,0.832279,1.656831,57.380624,57.3324,57.235953,57.070607,56.106106,48.874237,48.703481,48.644388,48.552437,47.915404,2.690767,2.402655,2.081051,0.914554,1.038646,94.006823,93.93579,93.864757,93.651657,93.225457,99.167737,99.027179,98.886622,98.46495,97.621606,1.730273,1.732772,1.735277,1.742838,1.758159,7.252097333333333,5.423955333333334,4.712589166666667,45.307968333333335,44.48168316666667,43.5521125,2723.8549783549784,2800.858513708514,3823.1187049062046,61.809999999999995,57.65833333333333,51.969166666666666,12,12,12
2005-11-01,2005,11,-0.5000000000000004,0.8660254037844384,8.759124,50.813377,46.168682,8.759124,0.9029354894059871,8.759123795279278,2915.5,109.64868140262031,2739,3081,3081,2770,2915.5,2915.5,22,342,-311,-10.0941252839987,55.24,-5.637171165015364,28.137323126884727,12,0,0,50.813377,46.168682,8.759124,37.256806,35.567412,6.188752,56.294251,46.397385,4.076701,57.43575,49.274842,1.942944,94.14889,99.448852,1.725298,8.04878,7.334963,6.372549,1.965602,4.846939,50.648398,49.768513,49.32857,47.348828,45.644051,45.755539,45.342397,44.825969,42.863541,42.450399,-0.8660254037844386,-1,-0.8660254037844384,0.49999999999999994,-0.5000000000000004,0.5000000000000001,-1.8369701987210297e-16,-0.5000000000000004,-0.8660254037844387,0.8660254037844384,8.04878,7.334963,6.372549,1.965602,4.846939,0.9111604752611635,1.1520732546796753,0.9302335320882316,-0.24038544898836722,0.24390328568559827,8.048780090392471,7.334962636435316,6.37254974081729,1.9656016558264433,4.846938246252486,3161.4285714285716,2803.5454545454545,2206.590909090909,3667.4,5308.909090909091,117.39359924142859,231.9459557891157,345.2538967872097,255.4884692011302,348.3562638737627,2944,2418,1747,3219,4928,3370,3073,2634,4024,6051,2944,2548,1769,3815,4928,3113,2907,2592,3219,6051,3161.4285714285716,2803.5454545454545,2206.590909090909,3667.4,5308.909090909091,3161.4285714285716,2803.5454545454545,2206.590909090909,3667.4,5308.909090909091,21,22,22,20,22,426,655,887,805,1123,169,359,823,-596,1123,5.740489130434789,14.089481946624804,46.52345958168458,-15.622542595019661,22.788149350649345,58.54,62.91,63.98,48.65,43.11,-6.946431409950716,-1.6723976242575822,11.230876216967989,-6.225905936777187,-13.398955403776625,17.597428686219363,45.624999999999986,49.69583528310715,29.491615650785196,49.94782608695652,12,12,12,12,12,0,0,0,0,0,0,0,0,0,-1,50.648398,49.768513,49.32857,47.348828,45.644051,45.755539,45.342397,44.825969,42.863541,42.450399,8.04878,7.334963,6.372549,1.965602,4.846939,36.820683,36.728544,36.898489,37.772783,35.13352,35.316329,35.359454,35.580964,35.707796,33.494519,4.950735,5.682105,9.189838,20.005455,23.6429,56.163602,56.023221,55.672884,54.747385,54.413378,46.051111,45.710652,45.197958,44.178016,44.579992,2.338098,2.5788,1.163317,-1.853283,0.879407,57.449523,57.380624,57.3324,56.932823,56.436799,48.959608,48.874237,48.703481,48.513028,48.335706,2.179266,2.690767,2.402655,0.681473,1.21012,94.077856,94.006823,93.93579,93.72269,93.29649,99.308294,99.167737,99.027179,98.605507,97.762163,1.727782,1.730273,1.732772,1.74031,1.755587,8.047622333333333,6.556209,5.038604583333333,45.75553933333333,45.03254,43.86196941666667,2960.158008658009,2675.541847041847,3623.667947330447,58.89666666666667,58.75666666666667,52.98,12,12,12
2005-12-01,2005,12,-2.4492935982947064e-16,1,8.737864,50.978355,46.271968,8.737864,0.2237144218238729,8.737863712625593,2600,123.75883806823657,2407,2772,2772,2407,2600,2600,17,365,-365,-13.167388167388172,56.86,2.9326574945691464,43.585858585858574,12,0,0,50.978355,46.271968,8.737864,37.91611,36.026684,6.549924,56.353537,46.586586,4.568877,57.490844,49.852768,3.447806,94.219923,99.589409,1.722821,8.759124,8.04878,7.334963,3.170732,4.834606,50.813377,50.648398,49.768513,48.063735,45.809029,46.168682,45.755539,45.342397,43.689827,42.553685,-0.5000000000000004,-0.8660254037844386,-1,1.2246467991473532e-16,-2.4492935982947064e-16,0.8660254037844384,0.5000000000000001,-1.8369701987210297e-16,-1,1,8.759124,8.04878,7.334963,3.170732,4.834606,0.9029354894059871,0.9111604752611635,1.1520732546796753,1.9277128784110475,0.2433098449793336,8.759123795279278,8.048780090392471,7.334962636435316,3.170733268168724,4.834607610205333,2915.5,3161.4285714285716,2803.5454545454545,2746.090909090909,5518.833333333333,109.64868140262031,117.39359924142859,231.9459557891157,223.10469656129075,615.1266010295097,2739,2944,2418,2510,4598,3081,3370,3073,3180,6208,3081,2944,2548,3180,6092,2770,3113,2907,2521,4598,2915.5,3161.4285714285716,2803.5454545454545,2746.090909090909,5518.833333333333,2915.5,3161.4285714285716,2803.5454545454545,2746.090909090909,5518.833333333333,22,21,22,22,18,342,426,655,670,1610,-311,169,359,-659,-1494,-10.0941252839987,5.740489130434789,14.089481946624804,-20.723270440251575,-24.523965856861462,55.24,58.54,62.91,54.35,39.6,-5.637171165015364,-6.946431409950716,-1.6723976242575822,11.716341212744098,-8.14196242171189,28.137323126884727,17.597428686219363,45.624999999999986,54.4911881750995,32.84132841328415,12,12,12,12,12,0,0,0,0,0,0,0,0,0,-1,50.813377,50.648398,49.768513,48.063735,45.809029,46.168682,45.755539,45.342397,43.689827,42.553685,8.759124,8.04878,7.334963,3.170732,4.834606,37.256806,36.820683,36.728544,37.36942,35.250229,35.567412,35.316329,35.359454,35.654143,33.812022,6.188752,4.950735,5.682105,16.063624,23.202918,56.294251,56.163602,56.023221,54.912171,54.402982,46.397385,46.051111,45.710652,44.496186,44.551102,4.076701,2.338098,2.5788,-0.863584,1.639353,57.43575,57.449523,57.380624,56.8157,56.354126,49.274842,48.959608,48.874237,48.276599,48.191228,1.942944,2.179266,2.690767,0.726213,1.297636,94.14889,94.077856,94.006823,93.793723,93.367523,99.448852,99.308294,99.167737,98.746065,97.902721,1.725298,1.727782,1.730273,1.73779,1.753022,8.515256,7.484064333333333,5.363876083333333,46.06539633333333,45.46289683333333,44.171826333333335,2892.309523809524,2651.193362193362,3380.431836219336,56.88,59.175,54.41833333333334,12,12,12
2006-01-01,2006,1,0.49999999999999994,0.8660254037844387,10.653753,51.858241,47.201538,10.653753,2.008926873393402,10.653752481716339,2261.7619047619046,180.6011917906149,2033,2497,2438,2081,2261.7619047619046,2261.7619047619046,21,464,-357,-14.643150123051685,62.99,10.78086528315161,41.51875982925186,12,0,0,51.858241,47.201538,10.653753,41.206486,37.435699,10.918882,57.042935,46.77705,4.772894,57.711301,50.305914,3.569493,94.290956,99.729966,1.720351,8.737864,8.759124,8.04878,5.651106,4.822335,50.978355,50.813377,50.648398,48.503678,46.029,46.271968,46.168682,45.755539,44.412826,42.65697,-2.4492935982947064e-16,-0.5000000000000004,-0.8660254037844386,-0.4999999999999998,0.49999999999999994,1,0.8660254037844384,0.5000000000000001,-0.8660254037844388,0.8660254037844387,8.737864,8.759124,8.04878,5.651106,4.822335,0.2237144218238729,0.9029354894059871,0.9111604752611635,1.6548451885607163,0.24271693509034797,8.737863712625593,8.759123795279278,8.048780090392471,5.6511062472774265,4.822334532666939,2600,2915.5,3161.4285714285716,2220.095238095238,4501.9,123.75883806823657,109.64868140262031,117.39359924142859,211.47125212706922,163.0533977760531,2407,2739,2944,1804,4292,2772,3081,3370,2486,4776,2772,3081,2944,2486,4456,2407,2770,3113,1804,4488,2600,2915.5,3161.4285714285716,2220.095238095238,4501.9,2600,2915.5,3161.4285714285716,2220.095238095238,4501.9,17,22,21,21,20,365,342,426,682,484,-365,-311,169,-682,32,-13.167388167388172,-10.0941252839987,5.740489130434789,-27.43362831858407,0.7181328545780907,56.86,55.24,58.54,57.52,44.51,2.9326574945691464,-5.637171165015364,-6.946431409950716,5.83256669733212,12.398989898989887,43.585858585858574,28.137323126884727,17.597428686219363,50.49712192569338,42.29539641943734,12,12,12,12,12,0,0,0,0,0,0,0,0,0,0,50.978355,50.813377,50.648398,48.503678,46.029,46.271968,46.168682,45.755539,44.412826,42.65697,8.737864,8.759124,8.04878,5.651106,4.822335,37.91611,37.256806,36.820683,37.088909,35.710923,36.026684,35.567412,35.316329,35.57414,33.750519,6.549924,6.188752,4.950735,15.850993,20.135589,56.353537,56.294251,56.163602,55.390617,54.817965,46.586586,46.397385,46.051111,44.968973,44.646137,4.568877,4.076701,2.338098,0.471366,1.041113,57.490844,57.43575,57.449523,57.235953,56.52636,49.852768,49.274842,48.959608,48.644388,48.572135,3.447806,1.942944,2.179266,2.081051,1.245711,94.219923,94.14889,94.077856,93.864757,93.438557,99.589409,99.448852,99.308294,98.886622,98.043278,1.722821,1.725298,1.727782,1.735277,1.750465,9.383580333333333,8.317838833333333,5.849827583333333,46.547396,45.92768216666666,44.55054033333333,2592.4206349206347,2658.1378066378065,3193.7536616161615,58.36333333333334,60.086666666666666,55.958333333333336,12,12,12
2006-02-01,2006,2,0.8660254037844386,0.5000000000000001,12.135922,52.24319,47.717967,12.135922,1.0940935865267898,12.135921953645145,2443.7,247.6459909671571,2087,2798,2087,2680,2443.7,2443.7,20,711,593,28.41399137517968,60.21,-4.413398952214642,32.38786279683379,12,0,0,52.24319,47.717967,12.135922,42.860888,37.419825,11.926192,56.792399,46.633282,4.443691,57.787088,50.43726,3.797815,94.36199,99.870524,1.717888,10.653753,8.737864,8.759124,6.372549,4.040404,51.858241,50.978355,50.813377,49.32857,46.193979,47.201538,46.271968,46.168682,44.825969,42.553685,0.49999999999999994,-2.4492935982947064e-16,-0.5000000000000004,-0.8660254037844384,0.8660254037844386,0.8660254037844387,1,0.8660254037844384,-0.5000000000000004,0.5000000000000001,10.653753,8.737864,8.759124,6.372549,4.040404,2.008926873393402,0.2237144218238729,0.9029354894059871,0.9302335320882316,-0.24212924640450995,10.653752481716339,8.737863712625593,8.759123795279278,6.37254974081729,4.040405843224715,2261.7619047619046,2600,2915.5,2206.590909090909,4532.25,180.6011917906149,123.75883806823657,109.64868140262031,345.2538967872097,247.28800064531617,2033,2407,2739,1747,4175,2497,2772,3081,2634,4880,2438,2772,3081,1769,4470,2081,2407,2770,2592,4726,2261.7619047619046,2600,2915.5,2206.590909090909,4532.25,2261.7619047619046,2600,2915.5,2206.590909090909,4532.25,21,17,22,22,20,464,365,342,887,705,-357,-365,-311,823,256,-14.643150123051685,-13.167388167388172,-10.0941252839987,46.52345958168458,5.727069351230418,62.99,56.86,55.24,63.98,45.48,10.78086528315161,2.9326574945691464,-5.637171165015364,11.230876216967989,2.17928555380813,41.51875982925186,43.585858585858574,28.137323126884727,49.69583528310715,47.37524303305249,12,12,12,12,12,0,0,0,0,0,0,0,0,0,0,51.858241,50.978355,50.813377,49.32857,46.193979,47.201538,46.271968,46.168682,44.825969,42.553685,10.653753,8.737864,8.759124,6.372549,4.040404,41.206486,37.91611,37.256806,36.898489,36.056955,37.435699,36.026684,35.567412,35.580964,33.432591,10.918882,6.549924,6.188752,9.189838,18.845709,57.042935,56.353537,56.294251,55.672884,54.664319,46.77705,46.586586,46.397385,45.197958,44.64921,4.772894,4.568877,4.076701,1.163317,1.100071,57.711301,57.490844,57.43575,57.3324,56.553907,50.305914,49.852768,49.274842,48.703481,48.591833,3.569493,3.447806,1.942944,2.402655,1.10685,94.290956,94.219923,94.14889,93.93579,93.50959,99.729966,99.589409,99.448852,99.027179,98.183835,1.720351,1.722821,1.725298,1.732772,1.747915,10.509179666666666,9.278401,6.5244540833333335,47.063824333333336,46.40968183333333,44.980897166666665,2435.1539682539683,2697.6559884559883,3019.7078282828284,60.02,59.458333333333336,57.185833333333335,12,12,12
2006-03-01,2006,3,1,6.123233995736766e-17,13.834951,52.683133,48.440966,13.834951,1.5151504673281746,13.834949899168558,2598.8260869565215,84.47304689765791,2493,2708,2708,2496,2598.8260869565215,2598.8260869565215,23,215,-212,-7.828655834564257,62.06,3.072579305763168,16.873822975517893,12,0,0,52.683133,48.440966,13.834951,43.57138,37.698327,11.067721,57.035339,47.162753,5.590997,57.959321,50.653992,4.384887,94.433023,100.011081,1.715432,12.135922,10.653753,8.737864,7.334963,3,52.24319,51.858241,50.978355,49.768513,46.303965,47.717967,47.201538,46.271968,45.342397,42.553685,0.8660254037844386,0.49999999999999994,-2.4492935982947064e-16,-1,1,0.5000000000000001,0.8660254037844387,1,-1.8369701987210297e-16,6.123233995736766e-17,12.135922,10.653753,8.737864,7.334963,3,1.0940935865267898,2.008926873393402,0.2237144218238729,1.1520732546796753,0,12.135921953645145,10.653752481716339,8.737863712625593,7.334962636435316,3.000000701936867,2443.7,2261.7619047619046,2600,2803.5454545454545,4677.9047619047615,247.6459909671571,180.6011917906149,123.75883806823657,231.9459557891157,59.61703176266389,2087,2033,2407,2418,4575,2798,2497,2772,3073,4791,2087,2438,2772,2548,4663,2680,2081,2407,2907,4637,2443.7,2261.7619047619046,2600,2803.5454545454545,4677.9047619047615,2443.7,2261.7619047619046,2600,2803.5454545454545,4677.9047619047615,20,21,17,22,21,711,464,365,655,216,593,-357,-365,359,-26,28.41399137517968,-14.643150123051685,-13.167388167388172,14.089481946624804,-0.5575809564657974,60.21,62.99,56.86,62.91,53.1,-4.413398952214642,10.78086528315161,2.9326574945691464,-1.6723976242575822,16.75461741424804,32.38786279683379,41.51875982925186,43.585858585858574,45.624999999999986,57.89473684210527,12,12,12,12,12,0,0,0,0,0,0,0,0,0,0,52.24319,51.858241,50.978355,49.768513,46.303965,47.717967,47.201538,46.271968,45.342397,42.553685,12.135922,10.653753,8.737864,7.334963,3,42.860888,41.206486,37.91611,36.728544,36.570884,37.419825,37.435699,36.026684,35.359454,33.941749,11.926192,10.918882,6.549924,5.682105,19.13633,56.792399,57.042935,56.353537,56.023221,54.73421,46.633282,46.77705,46.586586,45.710652,44.665506,4.443691,4.772894,4.568877,2.5788,0.46393,57.787088,57.711301,57.490844,57.380624,56.898374,50.43726,50.305914,49.852768,48.874237,48.526174,3.797815,3.569493,3.447806,2.690767,0.859967,94.36199,94.290956,94.219923,94.006823,93.580623,99.870524,99.729966,99.589409,99.167737,98.324393,1.717888,1.720351,1.722821,1.730273,1.745373,12.208208666666668,10.361732333333334,7.427366666666667,47.78682366666667,46.92611,45.47150391666667,2434.762663906142,2663.536093857833,2846.4512720371417,61.75333333333334,59.31666666666667,57.9325,12,12,12
2006-04-01,2006,4,0.8660254037844387,-0.49999999999999983,14.423077,53.288054,49.163966,14.423077,1.492538361022766,14.42307806438674,2465.4444444444443,55.731733723174706,2368,2516,2508,2368,2465.4444444444443,2465.4444444444443,18,148,-140,-5.582137161084533,70.26,13.213019658395098,35.42791056283732,12,0,0,53.288054,49.163966,14.423077,43.139352,37.446207,6.591961,57.102729,47.229061,4.907879,58.097104,50.851011,4.734209,94.504056,100.151638,1.712984,13.834951,12.135922,10.653753,8.04878,2.463054,52.683133,52.24319,51.858241,50.648398,46.633922,48.440966,47.717967,47.201538,45.755539,42.966827,1,0.8660254037844386,0.49999999999999994,-0.8660254037844386,0.8660254037844387,6.123233995736766e-17,0.5000000000000001,0.8660254037844387,0.5000000000000001,-0.49999999999999983,13.834951,12.135922,10.653753,8.04878,2.463054,1.5151504673281746,1.0940935865267898,2.008926873393402,0.9111604752611635,0.9708724403068691,13.834949899168558,12.135921953645145,10.653752481716339,8.048780090392471,2.4630531651772314,2598.8260869565215,2443.7,2261.7619047619046,3161.4285714285716,4532.476190476191,84.47304689765791,247.6459909671571,180.6011917906149,117.39359924142859,305.6587343832365,2493,2087,2033,2944,3850,2708,2798,2497,3370,4835,2708,2087,2438,2944,4627,2496,2680,2081,3113,3850,2598.8260869565215,2443.7,2261.7619047619046,3161.4285714285716,4532.476190476191,2598.8260869565215,2443.7,2261.7619047619046,3161.4285714285716,4532.476190476191,23,20,21,21,21,215,711,464,426,985,-212,593,-357,169,-777,-7.828655834564257,28.41399137517968,-14.643150123051685,5.740489130434789,-16.79273827534039,62.06,60.21,62.99,58.54,51.88,3.072579305763168,-4.413398952214642,10.78086528315161,-6.946431409950716,-2.2975517890772124,16.873822975517893,32.38786279683379,41.51875982925186,17.597428686219363,54.450729383745156,12,12,12,12,12,0,0,0,0,0,0,0,0,0,0,52.683133,52.24319,51.858241,50.648398,46.633922,48.440966,47.717967,47.201538,45.755539,42.966827,13.834951,12.135922,10.653753,8.04878,2.463054,43.57138,42.860888,41.206486,36.820683,37.561887,37.698327,37.419825,37.435699,35.316329,35.130423,11.067721,11.926192,10.918882,4.950735,21.725574,57.035339,56.792399,57.042935,56.163602,54.990993,47.162753,46.633282,46.77705,46.051111,45.019555,5.590997,4.443691,4.772894,2.338098,0.832279,57.959321,57.787088,57.711301,57.449523,57.070607,50.653992,50.43726,50.305914,48.959608,48.552437,4.384887,3.797815,3.569493,2.179266,0.914554,94.433023,94.36199,94.290956,94.077856,93.651657,100.011081,99.870524,99.729966,99.308294,98.46495,1.715432,1.717888,1.720351,1.727782,1.742838,13.46465,11.424115166666667,8.42403525,48.440966333333336,47.494181166666664,45.98793216666667,2502.656843800322,2547.5387393604783,2674.198626534496,64.17666666666668,61.27,59.46416666666667,12,12,12
2006-05-01,2006,5,0.49999999999999994,-0.8660254037844387,16.144578,53.78299,49.78368,16.144578,1.2605044922535225,16.14458077553602,2441.8571428571427,45.63253851615721,2364,2502,2364,2436,2441.8571428571427,2441.8571428571427,21,138,72,3.0456852791878264,69.78,-0.6831767719897575,43.43268242548819,12,0,0,53.78299,49.78368,16.144578,42.715514,37.605212,5.313731,57.244404,47.537772,7.605041,58.317561,51.094006,5.320175,94.57509,100.292196,1.710542,14.423077,13.834951,12.135922,8.759124,1.965602,53.288054,52.683133,52.24319,50.813377,47.348828,49.163966,48.440966,47.717967,46.168682,42.863541,0.8660254037844387,1,0.8660254037844386,-0.5000000000000004,0.49999999999999994,-0.49999999999999983,6.123233995736766e-17,0.5000000000000001,0.8660254037844384,-0.8660254037844387,14.423077,13.834951,12.135922,8.759124,1.965602,1.492538361022766,1.5151504673281746,1.0940935865267898,0.9029354894059871,-0.24038544898836722,14.42307806438674,13.834949899168558,12.135921953645145,8.759123795279278,1.9656016558264433,2465.4444444444443,2598.8260869565215,2443.7,2915.5,3667.4,55.731733723174706,84.47304689765791,247.6459909671571,109.64868140262031,255.4884692011302,2368,2493,2087,2739,3219,2516,2708,2798,3081,4024,2508,2708,2087,3081,3815,2368,2496,2680,2770,3219,2465.4444444444443,2598.8260869565215,2443.7,2915.5,3667.4,2465.4444444444443,2598.8260869565215,2443.7,2915.5,3667.4,18,23,20,22,20,148,215,711,342,805,-140,-212,593,-311,-596,-5.582137161084533,-7.828655834564257,28.41399137517968,-10.0941252839987,-15.622542595019661,70.26,62.06,60.21,55.24,48.65,13.213019658395098,3.072579305763168,-4.413398952214642,-5.637171165015364,-6.225905936777187,35.42791056283732,16.873822975517893,32.38786279683379,28.137323126884727,29.491615650785196,12,12,12,12,12,0,0,0,0,0,0,0,0,0,0,53.288054,52.683133,52.24319,50.813377,47.348828,49.163966,48.440966,47.717967,46.168682,42.863541,14.423077,13.834951,12.135922,8.759124,1.965602,43.139352,43.57138,42.860888,37.256806,37.772783,37.446207,37.698327,37.419825,35.567412,35.707796,6.591961,11.067721,11.926192,6.188752,20.005455,57.102729,57.035339,56.792399,56.294251,54.747385,47.229061,47.162753,46.633282,46.397385,44.178016,4.907879,5.590997,4.443691,4.076701,-1.853283,58.097104,57.959321,57.787088,57.43575,56.932823,50.851011,50.653992,50.43726,49.274842,48.513028,4.734209,4.384887,3.797815,1.942944,0.681473,94.504056,94.433023,94.36199,94.14889,93.72269,100.151638,100.011081,99.870524,99.448852,98.605507,1.712984,1.715432,1.717888,1.725298,1.74031,14.800868666666666,12.655024166666667,9.605616583333333,49.12953733333333,48.09668083333334,46.56461041666667,2502.042558086036,2468.598263170002,2572.0700551059244,67.36666666666667,63.693333333333335,61.225,12,12,12
2006-06-01,2006,6,1.2246467991473532e-16,-1,14.184397,54.057954,49.886964999999996,14.184397,0.2074675877717258,14.184395832009123,2718.4545454545455,130.86151432233976,2478,2964,2478,2964,2718.4545454545455,2718.4545454545455,22,486,486,19.61259079903148,68.56,-1.748351963313266,26.14535418583257,12,0,0,54.057954,49.886964999999996,14.184397,41.452189,37.580021,5.401554,57.800162,47.780755,7.381686,58.744701,51.363264,6.39371,94.646123,100.432753,1.708107,16.144578,14.423077,13.834951,8.737864,3.170732,53.78299,53.288054,52.683133,50.978355,48.063735,49.78368,49.163966,48.440966,46.271968,43.689827,0.49999999999999994,0.8660254037844387,1,-2.4492935982947064e-16,1.2246467991473532e-16,-0.8660254037844387,-0.49999999999999983,6.123233995736766e-17,1,-1,16.144578,14.423077,13.834951,8.737864,3.170732,1.2605044922535225,1.492538361022766,1.5151504673281746,0.2237144218238729,1.9277128784110475,16.14458077553602,14.42307806438674,13.834949899168558,8.737863712625593,3.170733268168724,2441.8571428571427,2465.4444444444443,2598.8260869565215,2600,2746.090909090909,45.63253851615721,55.731733723174706,84.47304689765791,123.75883806823657,223.10469656129075,2364,2368,2493,2407,2510,2502,2516,2708,2772,3180,2364,2508,2708,2772,3180,2436,2368,2496,2407,2521,2441.8571428571427,2465.4444444444443,2598.8260869565215,2600,2746.090909090909,2441.8571428571427,2465.4444444444443,2598.8260869565215,2600,2746.090909090909,21,18,23,17,22,138,148,215,365,670,72,-140,-212,-365,-659,3.0456852791878264,-5.582137161084533,-7.828655834564257,-13.167388167388172,-20.723270440251575,69.78,70.26,62.06,56.86,54.35,-0.6831767719897575,13.213019658395098,3.072579305763168,2.9326574945691464,11.716341212744098,43.43268242548819,35.42791056283732,16.873822975517893,43.585858585858574,54.4911881750995,12,12,12,12,12,0,0,0,0,0,0,0,0,0,0,53.78299,53.288054,52.683133,50.978355,48.063735,49.78368,49.163966,48.440966,46.271968,43.689827,16.144578,14.423077,13.834951,8.737864,3.170732,42.715514,43.139352,43.57138,37.91611,37.36942,37.605212,37.446207,37.698327,36.026684,35.654143,5.313731,6.591961,11.067721,6.549924,16.063624,57.244404,57.102729,57.035339,56.353537,54.912171,47.537772,47.229061,47.162753,46.586586,44.496186,7.605041,4.907879,5.590997,4.568877,-0.863584,58.317561,58.097104,57.959321,57.490844,56.8157,51.094006,50.851011,50.653992,49.852768,48.276599,5.320175,4.734209,4.384887,3.447806,0.726213,94.57509,94.504056,94.433023,94.219923,93.793723,100.292196,100.151638,100.011081,99.589409,98.746065,1.710542,1.712984,1.715432,1.722821,1.73779,14.917350666666666,13.562779666666668,10.523422,49.611537,48.69918033333333,47.08103858333333,2541.918710918711,2488.3406874124266,2569.7670248028944,69.53333333333333,65.64333333333333,62.409166666666664,12,12,12
2006-07-01,2006,7,-0.4999999999999998,-0.8660254037844388,12.790698,54.277925,50.093536,12.790698,0.414078106375082,12.790696993701767,3049.809523809524,154.48256181447115,2849,3285,2983,3285,3049.809523809524,3049.809523809524,21,436,302,10.124036205162579,73.67,7.453325554259038,28.077190542420016,12,0,0,54.277925,50.093536,12.790698,40.852264,37.487768,5.379269,58.264864,47.752043,6.188866,59.151165,51.619391,6.115819,94.717156,100.57331,1.705679,14.184397,16.144578,14.423077,10.653753,5.651106,54.057954,53.78299,53.288054,51.858241,48.503678,49.886964999999996,49.78368,49.163966,47.201538,44.412826,1.2246467991473532e-16,0.49999999999999994,0.8660254037844387,0.49999999999999994,-0.4999999999999998,-1,-0.8660254037844387,-0.49999999999999983,0.8660254037844387,-0.8660254037844388,14.184397,16.144578,14.423077,10.653753,5.651106,0.2074675877717258,1.2605044922535225,1.492538361022766,2.008926873393402,1.6548451885607163,14.184395832009123,16.14458077553602,14.42307806438674,10.653752481716339,5.6511062472774265,2718.4545454545455,2441.8571428571427,2465.4444444444443,2261.7619047619046,2220.095238095238,130.86151432233976,45.63253851615721,55.731733723174706,180.6011917906149,211.47125212706922,2478,2364,2368,2033,1804,2964,2502,2516,2497,2486,2478,2364,2508,2438,2486,2964,2436,2368,2081,1804,2718.4545454545455,2441.8571428571427,2465.4444444444443,2261.7619047619046,2220.095238095238,2718.4545454545455,2441.8571428571427,2465.4444444444443,2261.7619047619046,2220.095238095238,22,21,18,21,21,486,138,148,464,682,486,72,-140,-357,-682,19.61259079903148,3.0456852791878264,-5.582137161084533,-14.643150123051685,-27.43362831858407,68.56,69.78,70.26,62.99,57.52,-1.748351963313266,-0.6831767719897575,13.213019658395098,10.78086528315161,5.83256669733212,26.14535418583257,43.43268242548819,35.42791056283732,41.51875982925186,50.49712192569338,12,12,12,12,12,0,0,0,0,0,0,0,0,0,0,54.057954,53.78299,53.288054,51.858241,48.503678,49.886964999999996,49.78368,49.163966,47.201538,44.412826,14.184397,16.144578,14.423077,10.653753,5.651106,41.452189,42.715514,43.139352,41.206486,37.088909,37.580021,37.605212,37.446207,37.435699,35.57414,5.401554,5.313731,6.591961,10.918882,15.850993,57.800162,57.244404,57.102729,57.042935,55.390617,47.780755,47.537772,47.229061,46.77705,44.968973,7.381686,7.605041,4.907879,4.772894,0.471366,58.744701,58.317561,58.097104,57.711301,57.235953,51.363264,51.094006,50.851011,50.305914,48.644388,6.39371,5.320175,4.734209,3.569493,2.081051,94.646123,94.57509,94.504056,94.290956,93.864757,100.432753,100.292196,100.151638,99.729966,98.886622,1.708107,1.710542,1.712984,1.720351,1.735277,14.373224333333333,13.918937166666666,11.118388,49.92139366666667,49.18118,47.554431083333334,2736.7070707070707,2619.681957253696,2638.9098819457513,70.67,67.42333333333333,63.755,12,12,12
2006-08-01,2006,8,-0.8660254037844384,-0.5000000000000004,12.903226,54.607882,50.609965,12.903226,1.0309294197159424,12.903225806451623,3686.7272727272725,122.74137805746638,3337,3847,3337,3847,3686.7272727272725,3686.7272727272725,22,510,510,15.283188492658084,73.23,-0.597258042622506,14.457643013441723,12,0,0,54.607882,50.609965,12.903226,41.143013,37.860962,6.407917,58.764645,48.180427,6.598681,59.557629,51.882083,6.526437,94.788189,100.713868,1.703258,12.790698,14.184397,16.144578,12.135922,6.372549,54.277925,54.057954,53.78299,52.24319,49.32857,50.093536,49.886964999999996,49.78368,47.717967,44.825969,-0.4999999999999998,1.2246467991473532e-16,0.49999999999999994,0.8660254037844386,-0.8660254037844384,-0.8660254037844388,-1,-0.8660254037844387,0.5000000000000001,-0.5000000000000004,12.790698,14.184397,16.144578,12.135922,6.372549,0.414078106375082,0.2074675877717258,1.2605044922535225,1.0940935865267898,0.9302335320882316,12.790696993701767,14.184395832009123,16.14458077553602,12.135921953645145,6.37254974081729,3049.809523809524,2718.4545454545455,2441.8571428571427,2443.7,2206.590909090909,154.48256181447115,130.86151432233976,45.63253851615721,247.6459909671571,345.2538967872097,2849,2478,2364,2087,1747,3285,2964,2502,2798,2634,2983,2478,2364,2087,1769,3285,2964,2436,2680,2592,3049.809523809524,2718.4545454545455,2441.8571428571427,2443.7,2206.590909090909,3049.809523809524,2718.4545454545455,2441.8571428571427,2443.7,2206.590909090909,21,22,21,20,22,436,486,138,711,887,302,486,72,593,823,10.124036205162579,19.61259079903148,3.0456852791878264,28.41399137517968,46.52345958168458,73.67,68.56,69.78,60.21,63.98,7.453325554259038,-1.748351963313266,-0.6831767719897575,-4.413398952214642,11.230876216967989,28.077190542420016,26.14535418583257,43.43268242548819,32.38786279683379,49.69583528310715,12,12,12,12,12,0,0,0,0,0,0,0,0,0,0,54.277925,54.057954,53.78299,52.24319,49.32857,50.093536,49.886964999999996,49.78368,47.717967,44.825969,12.790698,14.184397,16.144578,12.135922,6.372549,40.852264,41.452189,42.715514,42.860888,36.898489,37.487768,37.580021,37.605212,37.419825,35.580964,5.379269,5.401554,5.313731,11.926192,9.189838,58.264864,57.800162,57.244404,56.792399,55.672884,47.752043,47.780755,47.537772,46.633282,45.197958,6.188866,7.381686,7.605041,4.443691,1.163317,59.151165,58.744701,58.317561,57.787088,57.3324,51.619391,51.363264,51.094006,50.43726,48.703481,6.115819,6.39371,5.320175,3.797815,2.402655,94.717156,94.646123,94.57509,94.36199,93.93579,100.57331,100.432753,100.292196,99.870524,99.027179,1.705679,1.708107,1.710542,1.717888,1.732772,13.292773666666667,14.046821166666668,11.662611083333333,50.196822,49.663179666666665,48.03643075,3151.6637806637805,2826.8531693749082,2762.2545789154483,71.82000000000001,69.59333333333333,64.52583333333334,12,12,12
2006-09-01,2006,9,-1,-1.8369701987210297e-16,11.845103,54.992832,50.71325,11.845103,0.20408036243455552,11.84510161648491,4039.1428571428573,153.33078155226553,3875,4279,3875,3944,4039.1428571428573,4039.1428571428573,21,404,69,1.7806451612903285,61.96,-15.389867540625435,-1.5100937847718932,12,0,0,54.992832,50.71325,11.845103,41.814602,38.09179,7.727316,59.089283,48.724248,6.592764,59.709202,52.414034,7.242665,94.859223,100.854425,1.700844,12.903226,12.790698,14.184397,13.834951,7.334963,54.607882,54.277925,54.057954,52.683133,49.768513,50.609965,50.093536,49.886964999999996,48.440966,45.342397,-0.8660254037844384,-0.4999999999999998,1.2246467991473532e-16,1,-1,-0.5000000000000004,-0.8660254037844388,-1,6.123233995736766e-17,-1.8369701987210297e-16,12.903226,12.790698,14.184397,13.834951,7.334963,1.0309294197159424,0.414078106375082,0.2074675877717258,1.5151504673281746,1.1520732546796753,12.903225806451623,12.790696993701767,14.184395832009123,13.834949899168558,7.334962636435316,3686.7272727272725,3049.809523809524,2718.4545454545455,2598.8260869565215,2803.5454545454545,122.74137805746638,154.48256181447115,130.86151432233976,84.47304689765791,231.9459557891157,3337,2849,2478,2493,2418,3847,3285,2964,2708,3073,3337,2983,2478,2708,2548,3847,3285,2964,2496,2907,3686.7272727272725,3049.809523809524,2718.4545454545455,2598.8260869565215,2803.5454545454545,3686.7272727272725,3049.809523809524,2718.4545454545455,2598.8260869565215,2803.5454545454545,22,21,22,23,22,510,436,486,215,655,510,302,486,-212,359,15.283188492658084,10.124036205162579,19.61259079903148,-7.828655834564257,14.089481946624804,73.23,73.67,68.56,62.06,62.91,-0.597258042622506,7.453325554259038,-1.748351963313266,3.072579305763168,-1.6723976242575822,14.457643013441723,28.077190542420016,26.14535418583257,16.873822975517893,45.624999999999986,12,12,12,12,12,0,0,0,0,0,0,0,0,0,0,54.607882,54.277925,54.057954,52.683133,49.768513,50.609965,50.093536,49.886964999999996,48.440966,45.342397,12.903226,12.790698,14.184397,13.834951,7.334963,41.143013,40.852264,41.452189,43.57138,36.728544,37.860962,37.487768,37.580021,37.698327,35.359454,6.407917,5.379269,5.401554,11.067721,5.682105,58.764645,58.264864,57.800162,57.035339,56.023221,48.180427,47.752043,47.780755,47.162753,45.710652,6.598681,6.188866,7.381686,5.590997,2.5788,59.557629,59.151165,58.744701,57.959321,57.380624,51.882083,51.619391,51.363264,50.653992,48.874237,6.526437,6.115819,6.39371,4.384887,2.690767,94.788189,94.717156,94.646123,94.433023,94.006823,100.713868,100.57331,100.432753,100.011081,99.167737,1.703258,1.705679,1.708107,1.715432,1.730273,12.513009,13.715179833333334,12.038456083333333,50.472250333333335,50.04189366666667,48.48400183333333,3591.8932178932178,3066.9059644059644,2865.221029131899,69.62,69.57666666666667,64.44666666666667,12,12,12
2006-10-01,2006,10,-0.8660254037844386,0.5000000000000001,11.512415,55.322789,51.023107,11.512415,0.6109981119332808,11.512416015905757,4027.6363636363635,77.71593294663737,3931,4182,3956,4037,4027.6363636363635,4027.6363636363635,22,251,81,2.0475227502527726,57.81,-6.697869593285988,-1.2470105910488472,12,0,0,55.322789,51.023107,11.512415,42.596757,38.293935,8.431246,59.282643,49.372256,7.211866,60.026105,53.044502,8.343396,94.930256,100.994983,1.698437,11.845103,12.903226,12.790698,14.423077,8.04878,54.992832,54.607882,54.277925,53.288054,50.648398,50.71325,50.609965,50.093536,49.163966,45.755539,-1,-0.8660254037844384,-0.4999999999999998,0.8660254037844387,-0.8660254037844386,-1.8369701987210297e-16,-0.5000000000000004,-0.8660254037844388,-0.49999999999999983,0.5000000000000001,11.845103,12.903226,12.790698,14.423077,8.04878,0.20408036243455552,1.0309294197159424,0.414078106375082,1.492538361022766,0.9111604752611635,11.84510161648491,12.903225806451623,12.790696993701767,14.42307806438674,8.048780090392471,4039.1428571428573,3686.7272727272725,3049.809523809524,2465.4444444444443,3161.4285714285716,153.33078155226553,122.74137805746638,154.48256181447115,55.731733723174706,117.39359924142859,3875,3337,2849,2368,2944,4279,3847,3285,2516,3370,3875,3337,2983,2508,2944,3944,3847,3285,2368,3113,4039.1428571428573,3686.7272727272725,3049.809523809524,2465.4444444444443,3161.4285714285716,4039.1428571428573,3686.7272727272725,3049.809523809524,2465.4444444444443,3161.4285714285716,21,22,21,18,21,404,510,436,148,426,69,510,302,-140,169,1.7806451612903285,15.283188492658084,10.124036205162579,-5.582137161084533,5.740489130434789,61.96,73.23,73.67,70.26,58.54,-15.389867540625435,-0.597258042622506,7.453325554259038,13.213019658395098,-6.946431409950716,-1.5100937847718932,14.457643013441723,28.077190542420016,35.42791056283732,17.597428686219363,12,12,12,12,12,0,0,0,0,0,0,0,0,0,0,54.992832,54.607882,54.277925,53.288054,50.648398,50.71325,50.609965,50.093536,49.163966,45.755539,11.845103,12.903226,12.790698,14.423077,8.04878,41.814602,41.143013,40.852264,43.139352,36.820683,38.09179,37.860962,37.487768,37.446207,35.316329,7.727316,6.407917,5.379269,6.591961,4.950735,59.089283,58.764645,58.264864,57.102729,56.163602,48.724248,48.180427,47.752043,47.229061,46.051111,6.592764,6.598681,6.188866,4.907879,2.338098,59.709202,59.557629,59.151165,58.097104,57.449523,52.414034,51.882083,51.619391,50.851011,48.959608,7.242665,6.526437,6.115819,4.734209,2.179266,94.859223,94.788189,94.717156,94.504056,94.077856,100.854425,100.713868,100.57331,100.151638,99.308294,1.700844,1.703258,1.705679,1.712984,1.727782,12.086914666666667,13.2300695,12.327092333333333,50.782107333333336,50.3517505,48.922965833333336,3917.835497835498,3327.2712842712845,2937.405011815881,64.33333333333334,67.50166666666667,64.38583333333334,12,12,12
2006-11-01,2006,11,-0.5000000000000004,0.8660254037844384,10.067114,55.267796,50.816536,10.067114,-0.4048577441589485,10.067114326547166,4190.090909090909,61.759833680775536,4100,4336,4100,4336,4190.090909090909,4190.090909090909,22,236,236,5.756097560975615,58.76,1.6433143054834787,6.372194062273717,12,0,0,55.267796,50.816536,10.067114,42.711419,38.478819,8.185602,59.57257,50.14222,8.07122,60.026105,53.22839,8.023461,95.001289,101.13554,1.696036,11.512415,11.845103,12.903226,16.144578,8.759124,55.322789,54.992832,54.607882,53.78299,50.813377,51.023107,50.71325,50.609965,49.78368,46.168682,-0.8660254037844386,-1,-0.8660254037844384,0.49999999999999994,-0.5000000000000004,0.5000000000000001,-1.8369701987210297e-16,-0.5000000000000004,-0.8660254037844387,0.8660254037844384,11.512415,11.845103,12.903226,16.144578,8.759124,0.6109981119332808,0.20408036243455552,1.0309294197159424,1.2605044922535225,0.9029354894059871,11.512416015905757,11.84510161648491,12.903225806451623,16.14458077553602,8.759123795279278,4027.6363636363635,4039.1428571428573,3686.7272727272725,2441.8571428571427,2915.5,77.71593294663737,153.33078155226553,122.74137805746638,45.63253851615721,109.64868140262031,3931,3875,3337,2364,2739,4182,4279,3847,2502,3081,3956,3875,3337,2364,3081,4037,3944,3847,2436,2770,4027.6363636363635,4039.1428571428573,3686.7272727272725,2441.8571428571427,2915.5,4027.6363636363635,4039.1428571428573,3686.7272727272725,2441.8571428571427,2915.5,22,21,22,21,22,251,404,510,138,342,81,69,510,72,-311,2.0475227502527726,1.7806451612903285,15.283188492658084,3.0456852791878264,-10.0941252839987,57.81,61.96,73.23,69.78,55.24,-6.697869593285988,-15.389867540625435,-0.597258042622506,-0.6831767719897575,-5.637171165015364,-1.2470105910488472,-1.5100937847718932,14.457643013441723,43.43268242548819,28.137323126884727,12,12,12,12,12,0,0,0,0,0,0,0,0,0,0,55.322789,54.992832,54.607882,53.78299,50.813377,51.023107,50.71325,50.609965,49.78368,46.168682,11.512415,11.845103,12.903226,16.144578,8.759124,42.596757,41.814602,41.143013,42.715514,37.256806,38.293935,38.09179,37.860962,37.605212,35.567412,8.431246,7.727316,6.407917,5.313731,6.188752,59.282643,59.089283,58.764645,57.244404,56.294251,49.372256,48.724248,48.180427,47.537772,46.397385,7.211866,6.592764,6.598681,7.605041,4.076701,60.026105,59.709202,59.557629,58.317561,57.43575,53.044502,52.414034,51.882083,51.094006,49.274842,8.343396,7.242665,6.526437,5.320175,1.942944,94.930256,94.859223,94.788189,94.57509,94.14889,100.994983,100.854425,100.713868,100.292196,99.448852,1.698437,1.700844,1.703258,1.710542,1.725298,11.141544,12.217158833333334,12.4360915,50.85096433333334,50.52389316666667,49.310287,4085.6233766233768,3618.6435786435786,3043.62092090679,59.51,65.665,64.67916666666667,12,12,12
2006-12-01,2006,12,-2.4492935982947064e-16,1,9.598214,55.322789,50.71325,9.598214,-0.2032527364714487,9.598212896412782,4335.8125,43.743523330126635,4270,4407,4369,4397,4335.8125,4335.8125,16,137,28,0.6408789196612474,62.47,6.313818924438386,9.86633837495603,12,0,0,55.322789,50.71325,9.598214,43.827321,39.554414,9.791994,59.753292,50.520464,8.444227,60.260336,53.31376,6.942427,95.072323,101.276097,1.693642,10.067114,11.512415,11.845103,14.184397,8.737864,55.267796,55.322789,54.992832,54.057954,50.978355,50.816536,51.023107,50.71325,49.886964999999996,46.271968,-0.5000000000000004,-0.8660254037844386,-1,1.2246467991473532e-16,-2.4492935982947064e-16,0.8660254037844384,0.5000000000000001,-1.8369701987210297e-16,-1,1,10.067114,11.512415,11.845103,14.184397,8.737864,-0.4048577441589485,0.6109981119332808,0.20408036243455552,0.2074675877717258,0.2237144218238729,10.067114326547166,11.512416015905757,11.84510161648491,14.184395832009123,8.737863712625593,4190.090909090909,4027.6363636363635,4039.1428571428573,2718.4545454545455,2600,61.759833680775536,77.71593294663737,153.33078155226553,130.86151432233976,123.75883806823657,4100,3931,3875,2478,2407,4336,4182,4279,2964,2772,4100,3956,3875,2478,2772,4336,4037,3944,2964,2407,4190.090909090909,4027.6363636363635,4039.1428571428573,2718.4545454545455,2600,4190.090909090909,4027.6363636363635,4039.1428571428573,2718.4545454545455,2600,22,22,21,22,17,236,251,404,486,365,236,81,69,486,-365,5.756097560975615,2.0475227502527726,1.7806451612903285,19.61259079903148,-13.167388167388172,58.76,57.81,61.96,68.56,56.86,1.6433143054834787,-6.697869593285988,-15.389867540625435,-1.748351963313266,2.9326574945691464,6.372194062273717,-1.2470105910488472,-1.5100937847718932,26.14535418583257,43.585858585858574,12,12,12,12,12,0,0,0,0,0,0,0,0,0,0,55.267796,55.322789,54.992832,54.057954,50.978355,50.816536,51.023107,50.71325,49.886964999999996,46.271968,10.067114,11.512415,11.845103,14.184397,8.737864,42.711419,42.596757,41.814602,41.452189,37.91611,38.478819,38.293935,38.09179,37.580021,36.026684,8.185602,8.431246,7.727316,5.401554,6.549924,59.57257,59.282643,59.089283,57.800162,56.353537,50.14222,49.372256,48.724248,47.780755,46.586586,8.07122,7.211866,6.592764,7.381686,4.568877,60.026105,60.026105,59.709202,58.744701,57.490844,53.22839,53.044502,52.414034,51.363264,49.852768,8.023461,8.343396,7.242665,6.39371,3.447806,95.001289,94.930256,94.859223,94.646123,94.219923,101.13554,100.994983,100.854425,100.432753,99.589409,1.696036,1.698437,1.700844,1.708107,1.722821,10.392581,11.452795,12.507787333333333,50.85096433333334,50.661607333333336,49.68039383333333,4184.513257575758,3888.2032377344876,3188.271962573457,59.68,64.65,65.14666666666668,12,12,12
2007-01-01,2007,1,0.49999999999999994,0.8660254037844387,8.533917,55.707739,51.229679,8.533917,1.0183315011362826,8.533918958318676,4461.681818181818,127.61787692491406,4225,4647,4421,4225,4461.681818181818,4461.681818181818,22,422,-196,-4.4333861117394235,53.68,-14.070753961901715,-14.780123829179237,12,0,0,55.707739,51.229679,8.533917,45.193022,39.744784,6.168138,60.259249,50.851016,8.709328,60.701249,54.187223,7.715413,95.143356,101.416655,1.691255,9.598214,10.067114,11.512415,12.790698,10.653753,55.322789,55.267796,55.322789,54.277925,51.858241,50.71325,50.816536,51.023107,50.093536,47.201538,-2.4492935982947064e-16,-0.5000000000000004,-0.8660254037844386,-0.4999999999999998,0.49999999999999994,1,0.8660254037844384,0.5000000000000001,-0.8660254037844388,0.8660254037844387,9.598214,10.067114,11.512415,12.790698,10.653753,-0.2032527364714487,-0.4048577441589485,0.6109981119332808,0.414078106375082,2.008926873393402,9.598212896412782,10.067114326547166,11.512416015905757,12.790696993701767,10.653752481716339,4335.8125,4190.090909090909,4027.6363636363635,3049.809523809524,2261.7619047619046,43.743523330126635,61.759833680775536,77.71593294663737,154.48256181447115,180.6011917906149,4270,4100,3931,2849,2033,4407,4336,4182,3285,2497,4369,4100,3956,2983,2438,4397,4336,4037,3285,2081,4335.8125,4190.090909090909,4027.6363636363635,3049.809523809524,2261.7619047619046,4335.8125,4190.090909090909,4027.6363636363635,3049.809523809524,2261.7619047619046,16,22,22,21,21,137,236,251,436,464,28,236,81,302,-357,0.6408789196612474,5.756097560975615,2.0475227502527726,10.124036205162579,-14.643150123051685,62.47,58.76,57.81,73.67,62.99,6.313818924438386,1.6433143054834787,-6.697869593285988,7.453325554259038,10.78086528315161,9.86633837495603,6.372194062273717,-1.2470105910488472,28.077190542420016,41.51875982925186,12,12,12,12,12,0,0,0,0,0,0,0,0,0,0,55.322789,55.267796,55.322789,54.277925,51.858241,50.71325,50.816536,51.023107,50.093536,47.201538,9.598214,10.067114,11.512415,12.790698,10.653753,43.827321,42.711419,42.596757,40.852264,41.206486,39.554414,38.478819,38.293935,37.487768,37.435699,9.791994,8.185602,8.431246,5.379269,10.918882,59.753292,59.57257,59.282643,58.264864,57.042935,50.520464,50.14222,49.372256,47.752043,46.77705,8.444227,8.07122,7.211866,6.188866,4.772894,60.260336,60.026105,60.026105,59.151165,57.711301,53.31376,53.22839,53.044502,51.619391,50.305914,6.942427,8.023461,8.343396,6.115819,3.569493,95.072323,95.001289,94.930256,94.717156,94.290956,101.276097,101.13554,100.994983,100.57331,99.729966,1.693642,1.696036,1.698437,1.705679,1.720351,9.399748333333333,10.7433315,12.331134333333333,50.919821666666664,50.8509645,50.01607225,4329.195075757576,4123.515286796537,3371.5986220251166,58.303333333333335,61.318333333333335,64.37083333333334,12,12,12
2007-02-01,2007,2,0.8660254037844386,0.5000000000000001,8.441558,56.037696,51.746107,8.441558,1.0080640950336672,8.441558291869388,4397.75,147.44771597881203,4219,4765,4219,4765,4397.75,4397.75,20,546,546,12.941455321166151,57.56,7.2280178837556,-4.401262248795879,12,0,0,56.037696,51.746107,8.441558,45.780662,38.972484,4.149294,60.453105,51.056573,9.485265,60.625463,54.141247,7.343752,95.214389,101.557212,1.688875,8.533917,9.598214,10.067114,12.903226,12.135922,55.707739,55.322789,55.267796,54.607882,52.24319,51.229679,50.71325,50.816536,50.609965,47.717967,0.49999999999999994,-2.4492935982947064e-16,-0.5000000000000004,-0.8660254037844384,0.8660254037844386,0.8660254037844387,1,0.8660254037844384,-0.5000000000000004,0.5000000000000001,8.533917,9.598214,10.067114,12.903226,12.135922,1.0183315011362826,-0.2032527364714487,-0.4048577441589485,1.0309294197159424,1.0940935865267898,8.533918958318676,9.598212896412782,10.067114326547166,12.903225806451623,12.135921953645145,4461.681818181818,4335.8125,4190.090909090909,3686.7272727272725,2443.7,127.61787692491406,43.743523330126635,61.759833680775536,122.74137805746638,247.6459909671571,4225,4270,4100,3337,2087,4647,4407,4336,3847,2798,4421,4369,4100,3337,2087,4225,4397,4336,3847,2680,4461.681818181818,4335.8125,4190.090909090909,3686.7272727272725,2443.7,4461.681818181818,4335.8125,4190.090909090909,3686.7272727272725,2443.7,22,16,22,22,20,422,137,236,510,711,-196,28,236,510,593,-4.4333861117394235,0.6408789196612474,5.756097560975615,15.283188492658084,28.41399137517968,53.68,62.47,58.76,73.23,60.21,-14.070753961901715,6.313818924438386,1.6433143054834787,-0.597258042622506,-4.413398952214642,-14.780123829179237,9.86633837495603,6.372194062273717,14.457643013441723,32.38786279683379,12,12,12,12,12,0,0,0,0,0,0,0,0,0,0,55.707739,55.322789,55.267796,54.607882,52.24319,51.229679,50.71325,50.816536,50.609965,47.717967,8.533917,9.598214,10.067114,12.903226,12.135922,45.193022,43.827321,42.711419,41.143013,42.860888,39.744784,39.554414,38.478819,37.860962,37.419825,6.168138,9.791994,8.185602,6.407917,11.926192,60.259249,59.753292,59.57257,58.764645,56.792399,50.851016,50.520464,50.14222,48.180427,46.633282,8.709328,8.444227,8.07122,6.598681,4.443691,60.701249,60.260336,60.026105,59.557629,57.787088,54.187223,53.31376,53.22839,51.882083,50.43726,7.715413,6.942427,8.023461,6.526437,3.797815,95.143356,95.072323,95.001289,94.788189,94.36199,101.416655,101.276097,101.13554,100.713868,99.870524,1.691255,1.693642,1.696036,1.703258,1.717888,8.857896333333334,9.999720166666666,12.023270666666667,51.229678666666665,51.040321500000005,50.351750583333335,4398.414772727273,4242.019074675325,3534.4361220251167,57.903333333333336,58.70666666666666,64.15,12,12,12
2007-03-01,2007,3,1,6.123233995736766e-17,8.315565,56.092689,52.469106,8.315565,1.39720462449473,8.31556497035999,5123.136363636364,183.1401481183573,4818,5388,4818,5388,5123.136363636364,5123.136363636364,22,570,570,11.830635118306354,62.05,7.800555941626119,-0.016113438607812114,12,0,0,56.092689,52.469106,8.315565,46.130789,38.856652,3.072616,60.76013,51.658042,9.531437,61.045716,54.463047,7.519754,95.285423,101.697769,1.686501,8.441558,8.533917,9.598214,11.845103,13.834951,56.037696,55.707739,55.322789,54.992832,52.683133,51.746107,51.229679,50.71325,50.71325,48.440966,0.8660254037844386,0.49999999999999994,-2.4492935982947064e-16,-1,1,0.5000000000000001,0.8660254037844387,1,-1.8369701987210297e-16,6.123233995736766e-17,8.441558,8.533917,9.598214,11.845103,13.834951,1.0080640950336672,1.0183315011362826,-0.2032527364714487,0.20408036243455552,1.5151504673281746,8.441558291869388,8.533918958318676,9.598212896412782,11.84510161648491,13.834949899168558,4397.75,4461.681818181818,4335.8125,4039.1428571428573,2598.8260869565215,147.44771597881203,127.61787692491406,43.743523330126635,153.33078155226553,84.47304689765791,4219,4225,4270,3875,2493,4765,4647,4407,4279,2708,4219,4421,4369,3875,2708,4765,4225,4397,3944,2496,4397.75,4461.681818181818,4335.8125,4039.1428571428573,2598.8260869565215,4397.75,4461.681818181818,4335.8125,4039.1428571428573,2598.8260869565215,20,22,16,21,23,546,422,137,404,215,546,-196,28,69,-212,12.941455321166151,-4.4333861117394235,0.6408789196612474,1.7806451612903285,-7.828655834564257,57.56,53.68,62.47,61.96,62.06,7.2280178837556,-14.070753961901715,6.313818924438386,-15.389867540625435,3.072579305763168,-4.401262248795879,-14.780123829179237,9.86633837495603,-1.5100937847718932,16.873822975517893,12,12,12,12,12,0,0,0,0,0,0,0,0,0,0,56.037696,55.707739,55.322789,54.992832,52.683133,51.746107,51.229679,50.71325,50.71325,48.440966,8.441558,8.533917,9.598214,11.845103,13.834951,45.780662,45.193022,43.827321,41.814602,43.57138,38.972484,39.744784,39.554414,38.09179,37.698327,4.149294,6.168138,9.791994,7.727316,11.067721,60.453105,60.259249,59.753292,59.089283,57.035339,51.056573,50.851016,50.520464,48.724248,47.162753,9.485265,8.709328,8.444227,6.592764,5.590997,60.625463,60.701249,60.260336,59.709202,57.959321,54.141247,54.187223,53.31376,52.414034,50.653992,7.343752,7.715413,6.942427,7.242665,4.384887,95.214389,95.143356,95.072323,94.859223,94.433023,101.557212,101.416655,101.276097,100.854425,100.011081,1.688875,1.691255,1.693642,1.700844,1.715432,8.430346666666667,9.411463833333334,11.563321833333333,51.814963999999996,51.33296416666667,50.68742891666667,4660.856060606061,4422.684659090909,3744.7953117484367,57.763333333333335,58.721666666666664,64.14916666666667,12,12,12
2007-04-01,2007,4,0.8660254037844387,-0.49999999999999983,7.983193,56.587624,53.08882,7.983193,1.1811026473368846,7.983192405592332,5753.684210526316,285.963877406372,5417,6248,5417,6248,5753.684210526316,5753.684210526316,19,831,831,15.340594424958454,67.49,8.767123287671218,-3.9424992883575483,12,0,0,56.587624,53.08882,7.983193,45.580004,38.440941,2.656436,61.271059,52.617532,11.409228,61.5624,55.132925,8.420508,95.356456,101.838327,1.684135,8.315565,8.441558,8.533917,11.512415,14.423077,56.092689,56.037696,55.707739,55.322789,53.288054,52.469106,51.746107,51.229679,51.023107,49.163966,1,0.8660254037844386,0.49999999999999994,-0.8660254037844386,0.8660254037844387,6.123233995736766e-17,0.5000000000000001,0.8660254037844387,0.5000000000000001,-0.49999999999999983,8.315565,8.441558,8.533917,11.512415,14.423077,1.39720462449473,1.0080640950336672,1.0183315011362826,0.6109981119332808,1.492538361022766,8.31556497035999,8.441558291869388,8.533918958318676,11.512416015905757,14.42307806438674,5123.136363636364,4397.75,4461.681818181818,4027.6363636363635,2465.4444444444443,183.1401481183573,147.44771597881203,127.61787692491406,77.71593294663737,55.731733723174706,4818,4219,4225,3931,2368,5388,4765,4647,4182,2516,4818,4219,4421,3956,2508,5388,4765,4225,4037,2368,5123.136363636364,4397.75,4461.681818181818,4027.6363636363635,2465.4444444444443,5123.136363636364,4397.75,4461.681818181818,4027.6363636363635,2465.4444444444443,22,20,22,22,18,570,546,422,251,148,570,546,-196,81,-140,11.830635118306354,12.941455321166151,-4.4333861117394235,2.0475227502527726,-5.582137161084533,62.05,57.56,53.68,57.81,70.26,7.800555941626119,7.2280178837556,-14.070753961901715,-6.697869593285988,13.213019658395098,-0.016113438607812114,-4.401262248795879,-14.780123829179237,-1.2470105910488472,35.42791056283732,12,12,12,12,12,0,0,0,0,0,0,0,0,0,0,56.092689,56.037696,55.707739,55.322789,53.288054,52.469106,51.746107,51.229679,51.023107,49.163966,8.315565,8.441558,8.533917,11.512415,14.423077,46.130789,45.780662,45.193022,42.596757,43.139352,38.856652,38.972484,39.744784,38.293935,37.446207,3.072616,4.149294,6.168138,8.431246,6.591961,60.76013,60.453105,60.259249,59.282643,57.102729,51.658042,51.056573,50.851016,49.372256,47.229061,9.531437,9.485265,8.709328,7.211866,4.907879,61.045716,60.625463,60.701249,60.026105,58.097104,54.463047,54.141247,54.187223,53.044502,50.851011,7.519754,7.343752,7.715413,8.343396,4.734209,95.285423,95.214389,95.143356,94.930256,94.504056,101.697769,101.557212,101.416655,100.994983,100.151638,1.686501,1.688875,1.691255,1.698437,1.712984,8.246772,8.823260166666667,11.026664833333333,52.434677666666666,51.67724966666667,51.01450008333333,5091.523524720893,4710.3593002392345,4018.8152922552595,62.36666666666667,60.335,63.91833333333334,12,12,12
2007-05-01,2007,5,0.49999999999999994,-0.8660254037844387,8.713693,57.192545,54.121676,8.713693,1.9455245002620192,8.713690912363248,6402.238095238095,214.78335707449605,5971,6688,6255,5971,6402.238095238095,6402.238095238095,21,717,-284,-4.540367705835335,67.21,-0.41487627796711335,-3.6830037259959925,12,0,0,57.192545,54.121676,8.713693,45.420297,38.649659,2.7774,61.607587,53.238059,11.991069,61.84487,55.710851,9.035982,95.427489,101.978884,1.681774,7.983193,8.315565,8.441558,10.067114,16.144578,56.587624,56.092689,56.037696,55.267796,53.78299,53.08882,52.469106,51.746107,50.816536,49.78368,0.8660254037844387,1,0.8660254037844386,-0.5000000000000004,0.49999999999999994,-0.49999999999999983,6.123233995736766e-17,0.5000000000000001,0.8660254037844384,-0.8660254037844387,7.983193,8.315565,8.441558,10.067114,16.144578,1.1811026473368846,1.39720462449473,1.0080640950336672,-0.4048577441589485,1.2605044922535225,7.983192405592332,8.31556497035999,8.441558291869388,10.067114326547166,16.14458077553602,5753.684210526316,5123.136363636364,4397.75,4190.090909090909,2441.8571428571427,285.963877406372,183.1401481183573,147.44771597881203,61.759833680775536,45.63253851615721,5417,4818,4219,4100,2364,6248,5388,4765,4336,2502,5417,4818,4219,4100,2364,6248,5388,4765,4336,2436,5753.684210526316,5123.136363636364,4397.75,4190.090909090909,2441.8571428571427,5753.684210526316,5123.136363636364,4397.75,4190.090909090909,2441.8571428571427,19,22,20,22,21,831,570,546,236,138,831,570,546,236,72,15.340594424958454,11.830635118306354,12.941455321166151,5.756097560975615,3.0456852791878264,67.49,62.05,57.56,58.76,69.78,8.767123287671218,7.800555941626119,7.2280178837556,1.6433143054834787,-0.6831767719897575,-3.9424992883575483,-0.016113438607812114,-4.401262248795879,6.372194062273717,43.43268242548819,12,12,12,12,12,0,0,0,0,0,0,0,0,0,0,56.587624,56.092689,56.037696,55.267796,53.78299,53.08882,52.469106,51.746107,50.816536,49.78368,7.983193,8.315565,8.441558,10.067114,16.144578,45.580004,46.130789,45.780662,42.711419,42.715514,38.440941,38.856652,38.972484,38.478819,37.605212,2.656436,3.072616,4.149294,8.185602,5.313731,61.271059,60.76013,60.453105,59.57257,57.244404,52.617532,51.658042,51.056573,50.14222,47.537772,11.409228,9.531437,9.485265,8.07122,7.605041,61.5624,61.045716,60.625463,60.026105,58.317561,55.132925,54.463047,54.141247,53.22839,51.094006,8.420508,7.519754,7.343752,8.023461,5.320175,95.356456,95.285423,95.214389,95.001289,94.57509,101.838327,101.697769,101.557212,101.13554,100.292196,1.684135,1.686501,1.688875,1.696036,1.710542,8.337483666666666,8.59769,10.407424416666666,53.226534,52.22810633333333,51.37599975,5759.686223133592,5079.050497930432,4348.8470382870055,65.58333333333333,61.74333333333333,63.704166666666666,12,12,12
2007-06-01,2007,6,1.2246467991473532e-16,-1,11.594203,57.577495,55.670961,11.594203,2.862596125071959,11.594203014755466,5772.142857142857,342.95995184777564,5254,6278,5983,6278,5772.142857142857,5772.142857142857,21,1024,295,4.930636804278787,71.05,5.713435500669539,3.6318553092181904,12,0,0,57.577495,55.670961,11.594203,46.055031,39.604616,5.387426,61.779994,53.474105,11.915572,62.285784,56.058914,9.142039,95.498522,102.119441,1.679421,8.713693,7.983193,8.315565,9.598214,14.184397,57.192545,56.587624,56.092689,55.322789,54.057954,54.121676,53.08882,52.469106,50.71325,49.886964999999996,0.49999999999999994,0.8660254037844387,1,-2.4492935982947064e-16,1.2246467991473532e-16,-0.8660254037844387,-0.49999999999999983,6.123233995736766e-17,1,-1,8.713693,7.983193,8.315565,9.598214,14.184397,1.9455245002620192,1.1811026473368846,1.39720462449473,-0.2032527364714487,0.2074675877717258,8.713690912363248,7.983192405592332,8.31556497035999,9.598212896412782,14.184395832009123,6402.238095238095,5753.684210526316,5123.136363636364,4335.8125,2718.4545454545455,214.78335707449605,285.963877406372,183.1401481183573,43.743523330126635,130.86151432233976,5971,5417,4818,4270,2478,6688,6248,5388,4407,2964,6255,5417,4818,4369,2478,5971,6248,5388,4397,2964,6402.238095238095,5753.684210526316,5123.136363636364,4335.8125,2718.4545454545455,6402.238095238095,5753.684210526316,5123.136363636364,4335.8125,2718.4545454545455,21,19,22,16,22,717,831,570,137,486,-284,831,570,28,486,-4.540367705835335,15.340594424958454,11.830635118306354,0.6408789196612474,19.61259079903148,67.21,67.49,62.05,62.47,68.56,-0.41487627796711335,8.767123287671218,7.800555941626119,6.313818924438386,-1.748351963313266,-3.6830037259959925,-3.9424992883575483,-0.016113438607812114,9.86633837495603,26.14535418583257,12,12,12,12,12,0,0,0,0,0,0,0,0,0,0,57.192545,56.587624,56.092689,55.322789,54.057954,54.121676,53.08882,52.469106,50.71325,49.886964999999996,8.713693,7.983193,8.315565,9.598214,14.184397,45.420297,45.580004,46.130789,43.827321,41.452189,38.649659,38.440941,38.856652,39.554414,37.580021,2.7774,2.656436,3.072616,9.791994,5.401554,61.607587,61.271059,60.76013,59.753292,57.800162,53.238059,52.617532,51.658042,50.520464,47.780755,11.991069,11.409228,9.531437,8.444227,7.381686,61.84487,61.5624,61.045716,60.260336,58.744701,55.710851,55.132925,54.463047,53.31376,51.363264,9.035982,8.420508,7.519754,6.942427,6.39371,95.427489,95.356456,95.285423,95.072323,94.646123,101.978884,101.838327,101.697769,101.276097,100.432753,1.681774,1.684135,1.686501,1.693642,1.708107,9.430363,8.930354833333332,10.191574916666667,54.293819,53.0543915,51.857999416666665,5976.021720969089,5318.438890787575,4603.321064261031,68.58333333333333,63.17333333333333,63.91166666666667,12,12,12
2007-07-01,2007,7,-0.4999999999999998,-0.8660254037844388,12.989691,58.402388,56.600532,12.989691,1.6697592125273442,12.989691923524816,6572.136363636364,243.5918317995916,6201,6967,6304,6967,6572.136363636364,6572.136363636364,22,766,663,10.517131979695439,76.93,8.275862068965534,4.425139133975842,12,0,0,58.402388,56.600532,12.989691,46.390825,40.186112,7.197933,62.33123,54.040664,13.169324,62.823144,56.669684,9.783714,95.569556,102.259999,1.677074,11.594203,8.713693,7.983193,8.533917,12.790698,57.577495,57.192545,56.587624,55.707739,54.277925,55.670961,54.121676,53.08882,51.229679,50.093536,1.2246467991473532e-16,0.49999999999999994,0.8660254037844387,0.49999999999999994,-0.4999999999999998,-1,-0.8660254037844387,-0.49999999999999983,0.8660254037844387,-0.8660254037844388,11.594203,8.713693,7.983193,8.533917,12.790698,2.862596125071959,1.9455245002620192,1.1811026473368846,1.0183315011362826,0.414078106375082,11.594203014755466,8.713690912363248,7.983192405592332,8.533918958318676,12.790696993701767,5772.142857142857,6402.238095238095,5753.684210526316,4461.681818181818,3049.809523809524,342.95995184777564,214.78335707449605,285.963877406372,127.61787692491406,154.48256181447115,5254,5971,5417,4225,2849,6278,6688,6248,4647,3285,5983,6255,5417,4421,2983,6278,5971,6248,4225,3285,5772.142857142857,6402.238095238095,5753.684210526316,4461.681818181818,3049.809523809524,5772.142857142857,6402.238095238095,5753.684210526316,4461.681818181818,3049.809523809524,21,21,19,22,21,1024,717,831,422,436,295,-284,831,-196,302,4.930636804278787,-4.540367705835335,15.340594424958454,-4.4333861117394235,10.124036205162579,71.05,67.21,67.49,53.68,73.67,5.713435500669539,-0.41487627796711335,8.767123287671218,-14.070753961901715,7.453325554259038,3.6318553092181904,-3.6830037259959925,-3.9424992883575483,-14.780123829179237,28.077190542420016,12,12,12,12,12,0,0,0,0,0,0,0,0,0,0,57.577495,57.192545,56.587624,55.707739,54.277925,55.670961,54.121676,53.08882,51.229679,50.093536,11.594203,8.713693,7.983193,8.533917,12.790698,46.055031,45.420297,45.580004,45.193022,40.852264,39.604616,38.649659,38.440941,39.744784,37.487768,5.387426,2.7774,2.656436,6.168138,5.379269,61.779994,61.607587,61.271059,60.259249,58.264864,53.474105,53.238059,52.617532,50.851016,47.752043,11.915572,11.991069,11.409228,8.709328,6.188866,62.285784,61.84487,61.5624,60.701249,59.151165,56.058914,55.710851,55.132925,54.187223,51.619391,9.142039,9.035982,8.420508,7.715413,6.115819,95.498522,95.427489,95.356456,95.143356,94.717156,102.119441,101.978884,101.838327,101.416655,100.57331,1.679421,1.681774,1.684135,1.691255,1.705679,11.099195666666667,9.672983833333333,10.208157666666667,55.46438966666667,53.94953366666667,52.400249083333335,6248.839105339105,5670.1813150299995,4896.848300913268,71.73,67.04833333333333,64.18333333333334,12,12,12
2007-08-01,2007,8,-0.8660254037844384,-0.5000000000000004,12.653061,58.567366,57.013674,12.653061,0.729926001402248,12.653059530865107,7195.090909090909,215.9201592059323,6917,7702,6993,7702,7195.090909090909,7195.090909090909,22,785,709,10.138710138710149,70.76,-8.020278174964258,-3.372934589649046,12,0,0,58.567366,57.013674,12.653061,46.231118,40.4829,6.925174,62.704314,54.703767,13.539398,63.222721,57.470908,10.772167,95.640589,102.400556,1.674733,12.989691,11.594203,8.713693,8.441558,12.903226,58.402388,57.577495,57.192545,56.037696,54.607882,56.600532,55.670961,54.121676,51.746107,50.609965,-0.4999999999999998,1.2246467991473532e-16,0.49999999999999994,0.8660254037844386,-0.8660254037844384,-0.8660254037844388,-1,-0.8660254037844387,0.5000000000000001,-0.5000000000000004,12.989691,11.594203,8.713693,8.441558,12.903226,1.6697592125273442,2.862596125071959,1.9455245002620192,1.0080640950336672,1.0309294197159424,12.989691923524816,11.594203014755466,8.713690912363248,8.441558291869388,12.903225806451623,6572.136363636364,5772.142857142857,6402.238095238095,4397.75,3686.7272727272725,243.5918317995916,342.95995184777564,214.78335707449605,147.44771597881203,122.74137805746638,6201,5254,5971,4219,3337,6967,6278,6688,4765,3847,6304,5983,6255,4219,3337,6967,6278,5971,4765,3847,6572.136363636364,5772.142857142857,6402.238095238095,4397.75,3686.7272727272725,6572.136363636364,5772.142857142857,6402.238095238095,4397.75,3686.7272727272725,22,21,21,20,22,766,1024,717,546,510,663,295,-284,546,510,10.517131979695439,4.930636804278787,-4.540367705835335,12.941455321166151,15.283188492658084,76.93,71.05,67.21,57.56,73.23,8.275862068965534,5.713435500669539,-0.41487627796711335,7.2280178837556,-0.597258042622506,4.425139133975842,3.6318553092181904,-3.6830037259959925,-4.401262248795879,14.457643013441723,12,12,12,12,12,0,0,0,0,0,0,0,0,0,0,58.402388,57.577495,57.192545,56.037696,54.607882,56.600532,55.670961,54.121676,51.746107,50.609965,12.989691,11.594203,8.713693,8.441558,12.903226,46.390825,46.055031,45.420297,45.780662,41.143013,40.186112,39.604616,38.649659,38.972484,37.860962,7.197933,5.387426,2.7774,4.149294,6.407917,62.33123,61.779994,61.607587,60.453105,58.764645,54.040664,53.474105,53.238059,51.056573,48.180427,13.169324,11.915572,11.991069,9.485265,6.598681,62.823144,62.285784,61.84487,60.625463,59.557629,56.669684,56.058914,55.710851,54.141247,51.882083,9.783714,9.142039,9.035982,7.343752,6.526437,95.569556,95.498522,95.427489,95.214389,94.788189,102.259999,102.119441,101.978884,101.557212,100.713868,1.677074,1.679421,1.681774,1.688875,1.703258,12.412318333333333,10.374901,10.187310583333334,56.428389,54.8274615,52.9338915,6513.123376623376,6136.4047998784845,5189.211937276905,72.91333333333334,69.24833333333333,63.9775,12,12,12
2007-09-01,2007,9,-1,-1.8369701987210297e-16,12.627291,58.732345,57.11696,12.627291,0.18116004942954067,12.627291684125929,8574.05,486.2908459369816,7783,9474,7783,9474,8574.05,8574.05,20,1691,1691,21.726840549916492,77.17,9.058790276992656,24.548095545513227,12,0,0,58.732345,57.11696,12.627291,46.716382,40.861978,7.2724,63.010738,55.187707,13.265384,63.580961,58.521678,11.652687,95.711622,102.541114,1.672399,12.653061,12.989691,11.594203,8.315565,11.845103,58.567366,58.402388,57.577495,56.092689,54.992832,57.013674,56.600532,55.670961,52.469106,50.71325,-0.8660254037844384,-0.4999999999999998,1.2246467991473532e-16,1,-1,-0.5000000000000004,-0.8660254037844388,-1,6.123233995736766e-17,-1.8369701987210297e-16,12.653061,12.989691,11.594203,8.315565,11.845103,0.729926001402248,1.6697592125273442,2.862596125071959,1.39720462449473,0.20408036243455552,12.653059530865107,12.989691923524816,11.594203014755466,8.31556497035999,11.84510161648491,7195.090909090909,6572.136363636364,5772.142857142857,5123.136363636364,4039.1428571428573,215.9201592059323,243.5918317995916,342.95995184777564,183.1401481183573,153.33078155226553,6917,6201,5254,4818,3875,7702,6967,6278,5388,4279,6993,6304,5983,4818,3875,7702,6967,6278,5388,3944,7195.090909090909,6572.136363636364,5772.142857142857,5123.136363636364,4039.1428571428573,7195.090909090909,6572.136363636364,5772.142857142857,5123.136363636364,4039.1428571428573,22,22,21,22,21,785,766,1024,570,404,709,663,295,570,69,10.138710138710149,10.517131979695439,4.930636804278787,11.830635118306354,1.7806451612903285,70.76,76.93,71.05,62.05,61.96,-8.020278174964258,8.275862068965534,5.713435500669539,7.800555941626119,-15.389867540625435,-3.372934589649046,4.425139133975842,3.6318553092181904,-0.016113438607812114,-1.5100937847718932,12,12,12,12,12,0,0,0,0,0,0,0,0,0,0,58.567366,58.402388,57.577495,56.092689,54.992832,57.013674,56.600532,55.670961,52.469106,50.71325,12.653061,12.989691,11.594203,8.315565,11.845103,46.231118,46.390825,46.055031,46.130789,41.814602,40.4829,40.186112,39.604616,38.856652,38.09179,6.925174,7.197933,5.387426,3.072616,7.727316,62.704314,62.33123,61.779994,60.76013,59.089283,54.703767,54.040664,53.474105,51.658042,48.724248,13.539398,13.169324,11.915572,9.531437,6.592764,63.222721,62.823144,62.285784,61.045716,59.709202,57.470908,56.669684,56.058914,54.463047,52.414034,10.772167,9.783714,9.142039,7.519754,7.242665,95.640589,95.569556,95.498522,95.285423,94.859223,102.400556,102.259999,102.119441,101.697769,100.854425,1.674733,1.677074,1.679421,1.686501,1.700844,12.756681,11.093522,10.252492916666666,56.91038866666667,55.60210383333333,53.467534,7447.092424242424,6711.557072605757,5567.120865848333,74.95333333333333,71.76833333333333,65.245,12,12,12
2007-10-01,2007,10,-0.8660254037844386,0.5000000000000001,12.955466,59.337266,57.633388,12.955466,0.9041587647521832,12.95546545215287,10425.91304347826,585.3540430638755,9513,11033,9537,10656,10425.91304347826,10425.91304347826,23,1520,1119,11.733249449512417,82.34,6.699494622262536,42.432105172115556,12,0,0,59.337266,57.633388,12.955466,47.091079,41.011553,7.096731,63.533796,55.852146,13.124557,64.166545,59.480511,12.133226,95.782656,102.681671,1.670071,12.627291,12.653061,12.989691,7.983193,11.512415,58.732345,58.567366,58.402388,56.587624,55.322789,57.11696,57.013674,56.600532,53.08882,51.023107,-1,-0.8660254037844384,-0.4999999999999998,0.8660254037844387,-0.8660254037844386,-1.8369701987210297e-16,-0.5000000000000004,-0.8660254037844388,-0.49999999999999983,0.5000000000000001,12.627291,12.653061,12.989691,7.983193,11.512415,0.18116004942954067,0.729926001402248,1.6697592125273442,1.1811026473368846,0.6109981119332808,12.627291684125929,12.653059530865107,12.989691923524816,7.983192405592332,11.512416015905757,8574.05,7195.090909090909,6572.136363636364,5753.684210526316,4027.6363636363635,486.2908459369816,215.9201592059323,243.5918317995916,285.963877406372,77.71593294663737,7783,6917,6201,5417,3931,9474,7702,6967,6248,4182,7783,6993,6304,5417,3956,9474,7702,6967,6248,4037,8574.05,7195.090909090909,6572.136363636364,5753.684210526316,4027.6363636363635,8574.05,7195.090909090909,6572.136363636364,5753.684210526316,4027.6363636363635,20,22,22,19,22,1691,785,766,831,251,1691,709,663,831,81,21.726840549916492,10.138710138710149,10.517131979695439,15.340594424958454,2.0475227502527726,77.17,70.76,76.93,67.49,57.81,9.058790276992656,-8.020278174964258,8.275862068965534,8.767123287671218,-6.697869593285988,24.548095545513227,-3.372934589649046,4.425139133975842,-3.9424992883575483,-1.2470105910488472,12,12,12,12,12,0,0,0,0,0,0,0,0,0,0,58.732345,58.567366,58.402388,56.587624,55.322789,57.11696,57.013674,56.600532,53.08882,51.023107,12.627291,12.653061,12.989691,7.983193,11.512415,46.716382,46.231118,46.390825,45.580004,42.596757,40.861978,40.4829,40.186112,38.440941,38.293935,7.2724,6.925174,7.197933,2.656436,8.431246,63.010738,62.704314,62.33123,61.271059,59.282643,55.187707,54.703767,54.040664,52.617532,49.372256,13.265384,13.539398,13.169324,11.409228,7.211866,63.580961,63.222721,62.823144,61.5624,60.026105,58.521678,57.470908,56.669684,55.132925,53.044502,11.652687,10.772167,9.783714,8.420508,8.343396,95.711622,95.640589,95.569556,95.356456,94.930256,102.541114,102.400556,102.259999,101.838327,100.994983,1.672399,1.674733,1.677074,1.684135,1.698437,12.745272666666667,11.922234166666666,10.372747166666667,57.254674,56.359531833333335,54.01839075,8731.68465085639,7490.261878097747,6100.310589168491,76.75666666666667,74.24333333333334,67.28916666666666,12,12,12
2007-11-01,2007,11,-0.5000000000000004,0.8660254037844384,15.04065,59.502244,58.459673,15.04065,1.4336915261688343,15.040649366576275,10542.681818181818,362.8065713642853,9897,11039,10581,10210,10542.681818181818,10542.681818181818,22,1142,-371,-3.5062848502031896,92.41,12.229778965265957,57.26684819605175,12,0,0,59.502244,58.459673,15.04065,47.764716,41.550114,7.98178,62.668189,56.849359,13.376231,64.366342,60.058437,12.831588,95.853689,102.822228,1.66775,12.955466,12.627291,12.653061,8.713693,10.067114,59.337266,58.732345,58.567366,57.192545,55.267796,57.633388,57.11696,57.013674,54.121676,50.816536,-0.8660254037844386,-1,-0.8660254037844384,0.49999999999999994,-0.5000000000000004,0.5000000000000001,-1.8369701987210297e-16,-0.5000000000000004,-0.8660254037844387,0.8660254037844384,12.955466,12.627291,12.653061,8.713693,10.067114,0.9041587647521832,0.18116004942954067,0.729926001402248,1.9455245002620192,-0.4048577441589485,12.95546545215287,12.627291684125929,12.653059530865107,8.713690912363248,10.067114326547166,10425.91304347826,8574.05,7195.090909090909,6402.238095238095,4190.090909090909,585.3540430638755,486.2908459369816,215.9201592059323,214.78335707449605,61.759833680775536,9513,7783,6917,5971,4100,11033,9474,7702,6688,4336,9537,7783,6993,6255,4100,10656,9474,7702,5971,4336,10425.91304347826,8574.05,7195.090909090909,6402.238095238095,4190.090909090909,10425.91304347826,8574.05,7195.090909090909,6402.238095238095,4190.090909090909,23,20,22,21,22,1520,1691,785,717,236,1119,1691,709,-284,236,11.733249449512417,21.726840549916492,10.138710138710149,-4.540367705835335,5.756097560975615,82.34,77.17,70.76,67.21,58.76,6.699494622262536,9.058790276992656,-8.020278174964258,-0.41487627796711335,1.6433143054834787,42.432105172115556,24.548095545513227,-3.372934589649046,-3.6830037259959925,6.372194062273717,12,12,12,12,12,0,0,0,0,0,0,0,0,0,0,59.337266,58.732345,58.567366,57.192545,55.267796,57.633388,57.11696,57.013674,54.121676,50.816536,12.955466,12.627291,12.653061,8.713693,10.067114,47.091079,46.716382,46.231118,45.420297,42.711419,41.011553,40.861978,40.4829,38.649659,38.478819,7.096731,7.2724,6.925174,2.7774,8.185602,63.533796,63.010738,62.704314,61.607587,59.57257,55.852146,55.187707,54.703767,53.238059,50.14222,13.124557,13.265384,13.539398,11.991069,8.07122,64.166545,63.580961,63.222721,61.84487,60.026105,59.480511,58.521678,57.470908,55.710851,53.22839,12.133226,11.652687,10.772167,9.035982,8.023461,95.782656,95.711622,95.640589,95.427489,95.001289,102.681671,102.541114,102.400556,101.978884,101.13554,1.670071,1.672399,1.674733,1.681774,1.696036,13.541135666666666,12.976727,10.7872085,57.73667366666667,57.082531333333336,54.65531883333333,9847.548287220026,8180.335831921701,6629.693164926067,83.97333333333333,78.44333333333333,70.09333333333333,12,12,12
2007-12-01,2007,12,-2.4492935982947064e-16,1,15.478615,59.832201,58.562959,15.478615,0.17667905874190204,15.478615549190788,9854.125,350.6011741756341,9143,10285,10270,9143,9854.125,9854.125,16,1142,-1127,-10.973709834469325,90.93,-1.601558272914172,45.557867776532746,12,0,0,59.832201,58.562959,15.478615,49.101751,42.511485,7.475957,63.053408,57.114041,13.051299,64.821029,60.307998,13.119011,95.924722,102.962786,1.665436,15.04065,12.955466,12.627291,11.594203,9.598214,59.502244,59.337266,58.732345,57.577495,55.322789,58.459673,57.633388,57.11696,55.670961,50.71325,-0.5000000000000004,-0.8660254037844386,-1,1.2246467991473532e-16,-2.4492935982947064e-16,0.8660254037844384,0.5000000000000001,-1.8369701987210297e-16,-1,1,15.04065,12.955466,12.627291,11.594203,9.598214,1.4336915261688343,0.9041587647521832,0.18116004942954067,2.862596125071959,-0.2032527364714487,15.040649366576275,12.95546545215287,12.627291684125929,11.594203014755466,9.598212896412782,10542.681818181818,10425.91304347826,8574.05,5772.142857142857,4335.8125,362.8065713642853,585.3540430638755,486.2908459369816,342.95995184777564,43.743523330126635,9897,9513,7783,5254,4270,11039,11033,9474,6278,4407,10581,9537,7783,5983,4369,10210,10656,9474,6278,4397,10542.681818181818,10425.91304347826,8574.05,5772.142857142857,4335.8125,10542.681818181818,10425.91304347826,8574.05,5772.142857142857,4335.8125,22,23,20,21,16,1142,1520,1691,1024,137,-371,1119,1691,295,28,-3.5062848502031896,11.733249449512417,21.726840549916492,4.930636804278787,0.6408789196612474,92.41,82.34,77.17,71.05,62.47,12.229778965265957,6.699494622262536,9.058790276992656,5.713435500669539,6.313818924438386,57.26684819605175,42.432105172115556,24.548095545513227,3.6318553092181904,9.86633837495603,12,12,12,12,12,0,0,0,0,0,0,0,0,0,0,59.502244,59.337266,58.732345,57.577495,55.322789,58.459673,57.633388,57.11696,55.670961,50.71325,15.04065,12.955466,12.627291,11.594203,9.598214,47.764716,47.091079,46.716382,46.055031,43.827321,41.550114,41.011553,40.861978,39.604616,39.554414,7.98178,7.096731,7.2724,5.387426,9.791994,62.668189,63.533796,63.010738,61.779994,59.753292,56.849359,55.852146,55.187707,53.474105,50.520464,13.376231,13.124557,13.265384,11.915572,8.444227,64.366342,64.166545,63.580961,62.285784,60.260336,60.058437,59.480511,58.521678,56.058914,53.31376,12.831588,12.133226,11.652687,9.142039,6.942427,95.853689,95.782656,95.711622,95.498522,95.072323,102.822228,102.681671,102.541114,102.119441,101.276097,1.66775,1.670071,1.672399,1.679421,1.693642,14.491577,13.624129,11.277241916666666,58.218673333333335,57.564531,55.30946125,10274.239953886692,8860.66618906456,7089.552539926067,88.56,81.75666666666667,72.465,12,12,12
2008-01-01,2008,1,0.49999999999999994,0.8660254037844387,18.145161,60.38213,60.525386,18.145161,3.350969680340099,18.1451595665864,7169.818181818182,1210.8881288566918,5615,8891,8891,6052,7169.818181818182,7169.818181818182,22,3276,-2839,-31.931166347992356,92.18,1.374683822720768,71.72131147540985,12,0,0,60.38213,60.525386,18.145161,54.799395,43.96966,10.630013,64.043297,58.497851,15.037723,65.723517,61.339071,13.198402,95.995755,103.103343,1.663128,15.478615,15.04065,12.955466,12.989691,8.533917,59.832201,59.502244,59.337266,58.402388,55.707739,58.562959,58.459673,57.633388,56.600532,51.229679,-2.4492935982947064e-16,-0.5000000000000004,-0.8660254037844386,-0.4999999999999998,0.49999999999999994,1,0.8660254037844384,0.5000000000000001,-0.8660254037844388,0.8660254037844387,15.478615,15.04065,12.955466,12.989691,8.533917,0.17667905874190204,1.4336915261688343,0.9041587647521832,1.6697592125273442,1.0183315011362826,15.478615549190788,15.040649366576275,12.95546545215287,12.989691923524816,8.533918958318676,9854.125,10542.681818181818,10425.91304347826,6572.136363636364,4461.681818181818,350.6011741756341,362.8065713642853,585.3540430638755,243.5918317995916,127.61787692491406,9143,9897,9513,6201,4225,10285,11039,11033,6967,4647,10270,10581,9537,6304,4421,9143,10210,10656,6967,4225,9854.125,10542.681818181818,10425.91304347826,6572.136363636364,4461.681818181818,9854.125,10542.681818181818,10425.91304347826,6572.136363636364,4461.681818181818,16,22,23,22,22,1142,1142,1520,766,422,-1127,-371,1119,663,-196,-10.973709834469325,-3.5062848502031896,11.733249449512417,10.517131979695439,-4.4333861117394235,90.93,92.41,82.34,76.93,53.68,-1.601558272914172,12.229778965265957,6.699494622262536,8.275862068965534,-14.070753961901715,45.557867776532746,57.26684819605175,42.432105172115556,4.425139133975842,-14.780123829179237,12,12,12,12,12,0,0,0,0,0,0,0,0,0,0,59.832201,59.502244,59.337266,58.402388,55.707739,58.562959,58.459673,57.633388,56.600532,51.229679,15.478615,15.04065,12.955466,12.989691,8.533917,49.101751,47.764716,47.091079,46.390825,45.193022,42.511485,41.550114,41.011553,40.186112,39.744784,7.475957,7.98178,7.096731,7.197933,6.168138,63.053408,62.668189,63.533796,62.33123,60.259249,57.114041,56.849359,55.852146,54.040664,50.851016,13.051299,13.376231,13.124557,13.169324,8.709328,64.821029,64.366342,64.166545,62.823144,60.701249,60.307998,60.058437,59.480511,56.669684,54.187223,13.119011,12.831588,12.133226,9.783714,7.715413,95.924722,95.853689,95.782656,95.569556,95.143356,102.962786,102.822228,102.681671,102.259999,101.416655,1.665436,1.66775,1.670071,1.677074,1.691255,16.221475333333334,14.483374,12.078178916666667,59.18267266666667,58.218673333333335,56.0841035,9188.875,8960.279825428195,7315.230570229097,91.84,84.29833333333333,75.67333333333333,12,12,12
2008-02-01,2008,2,0.8660254037844386,0.5000000000000001,18.363273,61.097036,61.248386000000004,18.363273,1.1945400893436764,18.363273202368635,6874.238095238095,539.6605326278645,6002,7613,6134,7613,6874.238095238095,6874.238095238095,21,1611,1479,24.111509618519733,94.99,3.0483835973095896,65.02779708130643,12,0,0,61.097036,61.248386000000004,18.363273,54.642718,44.763908,14.860290000000001,64.202912,58.79827,15.162978,65.88075,61.483059,13.560477,96.066789,103.2439,1.660826,18.145161,15.478615,15.04065,12.653061,8.441558,60.38213,59.832201,59.502244,58.567366,56.037696,60.525386,58.562959,58.459673,57.013674,51.746107,0.49999999999999994,-2.4492935982947064e-16,-0.5000000000000004,-0.8660254037844384,0.8660254037844386,0.8660254037844387,1,0.8660254037844384,-0.5000000000000004,0.5000000000000001,18.145161,15.478615,15.04065,12.653061,8.441558,3.350969680340099,0.17667905874190204,1.4336915261688343,0.729926001402248,1.0080640950336672,18.1451595665864,15.478615549190788,15.040649366576275,12.653059530865107,8.441558291869388,7169.818181818182,9854.125,10542.681818181818,7195.090909090909,4397.75,1210.8881288566918,350.6011741756341,362.8065713642853,215.9201592059323,147.44771597881203,5615,9143,9897,6917,4219,8891,10285,11039,7702,4765,8891,10270,10581,6993,4219,6052,9143,10210,7702,4765,7169.818181818182,9854.125,10542.681818181818,7195.090909090909,4397.75,7169.818181818182,9854.125,10542.681818181818,7195.090909090909,4397.75,22,16,22,22,20,3276,1142,1142,785,546,-2839,-1127,-371,709,546,-31.931166347992356,-10.973709834469325,-3.5062848502031896,10.138710138710149,12.941455321166151,92.18,90.93,92.41,70.76,57.56,1.374683822720768,-1.601558272914172,12.229778965265957,-8.020278174964258,7.2280178837556,71.72131147540985,45.557867776532746,57.26684819605175,-3.372934589649046,-4.401262248795879,12,12,12,12,12,0,0,0,0,0,0,0,0,0,0,60.38213,59.832201,59.502244,58.567366,56.037696,60.525386,58.562959,58.459673,57.013674,51.746107,18.145161,15.478615,15.04065,12.653061,8.441558,54.799395,49.101751,47.764716,46.231118,45.780662,43.96966,42.511485,41.550114,40.4829,38.972484,10.630013,7.475957,7.98178,6.925174,4.149294,64.043297,63.053408,62.668189,62.704314,60.453105,58.497851,57.114041,56.849359,54.703767,51.056573,15.037723,13.051299,13.376231,13.539398,9.485265,65.723517,64.821029,64.366342,63.222721,60.625463,61.339071,60.307998,60.058437,57.470908,54.141247,13.198402,13.119011,12.831588,10.772167,7.343752,95.995755,95.924722,95.853689,95.640589,95.214389,103.103343,102.962786,102.822228,102.400556,101.557212,1.663128,1.665436,1.66775,1.674733,1.688875,17.329016333333335,15.435076,12.9049885,60.112243666666664,58.924458666666666,56.87596008333333,7966.060425685426,8906.804356452725,7521.604578165605,92.7,88.33666666666667,78.7925,12,12,12
2008-03-01,2008,3,1,6.123233995736766e-17,17.913386,61.646965,61.8681,17.913386,1.0118046212678866,17.913386974803803,8062.578947368421,305.4932833939732,7619,8624,7878,8081,8062.578947368421,8062.578947368421,19,1005,203,2.576796141152582,103.64,9.10622170754818,67.02659145850123,12,0,0,61.646965,61.8681,17.913386,55.213023,45.427847,16.911379,64.935161,59.561777,15.300107,66.82415,62.490978,14.740143,96.137822,103.384458,1.65853,18.363273,18.145161,15.478615,12.627291,8.315565,61.097036,60.38213,59.832201,58.732345,56.092689,61.248386000000004,60.525386,58.562959,57.11696,52.469106,0.8660254037844386,0.49999999999999994,-2.4492935982947064e-16,-1,1,0.5000000000000001,0.8660254037844387,1,-1.8369701987210297e-16,6.123233995736766e-17,18.363273,18.145161,15.478615,12.627291,8.315565,1.1945400893436764,3.350969680340099,0.17667905874190204,0.18116004942954067,1.39720462449473,18.363273202368635,18.1451595665864,15.478615549190788,12.627291684125929,8.31556497035999,6874.238095238095,7169.818181818182,9854.125,8574.05,5123.136363636364,539.6605326278645,1210.8881288566918,350.6011741756341,486.2908459369816,183.1401481183573,6002,5615,9143,7783,4818,7613,8891,10285,9474,5388,6134,8891,10270,7783,4818,7613,6052,9143,9474,5388,6874.238095238095,7169.818181818182,9854.125,8574.05,5123.136363636364,6874.238095238095,7169.818181818182,9854.125,8574.05,5123.136363636364,21,22,16,20,22,1611,3276,1142,1691,570,1479,-2839,-1127,1691,570,24.111509618519733,-31.931166347992356,-10.973709834469325,21.726840549916492,11.830635118306354,94.99,92.18,90.93,77.17,62.05,3.0483835973095896,1.374683822720768,-1.601558272914172,9.058790276992656,7.800555941626119,65.02779708130643,71.72131147540985,45.557867776532746,24.548095545513227,-0.016113438607812114,12,12,12,12,12,0,0,0,0,0,0,0,0,0,0,61.097036,60.38213,59.832201,58.732345,56.092689,61.248386000000004,60.525386,58.562959,57.11696,52.469106,18.363273,18.145161,15.478615,12.627291,8.315565,54.642718,54.799395,49.101751,46.716382,46.130789,44.763908,43.96966,42.511485,40.861978,38.856652,14.860290000000001,10.630013,7.475957,7.2724,3.072616,64.202912,64.043297,63.053408,63.010738,60.76013,58.79827,58.497851,57.114041,55.187707,51.658042,15.162978,15.037723,13.051299,13.265384,9.531437,65.88075,65.723517,64.821029,63.580961,61.045716,61.483059,61.339071,60.307998,58.521678,54.463047,13.560477,13.198402,13.119011,11.652687,7.519754,96.066789,95.995755,95.924722,95.711622,95.285423,103.2439,103.103343,102.962786,102.541114,101.697769,1.660826,1.663128,1.665436,1.672399,1.686501,18.140606666666667,16.31609183333333,13.704806916666666,61.21395733333333,59.716315333333334,57.659209583333336,7368.878408141566,8821.559181014129,7766.558126809943,96.93666666666667,92.74833333333333,82.25833333333334,12,12,12
2008-04-01,2008,4,0.8660254037844387,-0.49999999999999983,18.48249,62.9118,62.900956,18.48249,1.6694483910125069,18.482490287032192,8286.863636363636,630.9088905210706,7655,9356,7890,9356,8286.863636363636,8286.863636363636,22,1701,1466,18.58048162230672,109.07,5.2392898494789675,61.609127278115274,12,0,0,62.9118,62.900956,18.48249,56.773527,47.224924,22.850591,65.968127,61.211054,16.33205,67.29585,63.21092,14.651854,96.208855,103.525015,1.656241,17.913386,18.363273,18.145161,12.955466,7.983193,61.646965,61.097036,60.38213,59.337266,56.587624,61.8681,61.248386000000004,60.525386,57.633388,53.08882,1,0.8660254037844386,0.49999999999999994,-0.8660254037844386,0.8660254037844387,6.123233995736766e-17,0.5000000000000001,0.8660254037844387,0.5000000000000001,-0.49999999999999983,17.913386,18.363273,18.145161,12.955466,7.983193,1.0118046212678866,1.1945400893436764,3.350969680340099,0.9041587647521832,1.1811026473368846,17.913386974803803,18.363273202368635,18.1451595665864,12.95546545215287,7.983192405592332,8062.578947368421,6874.238095238095,7169.818181818182,10425.91304347826,5753.684210526316,305.4932833939732,539.6605326278645,1210.8881288566918,585.3540430638755,285.963877406372,7619,6002,5615,9513,5417,8624,7613,8891,11033,6248,7878,6134,8891,9537,5417,8081,7613,6052,10656,6248,8062.578947368421,6874.238095238095,7169.818181818182,10425.91304347826,5753.684210526316,8062.578947368421,6874.238095238095,7169.818181818182,10425.91304347826,5753.684210526316,19,21,22,23,19,1005,1611,3276,1520,831,203,1479,-2839,1119,831,2.576796141152582,24.111509618519733,-31.931166347992356,11.733249449512417,15.340594424958454,103.64,94.99,92.18,82.34,67.49,9.10622170754818,3.0483835973095896,1.374683822720768,6.699494622262536,8.767123287671218,67.02659145850123,65.02779708130643,71.72131147540985,42.432105172115556,-3.9424992883575483,12,12,12,12,12,0,0,0,0,0,0,0,0,0,0,61.646965,61.097036,60.38213,59.337266,56.587624,61.8681,61.248386000000004,60.525386,57.633388,53.08882,17.913386,18.363273,18.145161,12.955466,7.983193,55.213023,54.642718,54.799395,47.091079,45.580004,45.427847,44.763908,43.96966,41.011553,38.440941,16.911379,14.860290000000001,10.630013,7.096731,2.656436,64.935161,64.202912,64.043297,63.533796,61.271059,59.561777,58.79827,58.497851,55.852146,52.617532,15.300107,15.162978,15.037723,13.124557,11.409228,66.82415,65.88075,65.723517,64.166545,61.5624,62.490978,61.483059,61.339071,59.480511,55.132925,14.740143,13.560477,13.198402,12.133226,8.420508,96.137822,96.066789,95.995755,95.782656,95.356456,103.384458,103.2439,103.103343,102.681671,101.838327,1.65853,1.660826,1.663128,1.670071,1.684135,18.253049666666666,17.2372625,14.579748333333333,62.005814,60.59424333333333,58.47688758333334,7741.226892990051,8465.050946495025,7977.656412296386,102.56666666666666,97.20333333333333,85.72333333333333,12,12,12
2008-05-01,2008,5,0.49999999999999994,-0.8660254037844387,18.51145,64.121642,64.140384,18.51145,1.9704438196455953,18.511451862651107,10843.65,775.8461781211937,9439,11793,9439,11440,10843.65,10843.65,20,2354,2001,21.19927958470178,122.8,12.588246080498777,82.71090611516145,12,0,0,64.121642,64.140384,18.51145,58.227491,48.488806,25.457266,66.559915,61.733528,15.957511,67.767549,64.362828,15.530146,96.279889,103.665572,1.653958,18.48249,17.913386,18.363273,15.04065,8.713693,62.9118,61.646965,61.097036,59.502244,57.192545,62.900956,61.8681,61.248386000000004,58.459673,54.121676,0.8660254037844387,1,0.8660254037844386,-0.5000000000000004,0.49999999999999994,-0.49999999999999983,6.123233995736766e-17,0.5000000000000001,0.8660254037844384,-0.8660254037844387,18.48249,17.913386,18.363273,15.04065,8.713693,1.6694483910125069,1.0118046212678866,1.1945400893436764,1.4336915261688343,1.9455245002620192,18.482490287032192,17.913386974803803,18.363273202368635,15.040649366576275,8.713690912363248,8286.863636363636,8062.578947368421,6874.238095238095,10542.681818181818,6402.238095238095,630.9088905210706,305.4932833939732,539.6605326278645,362.8065713642853,214.78335707449605,7655,7619,6002,9897,5971,9356,8624,7613,11039,6688,7890,7878,6134,10581,6255,9356,8081,7613,10210,5971,8286.863636363636,8062.578947368421,6874.238095238095,10542.681818181818,6402.238095238095,8286.863636363636,8062.578947368421,6874.238095238095,10542.681818181818,6402.238095238095,22,19,21,22,21,1701,1005,1611,1142,717,1466,203,1479,-371,-284,18.58048162230672,2.576796141152582,24.111509618519733,-3.5062848502031896,-4.540367705835335,109.07,103.64,94.99,92.41,67.21,5.2392898494789675,9.10622170754818,3.0483835973095896,12.229778965265957,-0.41487627796711335,61.609127278115274,67.02659145850123,65.02779708130643,57.26684819605175,-3.6830037259959925,12,12,12,12,12,0,0,0,0,0,0,0,0,0,0,62.9118,61.646965,61.097036,59.502244,57.192545,62.900956,61.8681,61.248386000000004,58.459673,54.121676,18.48249,17.913386,18.363273,15.04065,8.713693,56.773527,55.213023,54.642718,47.764716,45.420297,47.224924,45.427847,44.763908,41.550114,38.649659,22.850591,16.911379,14.860290000000001,7.98178,2.7774,65.968127,64.935161,64.202912,62.668189,61.607587,61.211054,59.561777,58.79827,56.849359,53.238059,16.33205,15.300107,15.162978,13.376231,11.991069,67.29585,66.82415,65.88075,64.366342,61.84487,63.21092,62.490978,61.483059,60.058437,55.710851,14.651854,14.740143,13.560477,12.831588,9.035982,96.208855,96.137822,96.066789,95.853689,95.427489,103.525015,103.384458,103.2439,102.822228,101.978884,1.656241,1.65853,1.660826,1.66775,1.681774,18.302442,17.815729166666667,15.396228083333334,62.969813333333335,61.541028499999996,59.311779916666666,9064.364194577352,8515.212310131388,8347.774071026544,111.83666666666666,102.26833333333333,90.35583333333334,12,12,12
2008-06-01,2008,6,1.2246467991473532e-16,-1,18.181818,65.881413,65.792954,18.181818,2.5764890961675446,18.181818345115317,10245.095238095239,1026.1430653062907,9139,11689,11458,9589,10245.095238095239,10245.095238095239,21,2550,-1869,-16.31174725082911,132.32,7.75244299674267,86.2350457424349,12,0,0,65.881413,65.792954,18.181818,58.891802,48.634982,22.801297,67.168789,62.456171,16.797039,68.710949,65.514735,16.867649,96.350922,103.80613,1.651682,18.51145,18.48249,17.913386,15.478615,11.594203,64.121642,62.9118,61.646965,59.832201,57.577495,64.140384,62.900956,61.8681,58.562959,55.670961,0.49999999999999994,0.8660254037844387,1,-2.4492935982947064e-16,1.2246467991473532e-16,-0.8660254037844387,-0.49999999999999983,6.123233995736766e-17,1,-1,18.51145,18.48249,17.913386,15.478615,11.594203,1.9704438196455953,1.6694483910125069,1.0118046212678866,0.17667905874190204,2.862596125071959,18.511451862651107,18.482490287032192,17.913386974803803,15.478615549190788,11.594203014755466,10843.65,8286.863636363636,8062.578947368421,9854.125,5772.142857142857,775.8461781211937,630.9088905210706,305.4932833939732,350.6011741756341,342.95995184777564,9439,7655,7619,9143,5254,11793,9356,8624,10285,6278,9439,7890,7878,10270,5983,11440,9356,8081,9143,6278,10843.65,8286.863636363636,8062.578947368421,9854.125,5772.142857142857,10843.65,8286.863636363636,8062.578947368421,9854.125,5772.142857142857,20,22,19,16,21,2354,1701,1005,1142,1024,2001,1466,203,-1127,295,21.19927958470178,18.58048162230672,2.576796141152582,-10.973709834469325,4.930636804278787,122.8,109.07,103.64,90.93,71.05,12.588246080498777,5.2392898494789675,9.10622170754818,-1.601558272914172,5.713435500669539,82.71090611516145,61.609127278115274,67.02659145850123,45.557867776532746,3.6318553092181904,12,12,12,12,12,0,0,0,0,0,0,0,0,0,0,64.121642,62.9118,61.646965,59.832201,57.577495,64.140384,62.900956,61.8681,58.562959,55.670961,18.51145,18.48249,17.913386,15.478615,11.594203,58.227491,56.773527,55.213023,49.101751,46.055031,48.488806,47.224924,45.427847,42.511485,39.604616,25.457266,22.850591,16.911379,7.475957,5.387426,66.559915,65.968127,64.935161,63.053408,61.779994,61.733528,61.211054,59.561777,57.114041,53.474105,15.957511,16.33205,15.300107,13.051299,11.915572,67.767549,67.29585,66.82415,64.821029,62.285784,64.362828,63.21092,62.490978,60.307998,56.058914,15.530146,14.651854,14.740143,13.119011,9.142039,96.279889,96.208855,96.137822,95.924722,95.498522,103.665572,103.525015,103.384458,102.962786,102.119441,1.653958,1.656241,1.65853,1.665436,1.679421,18.391919333333334,18.266263,15.945196,64.278098,62.74602766666666,60.15527933333333,9791.869624819625,8580.374016480595,8720.520102772576,121.39666666666666,109.16666666666666,95.46166666666667,12,12,12
2008-07-01,2008,7,-0.4999999999999998,-0.8660254037844388,18.430657,67.146248,67.032382,18.430657,1.883830903838124,18.43065715354053,8935.739130434782,300.91273537073897,8341,9379,9379,8341,8935.739130434782,8935.739130434782,23,1038,-1038,-11.067277961403132,132.72,0.30229746070133956,72.52047315741581,12,0,0,67.146248,67.032382,18.430657,59.142485,48.534819,20.775104,68.781097,63.929352,18.298604,69.811582,66.666642,17.640752,96.421955,103.946687,1.649412,18.181818,18.51145,18.48249,18.145161,12.989691,65.881413,64.121642,62.9118,60.38213,58.402388,65.792954,64.140384,62.900956,60.525386,56.600532,1.2246467991473532e-16,0.49999999999999994,0.8660254037844387,0.49999999999999994,-0.4999999999999998,-1,-0.8660254037844387,-0.49999999999999983,0.8660254037844387,-0.8660254037844388,18.181818,18.51145,18.48249,18.145161,12.989691,2.5764890961675446,1.9704438196455953,1.6694483910125069,3.350969680340099,1.6697592125273442,18.181818345115317,18.511451862651107,18.482490287032192,18.1451595665864,12.989691923524816,10245.095238095239,10843.65,8286.863636363636,7169.818181818182,6572.136363636364,1026.1430653062907,775.8461781211937,630.9088905210706,1210.8881288566918,243.5918317995916,9139,9439,7655,5615,6201,11689,11793,9356,8891,6967,11458,9439,7890,8891,6304,9589,11440,9356,6052,6967,10245.095238095239,10843.65,8286.863636363636,7169.818181818182,6572.136363636364,10245.095238095239,10843.65,8286.863636363636,7169.818181818182,6572.136363636364,21,20,22,22,22,2550,2354,1701,3276,766,-1869,2001,1466,-2839,663,-16.31174725082911,21.19927958470178,18.58048162230672,-31.931166347992356,10.517131979695439,132.32,122.8,109.07,92.18,76.93,7.75244299674267,12.588246080498777,5.2392898494789675,1.374683822720768,8.275862068965534,86.2350457424349,82.71090611516145,61.609127278115274,71.72131147540985,4.425139133975842,12,12,12,12,12,0,0,0,0,0,0,0,0,0,0,65.881413,64.121642,62.9118,60.38213,58.402388,65.792954,64.140384,62.900956,60.525386,56.600532,18.181818,18.51145,18.48249,18.145161,12.989691,58.891802,58.227491,56.773527,54.799395,46.390825,48.634982,48.488806,47.224924,43.96966,40.186112,22.801297,25.457266,22.850591,10.630013,7.197933,67.168789,66.559915,65.968127,64.043297,62.33123,62.456171,61.733528,61.211054,58.497851,54.040664,16.797039,15.957511,16.33205,15.037723,13.169324,68.710949,67.767549,67.29585,65.723517,62.823144,65.514735,64.362828,63.21092,61.339071,56.669684,16.867649,15.530146,14.651854,13.198402,9.783714,96.350922,96.279889,96.208855,95.995755,95.569556,103.80613,103.665572,103.525015,103.103343,102.259999,1.651682,1.653958,1.656241,1.663128,1.677074,18.374641666666665,18.313845666666666,16.39860983333333,65.65523999999999,63.830527,61.024600166666666,10008.161456176673,8874.694174583363,8917.487000005778,129.28,115.92333333333333,100.11083333333333,12,12,12
2008-08-01,2008,8,-0.8660254037844384,-0.5000000000000004,18.84058,67.366219,67.755381,18.84058,1.0785816920544589,18.840580243960424,7402.5,432.32121342694643,6809,8280,8280,6809,7402.5,7402.5,20,1471,-1471,-17.765700483091784,113.24,-14.67751657625076,60.03391746749573,12,0,0,67.366219,67.755381,18.84058,60.095082,49.257919,21.675866,69.258843,64.609777,18.10846,70.283282,67.386585,17.253385,96.492989,104.087245,1.647148,18.430657,18.181818,18.51145,18.363273,12.653061,67.146248,65.881413,64.121642,61.097036,58.567366,67.032382,65.792954,64.140384,61.248386000000004,57.013674,-0.4999999999999998,1.2246467991473532e-16,0.49999999999999994,0.8660254037844386,-0.8660254037844384,-0.8660254037844388,-1,-0.8660254037844387,0.5000000000000001,-0.5000000000000004,18.430657,18.181818,18.51145,18.363273,12.653061,1.883830903838124,2.5764890961675446,1.9704438196455953,1.1945400893436764,0.729926001402248,18.43065715354053,18.181818345115317,18.511451862651107,18.363273202368635,12.653059530865107,8935.739130434782,10245.095238095239,10843.65,6874.238095238095,7195.090909090909,300.91273537073897,1026.1430653062907,775.8461781211937,539.6605326278645,215.9201592059323,8341,9139,9439,6002,6917,9379,11689,11793,7613,7702,9379,11458,9439,6134,6993,8341,9589,11440,7613,7702,8935.739130434782,10245.095238095239,10843.65,6874.238095238095,7195.090909090909,8935.739130434782,10245.095238095239,10843.65,6874.238095238095,7195.090909090909,23,21,20,21,22,1038,2550,2354,1611,785,-1038,-1869,2001,1479,709,-11.067277961403132,-16.31174725082911,21.19927958470178,24.111509618519733,10.138710138710149,132.72,132.32,122.8,94.99,70.76,0.30229746070133956,7.75244299674267,12.588246080498777,3.0483835973095896,-8.020278174964258,72.52047315741581,86.2350457424349,82.71090611516145,65.02779708130643,-3.372934589649046,12,12,12,12,12,0,0,0,0,0,0,0,0,0,0,67.146248,65.881413,64.121642,61.097036,58.567366,67.032382,65.792954,64.140384,61.248386000000004,57.013674,18.430657,18.181818,18.51145,18.363273,12.653061,59.142485,58.891802,58.227491,54.642718,46.231118,48.534819,48.634982,48.488806,44.763908,40.4829,20.775104,22.801297,25.457266,14.860290000000001,6.925174,68.781097,67.168789,66.559915,64.202912,62.704314,63.929352,62.456171,61.733528,58.79827,54.703767,18.298604,16.797039,15.957511,15.162978,13.539398,69.811582,68.710949,67.767549,65.88075,63.222721,66.666642,65.514735,64.362828,61.483059,57.470908,17.640752,16.867649,15.530146,13.560477,10.772167,96.421955,96.350922,96.279889,96.066789,95.640589,103.946687,103.80613,103.665572,103.2439,102.400556,1.649412,1.651682,1.653958,1.660826,1.674733,18.484351666666665,18.393396833333334,16.914236416666668,66.86023899999999,64.91502616666666,61.919742416666665,8861.111456176674,8962.737825377013,8934.77109091487,126.09333333333333,118.965,103.65083333333334,12,12,12
2008-09-01,2008,9,-1,-1.8369701987210297e-16,20.433996,66.981269,68.788238,20.433996,1.5243911033427926,20.43399718752541,4975.090909090909,873.3387445719802,3217,6691,6691,3217,4975.090909090909,4975.090909090909,22,3474,-3474,-51.92049021073083,97.23,-14.138113740727654,25.99455747051964,12,0,0,66.981269,68.788238,20.433996,60.728058,49.907216,22.136075,69.685582,65.450194,18.595603,70.597749,68.394504,16.870374,96.564022,104.227802,1.64489,18.84058,18.430657,18.181818,17.913386,12.627291,67.366219,67.146248,65.881413,61.646965,58.732345,67.755381,67.032382,65.792954,61.8681,57.11696,-0.8660254037844384,-0.4999999999999998,1.2246467991473532e-16,1,-1,-0.5000000000000004,-0.8660254037844388,-1,6.123233995736766e-17,-1.8369701987210297e-16,18.84058,18.430657,18.181818,17.913386,12.627291,1.0785816920544589,1.883830903838124,2.5764890961675446,1.0118046212678866,0.18116004942954067,18.840580243960424,18.43065715354053,18.181818345115317,17.913386974803803,12.627291684125929,7402.5,8935.739130434782,10245.095238095239,8062.578947368421,8574.05,432.32121342694643,300.91273537073897,1026.1430653062907,305.4932833939732,486.2908459369816,6809,8341,9139,7619,7783,8280,9379,11689,8624,9474,8280,9379,11458,7878,7783,6809,8341,9589,8081,9474,7402.5,8935.739130434782,10245.095238095239,8062.578947368421,8574.05,7402.5,8935.739130434782,10245.095238095239,8062.578947368421,8574.05,20,23,21,19,20,1471,1038,2550,1005,1691,-1471,-1038,-1869,203,1691,-17.765700483091784,-11.067277961403132,-16.31174725082911,2.576796141152582,21.726840549916492,113.24,132.72,132.32,103.64,77.17,-14.67751657625076,0.30229746070133956,7.75244299674267,9.10622170754818,9.058790276992656,60.03391746749573,72.52047315741581,86.2350457424349,67.02659145850123,24.548095545513227,12,12,12,12,12,0,0,0,0,0,0,0,0,0,0,67.366219,67.146248,65.881413,61.646965,58.732345,67.755381,67.032382,65.792954,61.8681,57.11696,18.84058,18.430657,18.181818,17.913386,12.627291,60.095082,59.142485,58.891802,55.213023,46.716382,49.257919,48.534819,48.634982,45.427847,40.861978,21.675866,20.775104,22.801297,16.911379,7.2724,69.258843,68.781097,67.168789,64.935161,63.010738,64.609777,63.929352,62.456171,59.561777,55.187707,18.10846,18.298604,16.797039,15.300107,13.265384,70.283282,69.811582,68.710949,66.82415,63.580961,67.386585,66.666642,65.514735,62.490978,58.521678,17.253385,17.640752,16.867649,14.740143,11.652687,96.492989,96.421955,96.350922,96.137822,95.711622,104.087245,103.946687,103.80613,103.384458,102.541114,1.647148,1.649412,1.651682,1.65853,1.672399,19.235077666666665,18.8134985,17.564795166666666,67.858667,66.0683825,62.89234891666666,7104.443346508564,8448.156485664094,8634.857833339112,114.39666666666666,117.89666666666666,105.3225,12,12,12
2008-10-01,2008,10,-0.8660254037844386,0.5000000000000001,25.089606,67.091255,72.093378,25.089606,4.804803984076456,25.089606045717815,1807.5217391304345,808.0250260281219,851,3025,3025,851,1807.5217391304345,1807.5217391304345,23,2174,-2174,-71.86776859504131,71.58,-26.380746683122503,-13.06776779208162,12,0,0,67.091255,72.093378,25.089606,60.941139,50.307812,22.667416,70.003021,65.861058,17.920372,70.912215,68.970457,15.954715,96.635055,104.368359,1.642638,20.433996,18.84058,18.430657,18.48249,12.955466,66.981269,67.366219,67.146248,62.9118,59.337266,68.788238,67.755381,67.032382,62.900956,57.633388,-1,-0.8660254037844384,-0.4999999999999998,0.8660254037844387,-0.8660254037844386,-1.8369701987210297e-16,-0.5000000000000004,-0.8660254037844388,-0.49999999999999983,0.5000000000000001,20.433996,18.84058,18.430657,18.48249,12.955466,1.5243911033427926,1.0785816920544589,1.883830903838124,1.6694483910125069,0.9041587647521832,20.43399718752541,18.840580243960424,18.43065715354053,18.482490287032192,12.95546545215287,4975.090909090909,7402.5,8935.739130434782,8286.863636363636,10425.91304347826,873.3387445719802,432.32121342694643,300.91273537073897,630.9088905210706,585.3540430638755,3217,6809,8341,7655,9513,6691,8280,9379,9356,11033,6691,8280,9379,7890,9537,3217,6809,8341,9356,10656,4975.090909090909,7402.5,8935.739130434782,8286.863636363636,10425.91304347826,4975.090909090909,7402.5,8935.739130434782,8286.863636363636,10425.91304347826,22,20,23,22,23,3474,1471,1038,1701,1520,-3474,-1471,-1038,1466,1119,-51.92049021073083,-17.765700483091784,-11.067277961403132,18.58048162230672,11.733249449512417,97.23,113.24,132.72,109.07,82.34,-14.138113740727654,-14.67751657625076,0.30229746070133956,5.2392898494789675,6.699494622262536,25.99455747051964,60.03391746749573,72.52047315741581,61.609127278115274,42.432105172115556,12,12,12,12,12,0,0,0,0,0,0,0,0,0,0,66.981269,67.366219,67.146248,62.9118,59.337266,68.788238,67.755381,67.032382,62.900956,57.633388,20.433996,18.84058,18.430657,18.48249,12.955466,60.728058,60.095082,59.142485,56.773527,47.091079,49.907216,49.257919,48.534819,47.224924,41.011553,22.136075,21.675866,20.775104,22.850591,7.096731,69.685582,69.258843,68.781097,65.968127,63.533796,65.450194,64.609777,63.929352,61.211054,55.852146,18.595603,18.10846,18.298604,16.33205,13.124557,70.597749,70.283282,69.811582,67.29585,64.166545,68.394504,67.386585,66.666642,63.21092,59.480511,16.870374,17.253385,17.640752,14.651854,12.133226,96.564022,96.492989,96.421955,96.208855,95.782656,104.227802,104.087245,103.946687,103.525015,102.681671,1.64489,1.647148,1.649412,1.656241,1.670071,21.454727333333334,19.9146845,18.5759735,69.54566566666666,67.60045283333334,64.09734808333333,4728.370882740448,7368.26616945856,7916.6585579767925,94.01666666666667,111.64833333333333,104.42583333333333,12,12,12
2008-11-01,2008,11,-0.5000000000000004,0.8660254037844384,24.204947,69.016004,72.609806,24.204947,0.7163320880872126,24.204947229177964,818.95,39.24078839274525,715,865,827,715,818.95,818.95,20,150,-112,-13.542926239419584,52.45,-26.725342274378317,-43.242073368683045,12,0,0,69.016004,72.609806,24.204947,62.000276,51.469626,23.87361,70.345454,66.530335,17.029174,70.912215,69.402423,15.558155,96.706088,104.508917,1.640393,25.089606,20.433996,18.84058,18.51145,15.04065,67.091255,66.981269,67.366219,64.121642,59.502244,72.093378,68.788238,67.755381,64.140384,58.459673,-0.8660254037844386,-1,-0.8660254037844384,0.49999999999999994,-0.5000000000000004,0.5000000000000001,-1.8369701987210297e-16,-0.5000000000000004,-0.8660254037844387,0.8660254037844384,25.089606,20.433996,18.84058,18.51145,15.04065,4.804803984076456,1.5243911033427926,1.0785816920544589,1.9704438196455953,1.4336915261688343,25.089606045717815,20.43399718752541,18.840580243960424,18.511451862651107,15.040649366576275,1807.5217391304345,4975.090909090909,7402.5,10843.65,10542.681818181818,808.0250260281219,873.3387445719802,432.32121342694643,775.8461781211937,362.8065713642853,851,3217,6809,9439,9897,3025,6691,8280,11793,11039,3025,6691,8280,9439,10581,851,3217,6809,11440,10210,1807.5217391304345,4975.090909090909,7402.5,10843.65,10542.681818181818,1807.5217391304345,4975.090909090909,7402.5,10843.65,10542.681818181818,23,22,20,20,22,2174,3474,1471,2354,1142,-2174,-3474,-1471,2001,-371,-71.86776859504131,-51.92049021073083,-17.765700483091784,21.19927958470178,-3.5062848502031896,71.58,97.23,113.24,122.8,92.41,-26.380746683122503,-14.138113740727654,-14.67751657625076,12.588246080498777,12.229778965265957,-13.06776779208162,25.99455747051964,60.03391746749573,82.71090611516145,57.26684819605175,12,12,12,12,12,0,0,0,0,0,0,0,0,0,0,67.091255,66.981269,67.366219,64.121642,59.502244,72.093378,68.788238,67.755381,64.140384,58.459673,25.089606,20.433996,18.84058,18.51145,15.04065,60.941139,60.728058,60.095082,58.227491,47.764716,50.307812,49.907216,49.257919,48.488806,41.550114,22.667416,22.136075,21.675866,25.457266,7.98178,70.003021,69.685582,69.258843,66.559915,62.668189,65.861058,65.450194,64.609777,61.733528,56.849359,17.920372,18.595603,18.10846,15.957511,13.376231,70.912215,70.597749,70.283282,67.767549,64.366342,68.970457,68.394504,67.386585,64.362828,60.058437,15.954715,16.870374,17.253385,15.530146,12.831588,96.635055,96.564022,96.492989,96.279889,95.853689,104.368359,104.227802,104.087245,103.665572,102.822228,1.642638,1.64489,1.647148,1.653958,1.66775,23.242849666666668,20.863600666666667,19.339664916666667,71.16380733333334,69.01202316666667,65.27652583333334,2533.854216073781,5697.482836125228,7106.347573128308,73.75333333333333,99.92333333333333,101.09583333333333,12,12,12
2008-12-01,2008,12,-2.4492935982947064e-16,1,25.044092,68.026133,73.22952,25.044092,0.8534852716725272,25.044091436704896,743,66.26595257436684,663,836,700,774,743,743,18,173,74,10.571428571428566,39.95,-23.83222116301239,-56.065105025844055,12,0,0,68.026133,73.22952,25.044092,62.276028,51.42801,20.974391,70.09316,66.545773,16.513859,70.754982,69.690399,15.557474,96.777122,104.649474,1.638153,24.204947,25.089606,20.433996,18.181818,15.478615,69.016004,67.091255,66.981269,65.881413,59.832201,72.609806,72.093378,68.788238,65.792954,58.562959,-0.5000000000000004,-0.8660254037844386,-1,1.2246467991473532e-16,-2.4492935982947064e-16,0.8660254037844384,0.5000000000000001,-1.8369701987210297e-16,-1,1,24.204947,25.089606,20.433996,18.181818,15.478615,0.7163320880872126,4.804803984076456,1.5243911033427926,2.5764890961675446,0.17667905874190204,24.204947229177964,25.089606045717815,20.43399718752541,18.181818345115317,15.478615549190788,818.95,1807.5217391304345,4975.090909090909,10245.095238095239,9854.125,39.24078839274525,808.0250260281219,873.3387445719802,1026.1430653062907,350.6011741756341,715,851,3217,9139,9143,865,3025,6691,11689,10285,827,3025,6691,11458,10270,715,851,3217,9589,9143,818.95,1807.5217391304345,4975.090909090909,10245.095238095239,9854.125,818.95,1807.5217391304345,4975.090909090909,10245.095238095239,9854.125,20,23,22,21,16,150,2174,3474,2550,1142,-112,-2174,-3474,-1869,-1127,-13.542926239419584,-71.86776859504131,-51.92049021073083,-16.31174725082911,-10.973709834469325,52.45,71.58,97.23,132.32,90.93,-26.725342274378317,-26.380746683122503,-14.138113740727654,7.75244299674267,-1.601558272914172,-43.242073368683045,-13.06776779208162,25.99455747051964,86.2350457424349,45.557867776532746,12,12,12,12,12,0,0,0,0,0,0,0,0,0,0,69.016004,67.091255,66.981269,65.881413,59.832201,72.609806,72.093378,68.788238,65.792954,58.562959,24.204947,25.089606,20.433996,18.181818,15.478615,62.000276,60.941139,60.728058,58.891802,49.101751,51.469626,50.307812,49.907216,48.634982,42.511485,23.87361,22.667416,22.136075,22.801297,7.475957,70.345454,70.003021,69.685582,67.168789,63.053408,66.530335,65.861058,65.450194,62.456171,57.114041,17.029174,17.920372,18.595603,16.797039,13.051299,70.912215,70.912215,70.597749,68.710949,64.821029,69.402423,68.970457,68.394504,65.514735,60.307998,15.558155,15.954715,16.870374,16.867649,13.119011,96.706088,96.635055,96.564022,96.350922,95.924722,104.508917,104.368359,104.227802,103.80613,102.962786,1.640393,1.642638,1.64489,1.651682,1.665436,24.779548333333334,22.007313,20.136788,72.64423466666666,70.25145083333334,66.49873925,1123.1572463768116,4113.800296442688,6347.087156461642,54.660000000000004,84.52833333333334,96.8475,12,12,12
2009-01-01,2009,1,0.49999999999999994,0.8660254037844387,22.354949,68.081126,74.055805,22.354949,1.1283496054596664,22.354948715238287,904.5238095238095,89.04696460161854,772,1070,773,1070,904.5238095238095,904.5238095238095,21,298,297,38.42173350582148,43.44,8.735919899874833,-52.874810154046436,12,0,0,68.081126,74.055805,22.354949,62.044146,51.88894,18.010781,71.450497,67.434001,15.27603,71.226682,71.130284,15.962441,96.848155,104.790031,1.63592,25.044092,24.204947,25.089606,18.430657,18.145161,68.026133,69.016004,67.091255,67.146248,60.38213,73.22952,72.609806,72.093378,67.032382,60.525386,-2.4492935982947064e-16,-0.5000000000000004,-0.8660254037844386,-0.4999999999999998,0.49999999999999994,1,0.8660254037844384,0.5000000000000001,-0.8660254037844388,0.8660254037844387,25.044092,24.204947,25.089606,18.430657,18.145161,0.8534852716725272,0.7163320880872126,4.804803984076456,1.883830903838124,3.350969680340099,25.044091436704896,24.204947229177964,25.089606045717815,18.43065715354053,18.1451595665864,743,818.95,1807.5217391304345,8935.739130434782,7169.818181818182,66.26595257436684,39.24078839274525,808.0250260281219,300.91273537073897,1210.8881288566918,663,715,851,8341,5615,836,865,3025,9379,8891,700,827,3025,9379,8891,774,715,851,8341,6052,743,818.95,1807.5217391304345,8935.739130434782,7169.818181818182,743,818.95,1807.5217391304345,8935.739130434782,7169.818181818182,18,20,23,23,22,173,150,2174,1038,3276,74,-112,-2174,-1038,-2839,10.571428571428566,-13.542926239419584,-71.86776859504131,-11.067277961403132,-31.931166347992356,39.95,52.45,71.58,132.72,92.18,-23.83222116301239,-26.725342274378317,-26.380746683122503,0.30229746070133956,1.374683822720768,-56.065105025844055,-43.242073368683045,-13.06776779208162,72.52047315741581,71.72131147540985,12,12,12,12,12,0,0,0,0,0,0,0,0,0,0,68.026133,69.016004,67.091255,67.146248,60.38213,73.22952,72.609806,72.093378,67.032382,60.525386,25.044092,24.204947,25.089606,18.430657,18.145161,62.276028,62.000276,60.941139,59.142485,54.799395,51.42801,51.469626,50.307812,48.534819,43.96966,20.974391,23.87361,22.667416,20.775104,10.630013,70.09316,70.345454,70.003021,68.781097,64.043297,66.545773,66.530335,65.861058,63.929352,58.497851,16.513859,17.029174,17.920372,18.298604,15.037723,70.754982,70.912215,70.912215,69.811582,65.723517,69.690399,69.402423,68.970457,66.666642,61.339071,15.557474,15.558155,15.954715,17.640752,13.198402,96.777122,96.706088,96.635055,96.421955,95.995755,104.649474,104.508917,104.368359,103.946687,103.103343,1.638153,1.640393,1.642638,1.649412,1.663128,23.867996,22.661361666666668,20.487603666666665,73.298377,71.42202133333333,67.62627416666666,822.1579365079365,2775.264409624192,5824.979292103777,45.28,69.64833333333334,92.78583333333333,12,12,12
2009-02-01,2009,2,0.8660254037844386,0.5000000000000001,21.247892,68.246105,74.262377,21.247892,0.27894099591516675,21.247892148537595,1815.85,308.9417037497357,1099,2099,1099,1986,1815.85,1815.85,20,1000,887,80.70973612374885,43.32,-0.2762430939226457,-54.39519949468365,12,0,0,68.246105,74.262377,21.247892,62.670854,53.161678,18.760136,71.556284,67.937915,15.544073,71.855615,71.274272,15.925059,93.923211,100.746121,-2.4193,22.354949,25.044092,24.204947,18.84058,18.363273,68.081126,68.026133,69.016004,67.366219,61.097036,74.055805,73.22952,72.609806,67.755381,61.248386000000004,0.49999999999999994,-2.4492935982947064e-16,-0.5000000000000004,-0.8660254037844384,0.8660254037844386,0.8660254037844387,1,0.8660254037844384,-0.5000000000000004,0.5000000000000001,22.354949,25.044092,24.204947,18.84058,18.363273,1.1283496054596664,0.8534852716725272,0.7163320880872126,1.0785816920544589,1.1945400893436764,22.354948715238287,25.044091436704896,24.204947229177964,18.840580243960424,18.363273202368635,904.5238095238095,743,818.95,7402.5,6874.238095238095,89.04696460161854,66.26595257436684,39.24078839274525,432.32121342694643,539.6605326278645,772,663,715,6809,6002,1070,836,865,8280,7613,773,700,827,8280,6134,1070,774,715,6809,7613,904.5238095238095,743,818.95,7402.5,6874.238095238095,904.5238095238095,743,818.95,7402.5,6874.238095238095,21,18,20,20,21,298,173,150,1471,1611,297,74,-112,-1471,1479,38.42173350582148,10.571428571428566,-13.542926239419584,-17.765700483091784,24.111509618519733,43.44,39.95,52.45,113.24,94.99,8.735919899874833,-23.83222116301239,-26.725342274378317,-14.67751657625076,3.0483835973095896,-52.874810154046436,-56.065105025844055,-43.242073368683045,60.03391746749573,65.02779708130643,12,12,12,12,12,0,0,0,0,0,0,0,0,0,0,68.081126,68.026133,69.016004,67.366219,61.097036,74.055805,73.22952,72.609806,67.755381,61.248386000000004,22.354949,25.044092,24.204947,18.84058,18.363273,62.044146,62.276028,62.000276,60.095082,54.642718,51.88894,51.42801,51.469626,49.257919,44.763908,18.010781,20.974391,23.87361,21.675866,14.860290000000001,71.450497,70.09316,70.345454,69.258843,64.202912,67.434001,66.545773,66.530335,64.609777,58.79827,15.27603,16.513859,17.029174,18.10846,15.162978,71.226682,70.754982,70.912215,70.283282,65.88075,71.130284,69.690399,69.402423,67.386585,61.483059,15.962441,15.557474,15.558155,17.253385,13.560477,96.848155,96.777122,96.706088,96.492989,96.066789,104.790031,104.649474,104.508917,104.087245,103.2439,1.63592,1.638153,1.640393,1.647148,1.660826,22.882311,23.062580333333333,20.72798858333333,73.849234,72.50652066666667,68.71077341666667,1154.4579365079364,1844.156076290859,5403.446950833936,42.236666666666665,57.995000000000005,88.48,12,12,12
2009-03-01,2009,3,1,6.123233995736766e-17,21.535893,68.851026,75.191947,21.535893,1.2517374713174156,21.535891679233732,1957.8181818181818,227.15374201369107,1615,2298,2014,1615,1957.8181818181818,1957.8181818181818,22,683,-399,-19.811320754716977,46.54,7.433056325023091,-55.0945580856812,12,0,0,68.851026,75.191947,21.535893,63.273485,54.114458,19.121776,72.091011,68.654689,15.266354,72.956248,71.706237,14.746544,90.998266,95.11981,-7.994091,21.247892,22.354949,25.044092,20.433996,17.913386,68.246105,68.081126,68.026133,66.981269,61.646965,74.262377,74.055805,73.22952,68.788238,61.8681,0.8660254037844386,0.49999999999999994,-2.4492935982947064e-16,-1,1,0.5000000000000001,0.8660254037844387,1,-1.8369701987210297e-16,6.123233995736766e-17,21.247892,22.354949,25.044092,20.433996,17.913386,0.27894099591516675,1.1283496054596664,0.8534852716725272,1.5243911033427926,1.0118046212678866,21.247892148537595,22.354948715238287,25.044091436704896,20.43399718752541,17.913386974803803,1815.85,904.5238095238095,743,4975.090909090909,8062.578947368421,308.9417037497357,89.04696460161854,66.26595257436684,873.3387445719802,305.4932833939732,1099,772,663,3217,7619,2099,1070,836,6691,8624,1099,773,700,6691,7878,1986,1070,774,3217,8081,1815.85,904.5238095238095,743,4975.090909090909,8062.578947368421,1815.85,904.5238095238095,743,4975.090909090909,8062.578947368421,20,21,18,22,19,1000,298,173,3474,1005,887,297,74,-3474,203,80.70973612374885,38.42173350582148,10.571428571428566,-51.92049021073083,2.576796141152582,43.32,43.44,39.95,97.23,103.64,-0.2762430939226457,8.735919899874833,-23.83222116301239,-14.138113740727654,9.10622170754818,-54.39519949468365,-52.874810154046436,-56.065105025844055,25.99455747051964,67.02659145850123,12,12,12,12,12,0,0,0,0,0,0,0,0,0,0,68.246105,68.081126,68.026133,66.981269,61.646965,74.262377,74.055805,73.22952,68.788238,61.8681,21.247892,22.354949,25.044092,20.433996,17.913386,62.670854,62.044146,62.276028,60.728058,55.213023,53.161678,51.88894,51.42801,49.907216,45.427847,18.760136,18.010781,20.974391,22.136075,16.911379,71.556284,71.450497,70.09316,69.685582,64.935161,67.937915,67.434001,66.545773,65.450194,59.561777,15.544073,15.27603,16.513859,18.595603,15.300107,71.855615,71.226682,70.754982,70.597749,66.82415,71.274272,71.130284,69.690399,68.394504,62.490978,15.925059,15.962441,15.557474,16.870374,14.740143,93.923211,96.848155,96.777122,96.564022,96.137822,100.746121,104.790031,104.649474,104.227802,103.384458,-2.4193,1.63592,1.638153,1.64489,1.65853,21.712911333333334,23.246229833333334,21.029864166666666,74.50337633333334,73.5738055,69.821094,1559.3973304473304,1341.277288412071,4894.716887038082,44.43333333333333,49.54666666666667,83.72166666666666,12,12,12
2009-04-01,2009,4,0.8660254037844387,-0.49999999999999983,20.032841,69.290968,75.501804,20.032841,0.412088012563383,20.032840200393775,1659.15,159.08034216444813,1463,1897,1574,1786,1659.15,1659.15,20,434,212,13.468869123252869,50.18,7.8212290502793325,-53.99284862932061,12,0,0,69.290968,75.501804,20.032841,63.822751,55.135133,16.750075,72.459659,68.808856,12.412468,73.270715,71.994214,13.895216,90.023285,92.306655,-10.836376,21.535893,21.247892,22.354949,25.089606,18.48249,68.851026,68.246105,68.081126,67.091255,62.9118,75.191947,74.262377,74.055805,72.093378,62.900956,1,0.8660254037844386,0.49999999999999994,-0.8660254037844386,0.8660254037844387,6.123233995736766e-17,0.5000000000000001,0.8660254037844387,0.5000000000000001,-0.49999999999999983,21.535893,21.247892,22.354949,25.089606,18.48249,1.2517374713174156,0.27894099591516675,1.1283496054596664,4.804803984076456,1.6694483910125069,21.535891679233732,21.247892148537595,22.354948715238287,25.089606045717815,18.482490287032192,1957.8181818181818,1815.85,904.5238095238095,1807.5217391304345,8286.863636363636,227.15374201369107,308.9417037497357,89.04696460161854,808.0250260281219,630.9088905210706,1615,1099,772,851,7655,2298,2099,1070,3025,9356,2014,1099,773,3025,7890,1615,1986,1070,851,9356,1957.8181818181818,1815.85,904.5238095238095,1807.5217391304345,8286.863636363636,1957.8181818181818,1815.85,904.5238095238095,1807.5217391304345,8286.863636363636,22,20,21,23,22,683,1000,298,2174,1701,-399,887,297,-2174,1466,-19.811320754716977,80.70973612374885,38.42173350582148,-71.86776859504131,18.58048162230672,46.54,43.32,43.44,71.58,109.07,7.433056325023091,-0.2762430939226457,8.735919899874833,-26.380746683122503,5.2392898494789675,-55.0945580856812,-54.39519949468365,-52.874810154046436,-13.06776779208162,61.609127278115274,12,12,12,12,12,0,0,0,0,0,0,0,0,0,0,68.851026,68.246105,68.081126,67.091255,62.9118,75.191947,74.262377,74.055805,72.093378,62.900956,21.535893,21.247892,22.354949,25.089606,18.48249,63.273485,62.670854,62.044146,60.941139,56.773527,54.114458,53.161678,51.88894,50.307812,47.224924,19.121776,18.760136,18.010781,22.667416,22.850591,72.091011,71.556284,71.450497,70.003021,65.968127,68.654689,67.937915,67.434001,65.861058,61.211054,15.266354,15.544073,15.27603,17.920372,16.33205,72.956248,71.855615,71.226682,70.912215,67.29585,71.706237,71.274272,71.130284,68.970457,63.21092,14.746544,15.925059,15.962441,15.954715,14.651854,90.998266,93.923211,96.848155,96.635055,96.208855,95.11981,100.746121,104.790031,104.368359,103.525015,-7.994091,-2.4193,1.63592,1.642638,1.656241,20.938875333333336,22.403435666666667,21.159060083333333,74.985376,74.1418765,70.87116466666667,1810.939393939394,1316.5486652236652,4342.407417341113,46.68,45.980000000000004,78.81416666666667,12,12,12
2009-05-01,2009,5,0.49999999999999994,-0.8660254037844387,18.035427,69.51094,75.708376,18.035427,0.27359876063357547,18.035426791333208,2537.6315789473683,458.81008059814855,1806,3494,1806,3494,2537.6315789473683,2533.4736842105262,19,1688,1688,93.46622369878183,57.3,14.188919888401742,-53.33876221498372,12,0,0,69.51094,75.708376,18.035427,63.823102,55.035525,13.501506,72.73378,69.255927,12.185273,73.427948,72.282191,12.304251,89.210801,91.603366,-11.635691,20.032841,21.535893,21.247892,24.204947,18.51145,69.290968,68.851026,68.246105,69.016004,64.121642,75.501804,75.191947,74.262377,72.609806,64.140384,0.8660254037844387,1,0.8660254037844386,-0.5000000000000004,0.49999999999999994,-0.49999999999999983,6.123233995736766e-17,0.5000000000000001,0.8660254037844384,-0.8660254037844387,20.032841,21.535893,21.247892,24.204947,18.51145,0.412088012563383,1.2517374713174156,0.27894099591516675,0.7163320880872126,1.9704438196455953,20.032840200393775,21.535891679233732,21.247892148537595,24.204947229177964,18.511451862651107,1659.15,1957.8181818181818,1815.85,818.95,10843.65,159.08034216444813,227.15374201369107,308.9417037497357,39.24078839274525,775.8461781211937,1463,1615,1099,715,9439,1897,2298,2099,865,11793,1574,2014,1099,827,9439,1786,1615,1986,715,11440,1659.15,1957.8181818181818,1815.85,818.95,10843.65,1659.15,1957.8181818181818,1815.85,818.95,10843.65,20,22,20,20,20,434,683,1000,150,2354,212,-399,887,-112,2001,13.468869123252869,-19.811320754716977,80.70973612374885,-13.542926239419584,21.19927958470178,50.18,46.54,43.32,52.45,122.8,7.8212290502793325,7.433056325023091,-0.2762430939226457,-26.725342274378317,12.588246080498777,-53.99284862932061,-55.0945580856812,-54.39519949468365,-43.242073368683045,82.71090611516145,12,12,12,12,12,0,0,0,0,0,0,0,0,0,0,69.290968,68.851026,68.246105,69.016004,64.121642,75.501804,75.191947,74.262377,72.609806,64.140384,20.032841,21.535893,21.247892,24.204947,18.51145,63.822751,63.273485,62.670854,62.000276,58.227491,55.135133,54.114458,53.161678,51.469626,48.488806,16.750075,19.121776,18.760136,23.87361,25.457266,72.459659,72.091011,71.556284,70.345454,66.559915,68.808856,68.654689,67.937915,66.530335,61.733528,12.412468,15.266354,15.544073,17.029174,15.957511,73.270715,72.956248,71.855615,70.912215,67.767549,71.994214,71.706237,71.274272,69.402423,64.362828,13.895216,14.746544,15.925059,15.558155,15.530146,90.023285,90.998266,93.923211,96.706088,96.279889,92.306655,95.11981,100.746121,104.508917,103.665572,-10.836376,-7.994091,-2.4193,1.640393,1.653958,19.86805366666667,21.375182333333335,21.1193915,75.46737566666667,74.65830483333333,71.835164,2051.533253588517,1602.9955950482267,3650.239215586727,51.339999999999996,46.788333333333334,73.35583333333334,12,12,12
2009-06-01,2009,6,1.2246467991473532e-16,-1,15.22763,70.500811,75.811661,15.22763,0.13642479928508422,15.227629086239247,3822.5454545454545,229.23926516336743,3452,4291,3681,3757,3822.5454545454545,3822.5454545454545,22,839,76,2.064656343384952,68.61,19.73821989528797,-48.14842805320435,12,0,0,70.500811,75.811661,15.22763,63.955777,54.901631,12.885065,74.305909,69.62473,11.477743,73.742415,72.138203,10.10989,89.698291,90.372611,-12.940969,18.035427,20.032841,21.535893,25.044092,18.181818,69.51094,69.290968,68.851026,68.026133,65.881413,75.708376,75.501804,75.191947,73.22952,65.792954,0.49999999999999994,0.8660254037844387,1,-2.4492935982947064e-16,1.2246467991473532e-16,-0.8660254037844387,-0.49999999999999983,6.123233995736766e-17,1,-1,18.035427,20.032841,21.535893,25.044092,18.181818,0.27359876063357547,0.412088012563383,1.2517374713174156,0.8534852716725272,2.5764890961675446,18.035426791333208,20.032840200393775,21.535891679233732,25.044091436704896,18.181818345115317,2537.6315789473683,1659.15,1957.8181818181818,743,10245.095238095239,458.81008059814855,159.08034216444813,227.15374201369107,66.26595257436684,1026.1430653062907,1806,1463,1615,663,9139,3494,1897,2298,836,11689,1806,1574,2014,700,11458,3494,1786,1615,774,9589,2537.6315789473683,1659.15,1957.8181818181818,743,10245.095238095239,2533.4736842105262,1659.15,1957.8181818181818,743,10245.095238095239,19,20,22,18,21,1688,434,683,173,2550,1688,212,-399,74,-1869,93.46622369878183,13.468869123252869,-19.811320754716977,10.571428571428566,-16.31174725082911,57.3,50.18,46.54,39.95,132.32,14.188919888401742,7.8212290502793325,7.433056325023091,-23.83222116301239,7.75244299674267,-53.33876221498372,-53.99284862932061,-55.0945580856812,-56.065105025844055,86.2350457424349,12,12,12,12,12,0,0,0,0,0,0,0,0,0,0,69.51094,69.290968,68.851026,68.026133,65.881413,75.708376,75.501804,75.191947,73.22952,65.792954,18.035427,20.032841,21.535893,25.044092,18.181818,63.823102,63.822751,63.273485,62.276028,58.891802,55.035525,55.135133,54.114458,51.42801,48.634982,13.501506,16.750075,19.121776,20.974391,22.801297,72.73378,72.459659,72.091011,70.09316,67.168789,69.255927,68.808856,68.654689,66.545773,62.456171,12.185273,12.412468,15.266354,16.513859,16.797039,73.427948,73.270715,72.956248,70.754982,68.710949,72.282191,71.994214,71.706237,69.690399,65.514735,12.304251,13.895216,14.746544,15.557474,16.867649,89.210801,90.023285,90.998266,96.777122,96.350922,91.603366,92.306655,95.11981,104.649474,103.80613,-11.635691,-10.836376,-7.994091,1.638153,1.651682,17.76529933333333,19.739105333333335,20.873209166666665,75.673947,75.08866166666667,72.67005625,2673.1090111642743,2116.2531708058023,3115.0267336242446,58.696666666666665,51.565,68.04666666666667,12,12,12
2009-07-01,2009,7,-0.4999999999999998,-0.8660254037844388,14.791988,71.160725,76.947803,14.791988,1.4986375249052886,14.791986655046795,3361.8695652173915,208.8286170627671,2975,3742,3742,3350,3361.8695652173915,3361.8695652173915,23,767,-392,-10.475681453768038,64.44,-6.07783121993879,-51.44665461121157,12,0,0,71.160725,76.947803,14.791988,64.131462,55.060906,13.446196,74.882193,69.432,8.60739,74.371348,71.706237,7.559395,90.510776,90.548433,-12.889544,15.22763,18.035427,20.032841,22.354949,18.430657,70.500811,69.51094,69.290968,68.081126,67.146248,75.811661,75.708376,75.501804,74.055805,67.032382,1.2246467991473532e-16,0.49999999999999994,0.8660254037844387,0.49999999999999994,-0.4999999999999998,-1,-0.8660254037844387,-0.49999999999999983,0.8660254037844387,-0.8660254037844388,15.22763,18.035427,20.032841,22.354949,18.430657,0.13642479928508422,0.27359876063357547,0.412088012563383,1.1283496054596664,1.883830903838124,15.227629086239247,18.035426791333208,20.032840200393775,22.354948715238287,18.43065715354053,3822.5454545454545,2537.6315789473683,1659.15,904.5238095238095,8935.739130434782,229.23926516336743,458.81008059814855,159.08034216444813,89.04696460161854,300.91273537073897,3452,1806,1463,772,8341,4291,3494,1897,1070,9379,3681,1806,1574,773,9379,3757,3494,1786,1070,8341,3822.5454545454545,2537.6315789473683,1659.15,904.5238095238095,8935.739130434782,3822.5454545454545,2533.4736842105262,1659.15,904.5238095238095,8935.739130434782,22,19,20,21,23,839,1688,434,298,1038,76,1688,212,297,-1038,2.064656343384952,93.46622369878183,13.468869123252869,38.42173350582148,-11.067277961403132,68.61,57.3,50.18,43.44,132.72,19.73821989528797,14.188919888401742,7.8212290502793325,8.735919899874833,0.30229746070133956,-48.14842805320435,-53.33876221498372,-53.99284862932061,-52.874810154046436,72.52047315741581,12,12,12,12,12,0,0,0,0,0,0,0,0,0,0,70.500811,69.51094,69.290968,68.081126,67.146248,75.811661,75.708376,75.501804,74.055805,67.032382,15.22763,18.035427,20.032841,22.354949,18.430657,63.955777,63.823102,63.822751,62.044146,59.142485,54.901631,55.035525,55.135133,51.88894,48.534819,12.885065,13.501506,16.750075,18.010781,20.775104,74.305909,72.73378,72.459659,71.450497,68.781097,69.62473,69.255927,68.808856,67.434001,63.929352,11.477743,12.185273,12.412468,15.27603,18.298604,73.742415,73.427948,73.270715,71.226682,69.811582,72.138203,72.282191,71.994214,71.130284,66.666642,10.10989,12.304251,13.895216,15.962441,17.640752,89.698291,89.210801,90.023285,96.848155,96.421955,90.372611,91.603366,92.306655,104.790031,103.946687,-12.940969,-11.635691,-10.836376,1.63592,1.649412,16.018348333333332,18.478611833333332,20.56998675,76.15594666666667,75.57066133333333,73.49634133333333,3240.6821995700716,2525.8107967547326,2650.5376031894625,63.449999999999996,55.065,62.35666666666667,12,12,12
2009-08-01,2009,8,-0.8660254037844384,-0.5000000000000004,13.719512,71.490682,77.051089,13.719512,0.13422865367580528,13.71951255059729,2684.65,249.87392083966958,2388,3251,3251,2421,2684.65,2684.65,20,863,-830,-25.53060596739465,72.51,12.523277467411553,-35.967855881314016,12,0,0,71.490682,77.051089,13.719512,64.513578,55.631228,12.938649,75.538176000000007,70.97929,9.858435,74.685814,71.850226,6.623932,90.998266,90.548433,-13.007176,14.791988,15.22763,18.035427,21.247892,18.84058,71.160725,70.500811,69.51094,68.246105,67.366219,76.947803,75.811661,75.708376,74.262377,67.755381,-0.4999999999999998,1.2246467991473532e-16,0.49999999999999994,0.8660254037844386,-0.8660254037844384,-0.8660254037844388,-1,-0.8660254037844387,0.5000000000000001,-0.5000000000000004,14.791988,15.22763,18.035427,21.247892,18.84058,1.4986375249052886,0.13642479928508422,0.27359876063357547,0.27894099591516675,1.0785816920544589,14.791986655046795,15.227629086239247,18.035426791333208,21.247892148537595,18.840580243960424,3361.8695652173915,3822.5454545454545,2537.6315789473683,1815.85,7402.5,208.8286170627671,229.23926516336743,458.81008059814855,308.9417037497357,432.32121342694643,2975,3452,1806,1099,6809,3742,4291,3494,2099,8280,3742,3681,1806,1099,8280,3350,3757,3494,1986,6809,3361.8695652173915,3822.5454545454545,2537.6315789473683,1815.85,7402.5,3361.8695652173915,3822.5454545454545,2533.4736842105262,1815.85,7402.5,23,22,19,20,20,767,839,1688,1000,1471,-392,76,1688,887,-1471,-10.475681453768038,2.064656343384952,93.46622369878183,80.70973612374885,-17.765700483091784,64.44,68.61,57.3,43.32,113.24,-6.07783121993879,19.73821989528797,14.188919888401742,-0.2762430939226457,-14.67751657625076,-51.44665461121157,-48.14842805320435,-53.33876221498372,-54.39519949468365,60.03391746749573,12,12,12,12,12,0,0,0,0,0,0,0,0,0,0,71.160725,70.500811,69.51094,68.246105,67.366219,76.947803,75.811661,75.708376,74.262377,67.755381,14.791988,15.22763,18.035427,21.247892,18.84058,64.131462,63.955777,63.823102,62.670854,60.095082,55.060906,54.901631,55.035525,53.161678,49.257919,13.446196,12.885065,13.501506,18.760136,21.675866,74.882193,74.305909,72.73378,71.556284,69.258843,69.432,69.62473,69.255927,67.937915,64.609777,8.60739,11.477743,12.185273,15.544073,18.10846,74.371348,73.742415,73.427948,71.855615,70.283282,71.706237,72.138203,72.282191,71.274272,67.386585,7.559395,10.10989,12.304251,15.925059,17.253385,90.510776,89.698291,89.210801,93.923211,96.492989,90.548433,90.372611,91.603366,100.746121,104.087245,-12.889544,-12.940969,-11.635691,-2.4193,1.647148,14.57971,17.223881833333333,20.143231083333333,76.60351766666666,76.03544666666667,74.27098366666667,3289.6883399209487,2670.6107967547327,2257.383436522796,68.52,59.93,58.9625,12,12,12
2009-09-01,2009,9,-1,-1.8369701987210297e-16,11.861862,71.65566,76.947803,11.861862,-0.13404872188115258,11.86186074427431,2351.409090909091,116.93777714213539,2163,2492,2423,2220,2351.409090909091,2351.409090909091,22,329,-203,-8.378043747420548,67.65,-6.70252378982209,-30.422709040419615,12,0,0,71.65566,76.947803,11.861862,64.816453,55.84019,11.888009,75.530038,70.552637,7.795918,74.843048,71.850226,5.052632,90.510776,89.4935,-14.136633,13.719512,14.791988,15.22763,21.535893,20.433996,71.490682,71.160725,70.500811,68.851026,66.981269,77.051089,76.947803,75.811661,75.191947,68.788238,-0.8660254037844384,-0.4999999999999998,1.2246467991473532e-16,1,-1,-0.5000000000000004,-0.8660254037844388,-1,6.123233995736766e-17,-1.8369701987210297e-16,13.719512,14.791988,15.22763,21.535893,20.433996,0.13422865367580528,1.4986375249052886,0.13642479928508422,1.2517374713174156,1.5243911033427926,13.71951255059729,14.791986655046795,15.227629086239247,21.535891679233732,20.43399718752541,2684.65,3361.8695652173915,3822.5454545454545,1957.8181818181818,4975.090909090909,249.87392083966958,208.8286170627671,229.23926516336743,227.15374201369107,873.3387445719802,2388,2975,3452,1615,3217,3251,3742,4291,2298,6691,3251,3742,3681,2014,6691,2421,3350,3757,1615,3217,2684.65,3361.8695652173915,3822.5454545454545,1957.8181818181818,4975.090909090909,2684.65,3361.8695652173915,3822.5454545454545,1957.8181818181818,4975.090909090909,20,23,22,22,22,863,767,839,683,3474,-830,-392,76,-399,-3474,-25.53060596739465,-10.475681453768038,2.064656343384952,-19.811320754716977,-51.92049021073083,72.51,64.44,68.61,46.54,97.23,12.523277467411553,-6.07783121993879,19.73821989528797,7.433056325023091,-14.138113740727654,-35.967855881314016,-51.44665461121157,-48.14842805320435,-55.0945580856812,25.99455747051964,12,12,12,12,12,0,0,0,0,0,0,0,0,0,0,71.490682,71.160725,70.500811,68.851026,66.981269,77.051089,76.947803,75.811661,75.191947,68.788238,13.719512,14.791988,15.22763,21.535893,20.433996,64.513578,64.131462,63.955777,63.273485,60.728058,55.631228,55.060906,54.901631,54.114458,49.907216,12.938649,13.446196,12.885065,19.121776,22.136075,75.538176000000007,74.882193,74.305909,72.091011,69.685582,70.97929,69.432,69.62473,68.654689,65.450194,9.858435,8.60739,11.477743,15.266354,18.595603,74.685814,74.371348,73.742415,72.956248,70.597749,71.850226,71.706237,72.138203,71.706237,68.394504,6.623932,7.559395,10.10989,14.746544,16.870374,90.998266,90.510776,89.698291,90.998266,96.564022,90.548433,90.548433,90.372611,95.11981,104.227802,-13.007176,-12.889544,-12.940969,-7.994091,1.64489,13.457787333333334,15.611543333333334,19.428886583333334,76.98223166666666,76.32808933333334,74.95094741666666,2799.3095520421607,2736.2092816032177,2038.7432850076443,68.2,63.44833333333334,56.4975,12,12,12
2009-10-01,2009,10,-0.8660254037844386,0.5000000000000001,6.733524,71.710653,76.947803,6.733524,0,6.733524124781609,2745.681818181818,249.0684331977547,2284,3103,2284,3103,2745.681818181818,2745.681818181818,22,819,819,35.858143607705784,72.77,7.5683665927568144,1.6624755518301226,12,0,0,71.710653,76.947803,6.733524,64.975635,55.980612,11.276181,75.732929,71.101316,7.956535,74.843048,72.42618,5.010438,91.160763,89.845144,-13.915343,11.861862,13.719512,14.791988,20.032841,25.089606,71.65566,71.490682,71.160725,69.290968,67.091255,76.947803,77.051089,76.947803,75.501804,72.093378,-1,-0.8660254037844384,-0.4999999999999998,0.8660254037844387,-0.8660254037844386,-1.8369701987210297e-16,-0.5000000000000004,-0.8660254037844388,-0.49999999999999983,0.5000000000000001,11.861862,13.719512,14.791988,20.032841,25.089606,-0.13404872188115258,0.13422865367580528,1.4986375249052886,0.412088012563383,4.804803984076456,11.86186074427431,13.71951255059729,14.791986655046795,20.032840200393775,25.089606045717815,2351.409090909091,2684.65,3361.8695652173915,1659.15,1807.5217391304345,116.93777714213539,249.87392083966958,208.8286170627671,159.08034216444813,808.0250260281219,2163,2388,2975,1463,851,2492,3251,3742,1897,3025,2423,3251,3742,1574,3025,2220,2421,3350,1786,851,2351.409090909091,2684.65,3361.8695652173915,1659.15,1807.5217391304345,2351.409090909091,2684.65,3361.8695652173915,1659.15,1807.5217391304345,22,20,23,20,23,329,863,767,434,2174,-203,-830,-392,212,-2174,-8.378043747420548,-25.53060596739465,-10.475681453768038,13.468869123252869,-71.86776859504131,67.65,72.51,64.44,50.18,71.58,-6.70252378982209,12.523277467411553,-6.07783121993879,7.8212290502793325,-26.380746683122503,-30.422709040419615,-35.967855881314016,-51.44665461121157,-53.99284862932061,-13.06776779208162,12,12,12,12,12,0,0,0,0,0,0,0,0,0,0,71.65566,71.490682,71.160725,69.290968,67.091255,76.947803,77.051089,76.947803,75.501804,72.093378,11.861862,13.719512,14.791988,20.032841,25.089606,64.816453,64.513578,64.131462,63.822751,60.941139,55.84019,55.631228,55.060906,55.135133,50.307812,11.888009,12.938649,13.446196,16.750075,22.667416,75.530038,75.538176000000007,74.882193,72.459659,70.003021,70.552637,70.97929,69.432,68.808856,65.861058,7.795918,9.858435,8.60739,12.412468,17.920372,74.843048,74.685814,74.371348,73.270715,70.912215,71.850226,71.850226,71.706237,71.994214,68.970457,5.052632,6.623932,7.559395,13.895216,15.954715,90.510776,90.998266,90.510776,90.023285,96.635055,89.4935,90.548433,90.548433,92.306655,104.368359,-14.136633,-13.007176,-12.889544,-10.836376,1.642638,10.771632666666667,13.3949905,17.899213083333333,76.98223166666666,76.56908916666666,75.35548283333333,2593.913636363636,2917.2979179668537,2116.92329159526,70.97666666666667,67.21333333333334,56.596666666666664,12,12,12
2009-11-01,2009,11,-0.5000000000000004,0.8660254037844384,6.116643,71.930624,77.051089,6.116643,0.13422865367580528,6.1166435288368515,3940.5714285714284,481.6224217609238,3185,4661,3185,3887,3940.5714285714284,3940.5714285714284,21,1476,702,22.04081632653061,76.66,5.34560945444551,46.15824594852238,12,0,0,71.930624,77.051089,6.116643,65.098909,56.16626,9.125059,75.773724,70.732039,6.315471,74.843048,72.282191,4.149378,91.160763,90.020967,-13.862884,6.733524,11.861862,13.719512,18.035427,24.204947,71.710653,71.65566,71.490682,69.51094,69.016004,76.947803,76.947803,77.051089,75.708376,72.609806,-0.8660254037844386,-1,-0.8660254037844384,0.49999999999999994,-0.5000000000000004,0.5000000000000001,-1.8369701987210297e-16,-0.5000000000000004,-0.8660254037844387,0.8660254037844384,6.733524,11.861862,13.719512,18.035427,24.204947,0,-0.13404872188115258,0.13422865367580528,0.27359876063357547,0.7163320880872126,6.733524124781609,11.86186074427431,13.71951255059729,18.035426791333208,24.204947229177964,2745.681818181818,2351.409090909091,2684.65,2537.6315789473683,818.95,249.0684331977547,116.93777714213539,249.87392083966958,458.81008059814855,39.24078839274525,2284,2163,2388,1806,715,3103,2492,3251,3494,865,2284,2423,3251,1806,827,3103,2220,2421,3494,715,2745.681818181818,2351.409090909091,2684.65,2537.6315789473683,818.95,2745.681818181818,2351.409090909091,2684.65,2533.4736842105262,818.95,22,22,20,19,20,819,329,863,1688,150,819,-203,-830,1688,-112,35.858143607705784,-8.378043747420548,-25.53060596739465,93.46622369878183,-13.542926239419584,72.77,67.65,72.51,57.3,52.45,7.5683665927568144,-6.70252378982209,12.523277467411553,14.188919888401742,-26.725342274378317,1.6624755518301226,-30.422709040419615,-35.967855881314016,-53.33876221498372,-43.242073368683045,12,12,12,12,12,0,0,0,0,0,0,0,0,0,0,71.710653,71.65566,71.490682,69.51094,69.016004,76.947803,76.947803,77.051089,75.708376,72.609806,6.733524,11.861862,13.719512,18.035427,24.204947,64.975635,64.816453,64.513578,63.823102,62.000276,55.980612,55.84019,55.631228,55.035525,51.469626,11.276181,11.888009,12.938649,13.501506,23.87361,75.732929,75.530038,75.538176000000007,72.73378,70.345454,71.101316,70.552637,70.97929,69.255927,66.530335,7.956535,7.795918,9.858435,12.185273,17.029174,74.843048,74.843048,74.685814,73.427948,70.912215,72.42618,71.850226,71.850226,72.282191,69.402423,5.010438,5.052632,6.623932,12.304251,15.558155,91.160763,90.510776,90.998266,89.210801,96.706088,89.845144,89.4935,90.548433,91.603366,104.508917,-13.915343,-14.136633,-13.007176,-11.635691,1.640393,8.237343,11.4085265,16.391854416666668,76.98223166666666,76.79287466666666,75.72558975,3012.5541125541126,3151.1212262375307,2377.0584106428787,72.36,70.44,58.61416666666667,12,12,12
2009-12-01,2009,12,-2.4492935982947064e-16,1,4.654443,71.985617,76.637946,4.654443,-0.536193589684375,4.654442634609657,3572.3888888888887,368.2815641021369,3005,4107,3836,3005,3572.3888888888887,3572.3888888888887,18,1102,-831,-21.66319082377477,74.46,-2.869814766501444,86.38297872340424,12,0,0,71.985617,76.637946,4.654443,65.592009,56.556428,9.972033,75.648947,70.23065,5.537357,75.157514,72.138203,3.512397,91.648254,90.548433,-13.474545,6.116643,6.733524,11.861862,15.22763,25.044092,71.930624,71.710653,71.65566,70.500811,68.026133,77.051089,76.947803,76.947803,75.811661,73.22952,-0.5000000000000004,-0.8660254037844386,-1,1.2246467991473532e-16,-2.4492935982947064e-16,0.8660254037844384,0.5000000000000001,-1.8369701987210297e-16,-1,1,6.116643,6.733524,11.861862,15.22763,25.044092,0.13422865367580528,0,-0.13404872188115258,0.13642479928508422,0.8534852716725272,6.1166435288368515,6.733524124781609,11.86186074427431,15.227629086239247,25.044091436704896,3940.5714285714284,2745.681818181818,2351.409090909091,3822.5454545454545,743,481.6224217609238,249.0684331977547,116.93777714213539,229.23926516336743,66.26595257436684,3185,2284,2163,3452,663,4661,3103,2492,4291,836,3185,2284,2423,3681,700,3887,3103,2220,3757,774,3940.5714285714284,2745.681818181818,2351.409090909091,3822.5454545454545,743,3940.5714285714284,2745.681818181818,2351.409090909091,3822.5454545454545,743,21,22,22,22,18,1476,819,329,839,173,702,819,-203,76,74,22.04081632653061,35.858143607705784,-8.378043747420548,2.064656343384952,10.571428571428566,76.66,72.77,67.65,68.61,39.95,5.34560945444551,7.5683665927568144,-6.70252378982209,19.73821989528797,-23.83222116301239,46.15824594852238,1.6624755518301226,-30.422709040419615,-48.14842805320435,-56.065105025844055,12,12,12,12,12,0,0,0,0,0,0,0,0,0,0,71.930624,71.710653,71.65566,70.500811,68.026133,77.051089,76.947803,76.947803,75.811661,73.22952,6.116643,6.733524,11.861862,15.22763,25.044092,65.098909,64.975635,64.816453,63.955777,62.276028,56.16626,55.980612,55.84019,54.901631,51.42801,9.125059,11.276181,11.888009,12.885065,20.974391,75.773724,75.732929,75.530038,74.305909,70.09316,70.732039,71.101316,70.552637,69.62473,66.545773,6.315471,7.956535,7.795918,11.477743,16.513859,74.843048,74.843048,74.843048,73.742415,70.754982,72.282191,72.42618,71.850226,72.138203,69.690399,4.149378,5.010438,5.052632,10.10989,15.557474,91.160763,91.160763,90.510776,89.698291,96.777122,90.020967,89.845144,89.4935,90.372611,104.649474,-13.862884,-13.915343,-14.136633,-12.940969,1.638153,5.83487,9.646328666666667,14.692717,76.878946,76.93058883333333,76.00962525,3419.5473785473782,3109.4284652947695,2612.840818050286,74.63,71.41499999999999,61.49,12,12,12
2010-01-01,2010,1,0.49999999999999994,0.8660254037844387,3.556485,72.260581,76.689589,3.556485,0.06738567862973888,3.5564855449211397,3168.35,105.93507197186497,2848,3299,3140,2848,3168.35,3168.35,20,451,-292,-9.29936305732484,76.17,2.2965350523771244,75.34530386740332,12,0,0,72.260581,76.689589,3.556485,65.734984,56.691132,9.254752,76.767999,71.179445,5.554238,75.314748,72.570168,2.024291,92.298242,92.130833,-12.080537,4.654443,6.116643,6.733524,14.791988,22.354949,71.985617,71.930624,71.710653,71.160725,68.081126,76.637946,77.051089,76.947803,76.947803,74.055805,-2.4492935982947064e-16,-0.5000000000000004,-0.8660254037844386,-0.4999999999999998,0.49999999999999994,1,0.8660254037844384,0.5000000000000001,-0.8660254037844388,0.8660254037844387,4.654443,6.116643,6.733524,14.791988,22.354949,-0.536193589684375,0.13422865367580528,0,1.4986375249052886,1.1283496054596664,4.654442634609657,6.1166435288368515,6.733524124781609,14.791986655046795,22.354948715238287,3572.3888888888887,3940.5714285714284,2745.681818181818,3361.8695652173915,904.5238095238095,368.2815641021369,481.6224217609238,249.0684331977547,208.8286170627671,89.04696460161854,3005,3185,2284,2975,772,4107,4661,3103,3742,1070,3836,3185,2284,3742,773,3005,3887,3103,3350,1070,3572.3888888888887,3940.5714285714284,2745.681818181818,3361.8695652173915,904.5238095238095,3572.3888888888887,3940.5714285714284,2745.681818181818,3361.8695652173915,904.5238095238095,18,21,22,23,21,1102,1476,819,767,298,-831,702,819,-392,297,-21.66319082377477,22.04081632653061,35.858143607705784,-10.475681453768038,38.42173350582148,74.46,76.66,72.77,64.44,43.44,-2.869814766501444,5.34560945444551,7.5683665927568144,-6.07783121993879,8.735919899874833,86.38297872340424,46.15824594852238,1.6624755518301226,-51.44665461121157,-52.874810154046436,12,12,12,12,12,0,0,0,0,0,0,0,0,0,0,71.985617,71.930624,71.710653,71.160725,68.081126,76.637946,77.051089,76.947803,76.947803,74.055805,4.654443,6.116643,6.733524,14.791988,22.354949,65.592009,65.098909,64.975635,64.131462,62.044146,56.556428,56.16626,55.980612,55.060906,51.88894,9.972033,9.125059,11.276181,13.446196,18.010781,75.648947,75.773724,75.732929,74.882193,71.450497,70.23065,70.732039,71.101316,69.432,67.434001,5.537357,6.315471,7.956535,8.60739,15.27603,75.157514,74.843048,74.843048,74.371348,71.226682,72.138203,72.282191,72.42618,71.706237,71.130284,3.512397,4.149378,5.010438,7.559395,15.962441,91.648254,91.160763,91.160763,90.510776,96.848155,90.548433,90.020967,89.845144,90.548433,104.790031,-13.474545,-13.862884,-13.915343,-12.889544,1.63592,4.775857,7.773744833333334,13.126178333333334,76.79287466666666,76.88755316666666,76.22910725,3560.4367724867725,3077.1752044252044,2801.4930005899687,75.76333333333334,73.37,64.2175,12,12,12
2010-02-01,2010,2,0.8660254037844386,0.5000000000000001,3.268428,72.426174,76.689589,3.268428,0,3.268427564606502,2677.85,57.984821062793756,2566,2745,2745,2738,2677.85,2677.85,20,179,-7,-0.2550091074681293,73.75,-3.177103846658791,70.24469067405354,12,0,0,72.426174,76.689589,3.268428,65.915849,57.014982,7.248273,77.088978,71.743349,5.601341,75.786447,72.42618,1.616162,93.110726,93.889055,-6.806283,3.556485,4.654443,6.116643,13.719512,21.247892,72.260581,71.985617,71.930624,71.490682,68.246105,76.689589,76.637946,77.051089,77.051089,74.262377,0.49999999999999994,-2.4492935982947064e-16,-0.5000000000000004,-0.8660254037844384,0.8660254037844386,0.8660254037844387,1,0.8660254037844384,-0.5000000000000004,0.5000000000000001,3.556485,4.654443,6.116643,13.719512,21.247892,0.06738567862973888,-0.536193589684375,0.13422865367580528,0.13422865367580528,0.27894099591516675,3.5564855449211397,4.654442634609657,6.1166435288368515,13.71951255059729,21.247892148537595,3168.35,3572.3888888888887,3940.5714285714284,2684.65,1815.85,105.93507197186497,368.2815641021369,481.6224217609238,249.87392083966958,308.9417037497357,2848,3005,3185,2388,1099,3299,4107,4661,3251,2099,3140,3836,3185,3251,1099,2848,3005,3887,2421,1986,3168.35,3572.3888888888887,3940.5714285714284,2684.65,1815.85,3168.35,3572.3888888888887,3940.5714285714284,2684.65,1815.85,20,18,21,20,20,451,1102,1476,863,1000,-292,-831,702,-830,887,-9.29936305732484,-21.66319082377477,22.04081632653061,-25.53060596739465,80.70973612374885,76.17,74.46,76.66,72.51,43.32,2.2965350523771244,-2.869814766501444,5.34560945444551,12.523277467411553,-0.2762430939226457,75.34530386740332,86.38297872340424,46.15824594852238,-35.967855881314016,-54.39519949468365,12,12,12,12,12,0,0,0,0,0,0,0,0,0,0,72.260581,71.985617,71.930624,71.490682,68.246105,76.689589,76.637946,77.051089,77.051089,74.262377,3.556485,4.654443,6.116643,13.719512,21.247892,65.734984,65.592009,65.098909,64.513578,62.670854,56.691132,56.556428,56.16626,55.631228,53.161678,9.254752,9.972033,9.125059,12.938649,18.760136,76.767999,75.648947,75.773724,75.538176000000007,71.556284,71.179445,70.23065,70.732039,70.97929,67.937915,5.554238,5.537357,6.315471,9.858435,15.544073,75.314748,75.157514,74.843048,74.685814,71.855615,72.570168,72.138203,72.282191,71.850226,71.274272,2.024291,3.512397,4.149378,6.623932,15.925059,92.298242,91.648254,91.160763,90.998266,93.923211,92.130833,90.548433,90.020967,90.548433,100.746121,-12.080537,-13.474545,-13.862884,-13.007176,-2.4193,3.8264519999999997,6.0318975,11.627889666666666,76.67237466666667,76.82730316666667,76.43137491666667,3139.5296296296297,3076.041871091871,2873.3263339233017,74.79333333333334,73.57666666666667,66.75333333333333,12,12,12
2010-03-01,2010,3,1,6.123233995736766e-17,2.870879,72.922953,77.350617,2.870879,0.8619527221615408,2.870879244555269,3206.8260869565215,220.64752891389983,2760,3574,2760,2998,3210.1739130434785,3206.8260869565215,23,814,238,8.6231884057971,78.83,6.888135593220346,69.38117748173613,12,0,0,72.922953,77.350617,2.870879,65.783847,56.544961,4.491411,77.172557,71.760932,4.524445,76.415381,72.42618,1.004016,94.248205,96.174744,1.109057,3.268428,3.556485,4.654443,11.861862,21.535893,72.426174,72.260581,71.985617,71.65566,68.851026,76.689589,76.689589,76.637946,76.947803,75.191947,0.8660254037844386,0.49999999999999994,-2.4492935982947064e-16,-1,1,0.5000000000000001,0.8660254037844387,1,-1.8369701987210297e-16,6.123233995736766e-17,3.268428,3.556485,4.654443,11.861862,21.535893,0,0.06738567862973888,-0.536193589684375,-0.13404872188115258,1.2517374713174156,3.268427564606502,3.5564855449211397,4.654442634609657,11.86186074427431,21.535891679233732,2677.85,3168.35,3572.3888888888887,2351.409090909091,1957.8181818181818,57.984821062793756,105.93507197186497,368.2815641021369,116.93777714213539,227.15374201369107,2566,2848,3005,2163,1615,2745,3299,4107,2492,2298,2745,3140,3836,2423,2014,2738,2848,3005,2220,1615,2677.85,3168.35,3572.3888888888887,2351.409090909091,1957.8181818181818,2677.85,3168.35,3572.3888888888887,2351.409090909091,1957.8181818181818,20,20,18,22,22,179,451,1102,329,683,-7,-292,-831,-203,-399,-0.2550091074681293,-9.29936305732484,-21.66319082377477,-8.378043747420548,-19.811320754716977,73.75,76.17,74.46,67.65,46.54,-3.177103846658791,2.2965350523771244,-2.869814766501444,-6.70252378982209,7.433056325023091,70.24469067405354,75.34530386740332,86.38297872340424,-30.422709040419615,-55.0945580856812,12,12,12,12,12,0,0,0,0,0,0,0,0,0,0,72.426174,72.260581,71.985617,71.65566,68.851026,76.689589,76.689589,76.637946,76.947803,75.191947,3.268428,3.556485,4.654443,11.861862,21.535893,65.915849,65.734984,65.592009,64.816453,63.273485,57.014982,56.691132,56.556428,55.84019,54.114458,7.248273,9.254752,9.972033,11.888009,19.121776,77.088978,76.767999,75.648947,75.530038,72.091011,71.743349,71.179445,70.23065,70.552637,68.654689,5.601341,5.554238,5.537357,7.795918,15.266354,75.786447,75.314748,75.157514,74.843048,72.956248,72.42618,72.570168,72.138203,71.850226,71.706237,1.616162,2.024291,3.512397,5.052632,14.746544,93.110726,92.298242,91.648254,90.510776,90.998266,93.889055,92.130833,90.548433,89.4935,95.11981,-6.806283,-12.080537,-13.474545,-14.136633,-7.994091,3.2319306666666665,4.533400333333333,10.072471833333333,76.90993166666667,76.89443883333334,76.61126408333334,3017.6753623188406,3218.611370433109,2977.4103260181637,76.25,75.44,69.44416666666666,12,12,12
2010-04-01,2010,4,0.8660254037844387,-0.49999999999999983,3.78933,74.237346,78.362817,3.78933,1.3085868468250217,3.789330649635869,3040.6190476190477,141.60172180820265,2911,3359,2991,3354,3040.6190476190477,3040.6190476190477,21,448,363,12.136409227683043,84.82,7.598629963211967,69.03148664806696,12,0,0,74.237346,78.362817,3.78933,66.157491,57.22303,3.78687,77.074667,71.449067,3.837021,76.415381,72.570168,0.8,94.248205,97.053855,5.142857,2.870879,3.268428,3.556485,6.733524,20.032841,72.922953,72.426174,72.260581,71.710653,69.290968,77.350617,76.689589,76.689589,76.947803,75.501804,1,0.8660254037844386,0.49999999999999994,-0.8660254037844386,0.8660254037844387,6.123233995736766e-17,0.5000000000000001,0.8660254037844387,0.5000000000000001,-0.49999999999999983,2.870879,3.268428,3.556485,6.733524,20.032841,0.8619527221615408,0,0.06738567862973888,0,0.412088012563383,2.870879244555269,3.268427564606502,3.5564855449211397,6.733524124781609,20.032840200393775,3206.8260869565215,2677.85,3168.35,2745.681818181818,1659.15,220.64752891389983,57.984821062793756,105.93507197186497,249.0684331977547,159.08034216444813,2760,2566,2848,2284,1463,3574,2745,3299,3103,1897,2760,2745,3140,2284,1574,2998,2738,2848,3103,1786,3210.1739130434785,2677.85,3168.35,2745.681818181818,1659.15,3206.8260869565215,2677.85,3168.35,2745.681818181818,1659.15,23,20,20,22,20,814,179,451,819,434,238,-7,-292,819,212,8.6231884057971,-0.2550091074681293,-9.29936305732484,35.858143607705784,13.468869123252869,78.83,73.75,76.17,72.77,50.18,6.888135593220346,-3.177103846658791,2.2965350523771244,7.5683665927568144,7.8212290502793325,69.38117748173613,70.24469067405354,75.34530386740332,1.6624755518301226,-53.99284862932061,12,12,12,12,12,0,0,0,0,0,0,0,0,0,0,72.922953,72.426174,72.260581,71.710653,69.290968,77.350617,76.689589,76.689589,76.947803,75.501804,2.870879,3.268428,3.556485,6.733524,20.032841,65.783847,65.915849,65.734984,64.975635,63.822751,56.544961,57.014982,56.691132,55.980612,55.135133,4.491411,7.248273,9.254752,11.276181,16.750075,77.172557,77.088978,76.767999,75.732929,72.459659,71.760932,71.743349,71.179445,71.101316,68.808856,4.524445,5.601341,5.554238,7.956535,12.412468,76.415381,75.786447,75.314748,74.843048,73.270715,72.42618,72.42618,72.570168,72.42618,71.994214,1.004016,1.616162,2.024291,5.010438,13.895216,94.248205,93.110726,92.298242,91.160763,90.023285,96.174744,93.889055,92.130833,89.845144,92.306655,1.109057,-6.806283,-12.080537,-13.915343,-10.836376,3.3095456666666667,4.0427013333333335,8.718845916666668,77.46767433333333,77.1302745,76.84968183333334,2975.0983781918562,3267.767575339314,3092.5327466530844,79.13333333333333,77.44833333333332,72.33083333333333,12,12,12
2010-05-01,2010,5,0.49999999999999994,-0.8660254037844387,4.583902,74.951465,79.178773,4.583902,1.041254042717732,4.583900993993062,3838.0526315789475,248.34238768375369,3352,4209,3352,4078,3838.0526315789475,3838.0526315789475,19,857,726,21.658711217183768,75.95,-10.45743928318792,32.54799301919722,12,0,0,74.951465,79.178773,4.583902,66.297376,57.477338,4.436795,77.18542,71.032879,2.565776,76.572614,72.714156,0.59761,94.573198,97.581321,6.525912,3.78933,2.870879,3.268428,6.116643,18.035427,74.237346,72.922953,72.426174,71.930624,69.51094,78.362817,77.350617,76.689589,77.051089,75.708376,0.8660254037844387,1,0.8660254037844386,-0.5000000000000004,0.49999999999999994,-0.49999999999999983,6.123233995736766e-17,0.5000000000000001,0.8660254037844384,-0.8660254037844387,3.78933,2.870879,3.268428,6.116643,18.035427,1.3085868468250217,0.8619527221615408,0,0.13422865367580528,0.27359876063357547,3.789330649635869,2.870879244555269,3.268427564606502,6.1166435288368515,18.035426791333208,3040.6190476190477,3206.8260869565215,2677.85,3940.5714285714284,2537.6315789473683,141.60172180820265,220.64752891389983,57.984821062793756,481.6224217609238,458.81008059814855,2911,2760,2566,3185,1806,3359,3574,2745,4661,3494,2991,2760,2745,3185,1806,3354,2998,2738,3887,3494,3040.6190476190477,3210.1739130434785,2677.85,3940.5714285714284,2537.6315789473683,3040.6190476190477,3206.8260869565215,2677.85,3940.5714285714284,2533.4736842105262,21,23,20,21,19,448,814,179,1476,1688,363,238,-7,702,1688,12.136409227683043,8.6231884057971,-0.2550091074681293,22.04081632653061,93.46622369878183,84.82,78.83,73.75,76.66,57.3,7.598629963211967,6.888135593220346,-3.177103846658791,5.34560945444551,14.188919888401742,69.03148664806696,69.38117748173613,70.24469067405354,46.15824594852238,-53.33876221498372,12,12,12,12,12,0,0,0,0,0,0,0,0,0,0,74.237346,72.922953,72.426174,71.930624,69.51094,78.362817,77.350617,76.689589,77.051089,75.708376,3.78933,2.870879,3.268428,6.116643,18.035427,66.157491,65.783847,65.915849,65.098909,63.823102,57.22303,56.544961,57.014982,56.16626,55.035525,3.78687,4.491411,7.248273,9.125059,13.501506,77.074667,77.172557,77.088978,75.773724,72.73378,71.449067,71.760932,71.743349,70.732039,69.255927,3.837021,4.524445,5.601341,6.315471,12.185273,76.415381,76.415381,75.786447,74.843048,73.427948,72.570168,72.42618,72.42618,72.282191,72.282191,0.8,1.004016,1.616162,4.149378,12.304251,94.248205,94.248205,93.110726,91.160763,89.210801,97.053855,96.174744,93.889055,90.020967,91.603366,5.142857,1.109057,-6.806283,-13.862884,-11.635691,3.748037,3.7872445,7.5978855,78.29740233333334,77.4848885,77.13888158333333,3361.8325887181722,3250.681109173901,3200.9011677057156,79.86666666666666,77.33,73.885,12,12,12
2010-06-01,2010,6,1.2246467991473532e-16,-1,4.509537,75.945022,79.230416,4.509537,0.06522328907521135,4.509537127804131,3088,587.0502533855173,2406,4074,4074,2406,3092.1363636363635,3088,22,1668,-1668,-40.942562592047125,74.76,-1.5668202764976935,8.963707914298213,12,0,0,75.945022,79.230416,4.509537,66.186542,57.301287,4.370827,77.221151,71.056468,2.056365,76.572614,72.42618,0.399202,94.410701,97.053855,7.392996,4.583902,3.78933,2.870879,4.654443,15.22763,74.951465,74.237346,72.922953,71.985617,70.500811,79.178773,78.362817,77.350617,76.637946,75.811661,0.49999999999999994,0.8660254037844387,1,-2.4492935982947064e-16,1.2246467991473532e-16,-0.8660254037844387,-0.49999999999999983,6.123233995736766e-17,1,-1,4.583902,3.78933,2.870879,4.654443,15.22763,1.041254042717732,1.3085868468250217,0.8619527221615408,-0.536193589684375,0.13642479928508422,4.583900993993062,3.789330649635869,2.870879244555269,4.654442634609657,15.227629086239247,3838.0526315789475,3040.6190476190477,3206.8260869565215,3572.3888888888887,3822.5454545454545,248.34238768375369,141.60172180820265,220.64752891389983,368.2815641021369,229.23926516336743,3352,2911,2760,3005,3452,4209,3359,3574,4107,4291,3352,2991,2760,3836,3681,4078,3354,2998,3005,3757,3838.0526315789475,3040.6190476190477,3210.1739130434785,3572.3888888888887,3822.5454545454545,3838.0526315789475,3040.6190476190477,3206.8260869565215,3572.3888888888887,3822.5454545454545,19,21,23,18,22,857,448,814,1102,839,726,363,238,-831,76,21.658711217183768,12.136409227683043,8.6231884057971,-21.66319082377477,2.064656343384952,75.95,84.82,78.83,74.46,68.61,-10.45743928318792,7.598629963211967,6.888135593220346,-2.869814766501444,19.73821989528797,32.54799301919722,69.03148664806696,69.38117748173613,86.38297872340424,-48.14842805320435,12,12,12,12,12,0,0,0,0,0,0,0,0,0,0,74.951465,74.237346,72.922953,71.985617,70.500811,79.178773,78.362817,77.350617,76.637946,75.811661,4.583902,3.78933,2.870879,4.654443,15.22763,66.297376,66.157491,65.783847,65.592009,63.955777,57.477338,57.22303,56.544961,56.556428,54.901631,4.436795,3.78687,4.491411,9.972033,12.885065,77.18542,77.074667,77.172557,75.648947,74.305909,71.032879,71.449067,71.760932,70.23065,69.62473,2.565776,3.837021,4.524445,5.537357,11.477743,76.572614,76.415381,76.415381,75.157514,73.742415,72.714156,72.570168,72.42618,72.138203,72.138203,0.59761,0.8,1.004016,3.512397,10.10989,94.573198,94.248205,94.248205,91.648254,89.698291,97.581321,97.053855,96.174744,90.548433,90.372611,6.525912,5.142857,1.109057,-13.474545,-12.940969,4.294256333333333,3.7630935,6.704711083333333,78.924002,77.91696683333333,77.42377783333333,3322.2238930659983,3169.949627692419,3139.6890464935946,78.51,77.38,74.3975,12,12,12
2010-07-01,2010,7,-0.4999999999999998,-0.8660254037844388,3.167785,76.22446,79.385345,3.167785,0.19554232808773886,3.1677863499234737,1909.7272727272727,185.79204499300818,1700,2351,2351,1967,1909.7272727272727,1909.7272727272727,22,651,-384,-16.333475116971496,75.58,1.0968432316746934,17.287399130974546,12,0,0,76.22446,79.385345,3.167785,66.418489,57.574197,4.564565,78.11681,72.127704,3.88251,77.201547,72.570168,1.204819,94.410701,97.053855,7.184466,4.509537,4.583902,3.78933,3.556485,14.791988,75.945022,74.951465,74.237346,72.260581,71.160725,79.230416,79.178773,78.362817,76.689589,76.947803,1.2246467991473532e-16,0.49999999999999994,0.8660254037844387,0.49999999999999994,-0.4999999999999998,-1,-0.8660254037844387,-0.49999999999999983,0.8660254037844387,-0.8660254037844388,4.509537,4.583902,3.78933,3.556485,14.791988,0.06522328907521135,1.041254042717732,1.3085868468250217,0.06738567862973888,1.4986375249052886,4.509537127804131,4.583900993993062,3.789330649635869,3.5564855449211397,14.791986655046795,3088,3838.0526315789475,3040.6190476190477,3168.35,3361.8695652173915,587.0502533855173,248.34238768375369,141.60172180820265,105.93507197186497,208.8286170627671,2406,3352,2911,2848,2975,4074,4209,3359,3299,3742,4074,3352,2991,3140,3742,2406,4078,3354,2848,3350,3092.1363636363635,3838.0526315789475,3040.6190476190477,3168.35,3361.8695652173915,3088,3838.0526315789475,3040.6190476190477,3168.35,3361.8695652173915,22,19,21,20,23,1668,857,448,451,767,-1668,726,363,-292,-392,-40.942562592047125,21.658711217183768,12.136409227683043,-9.29936305732484,-10.475681453768038,74.76,75.95,84.82,76.17,64.44,-1.5668202764976935,-10.45743928318792,7.598629963211967,2.2965350523771244,-6.07783121993879,8.963707914298213,32.54799301919722,69.03148664806696,75.34530386740332,-51.44665461121157,12,12,12,12,12,0,0,0,0,0,0,0,0,0,0,75.945022,74.951465,74.237346,72.260581,71.160725,79.230416,79.178773,78.362817,76.689589,76.947803,4.509537,4.583902,3.78933,3.556485,14.791988,66.186542,66.297376,66.157491,65.734984,64.131462,57.301287,57.477338,57.22303,56.691132,55.060906,4.370827,4.436795,3.78687,9.254752,13.446196,77.221151,77.18542,77.074667,76.767999,74.882193,71.056468,71.032879,71.449067,71.179445,69.432,2.056365,2.565776,3.837021,5.554238,8.60739,76.572614,76.572614,76.415381,75.314748,74.371348,72.42618,72.714156,72.570168,72.570168,71.706237,0.399202,0.59761,0.8,2.024291,7.559395,94.410701,94.573198,94.248205,92.298242,90.510776,97.053855,97.581321,97.053855,92.130833,90.548433,7.392996,6.525912,5.142857,-12.080537,-12.889544,4.087074666666666,3.6983101666666665,5.7360275,79.26484466666668,78.3662595,77.62690633333334,2945.2599681020733,2960.179173146965,3018.6771887860846,75.43,77.28166666666667,75.32583333333334,12,12,12
2010-08-01,2010,8,-0.8660254037844384,-0.5000000000000004,3.284182,76.276208,79.581587,3.284182,0.2472017977625418,3.284182005526226,2432.3333333333335,319.9514546510663,1957,2861,1977,2713,2432.3333333333335,2432.3333333333335,21,904,736,37.2281234193222,77.04,1.93172797036254,6.247414149772457,12,0,0,76.276208,79.581587,3.284182,66.590052,58.677076,5.475068,78.014776,71.952233,1.370741,77.201547,73.002133,1.603206,94.248205,97.053855,7.184466,3.167785,4.509537,4.583902,3.268428,13.719512,76.22446,75.945022,74.951465,72.426174,71.490682,79.385345,79.230416,79.178773,76.689589,77.051089,-0.4999999999999998,1.2246467991473532e-16,0.49999999999999994,0.8660254037844386,-0.8660254037844384,-0.8660254037844388,-1,-0.8660254037844387,0.5000000000000001,-0.5000000000000004,3.167785,4.509537,4.583902,3.268428,13.719512,0.19554232808773886,0.06522328907521135,1.041254042717732,0,0.13422865367580528,3.1677863499234737,4.509537127804131,4.583900993993062,3.268427564606502,13.71951255059729,1909.7272727272727,3088,3838.0526315789475,2677.85,2684.65,185.79204499300818,587.0502533855173,248.34238768375369,57.984821062793756,249.87392083966958,1700,2406,3352,2566,2388,2351,4074,4209,2745,3251,2351,4074,3352,2745,3251,1967,2406,4078,2738,2421,1909.7272727272727,3092.1363636363635,3838.0526315789475,2677.85,2684.65,1909.7272727272727,3088,3838.0526315789475,2677.85,2684.65,22,22,19,20,20,651,1668,857,179,863,-384,-1668,726,-7,-830,-16.333475116971496,-40.942562592047125,21.658711217183768,-0.2550091074681293,-25.53060596739465,75.58,74.76,75.95,73.75,72.51,1.0968432316746934,-1.5668202764976935,-10.45743928318792,-3.177103846658791,12.523277467411553,17.287399130974546,8.963707914298213,32.54799301919722,70.24469067405354,-35.967855881314016,12,12,12,12,12,0,0,0,0,0,0,0,0,0,0,76.22446,75.945022,74.951465,72.426174,71.490682,79.385345,79.230416,79.178773,76.689589,77.051089,3.167785,4.509537,4.583902,3.268428,13.719512,66.418489,66.186542,66.297376,65.915849,64.513578,57.574197,57.301287,57.477338,57.014982,55.631228,4.564565,4.370827,4.436795,7.248273,12.938649,78.11681,77.221151,77.18542,77.088978,75.538176000000007,72.127704,71.056468,71.032879,71.743349,70.97929,3.88251,2.056365,2.565776,5.601341,9.858435,77.201547,76.572614,76.572614,75.786447,74.685814,72.570168,72.42618,72.714156,72.42618,71.850226,1.204819,0.399202,0.59761,1.616162,6.623932,94.410701,94.410701,94.573198,93.110726,90.998266,97.053855,97.053855,97.581321,93.889055,90.548433,7.184466,7.392996,6.525912,-6.806283,-13.007176,3.6538346666666666,3.7009358333333333,4.866416666666667,79.399116,78.848259166666665,77.83778116666667,2476.686868686869,2919.2597287025205,2997.6507998971956,75.79333333333334,77.83,75.70333333333333,12,12,12
2010-09-01,2010,9,-1,-1.8369701987210297e-16,3.355705,76.659141,79.529944,3.355705,-0.06489315172867327,3.3557046456544226,2719.4545454545455,211.02848538768802,2444,2995,2741,2446,2719.4545454545455,2719.4545454545455,22,551,-295,-10.76249543962058,77.84,1.038421599169248,15.062823355506282,12,0,0,76.659141,79.529944,3.355705,66.894171,59.012536,5.681115,78.150906,72.398108,2.615736,77.201547,72.858145,1.402806,94.248205,97.053855,8.447937,3.284182,3.167785,4.509537,2.870879,11.861862,76.276208,76.22446,75.945022,72.922953,71.65566,79.581587,79.385345,79.230416,77.350617,76.947803,-0.8660254037844384,-0.4999999999999998,1.2246467991473532e-16,1,-1,-0.5000000000000004,-0.8660254037844388,-1,6.123233995736766e-17,-1.8369701987210297e-16,3.284182,3.167785,4.509537,2.870879,11.861862,0.2472017977625418,0.19554232808773886,0.06522328907521135,0.8619527221615408,-0.13404872188115258,3.284182005526226,3.1677863499234737,4.509537127804131,2.870879244555269,11.86186074427431,2432.3333333333335,1909.7272727272727,3088,3206.8260869565215,2351.409090909091,319.9514546510663,185.79204499300818,587.0502533855173,220.64752891389983,116.93777714213539,1957,1700,2406,2760,2163,2861,2351,4074,3574,2492,1977,2351,4074,2760,2423,2713,1967,2406,2998,2220,2432.3333333333335,1909.7272727272727,3092.1363636363635,3210.1739130434785,2351.409090909091,2432.3333333333335,1909.7272727272727,3088,3206.8260869565215,2351.409090909091,21,22,22,23,22,904,651,1668,814,329,736,-384,-1668,238,-203,37.2281234193222,-16.333475116971496,-40.942562592047125,8.6231884057971,-8.378043747420548,77.04,75.58,74.76,78.83,67.65,1.93172797036254,1.0968432316746934,-1.5668202764976935,6.888135593220346,-6.70252378982209,6.247414149772457,17.287399130974546,8.963707914298213,69.38117748173613,-30.422709040419615,12,12,12,12,12,0,0,0,0,0,0,0,0,0,0,76.276208,76.22446,75.945022,72.922953,71.65566,79.581587,79.385345,79.230416,77.350617,76.947803,3.284182,3.167785,4.509537,2.870879,11.861862,66.590052,66.418489,66.186542,65.783847,64.816453,58.677076,57.574197,57.301287,56.544961,55.84019,5.475068,4.564565,4.370827,4.491411,11.888009,78.014776,78.11681,77.221151,77.172557,75.530038,71.952233,72.127704,71.056468,71.760932,70.552637,1.370741,3.88251,2.056365,4.524445,7.795918,77.201547,77.201547,76.572614,76.415381,74.843048,73.002133,72.570168,72.42618,72.42618,71.850226,1.603206,1.204819,0.399202,1.004016,5.052632,94.248205,94.410701,94.410701,94.248205,90.510776,97.053855,97.053855,97.053855,96.174744,89.4935,7.184466,7.184466,7.392996,1.109057,-14.136633,3.269224,3.781740166666667,4.15757025,79.49895866666667,79.21148033333334,78.05295958333333,2353.838383838384,2838.031138452191,3028.32125444265,76.82000000000001,77.665,76.5525,12,12,12
2010-10-01,2010,10,-0.8660254037844386,0.5000000000000001,3.355705,76.824734,79.529944,3.355705,0,3.3557046456544226,2693.3333333333335,91.24436055632881,2452,2784,2452,2678,2693.3333333333335,2693.3333333333335,21,332,226,9.216965742251215,82.67,6.205035971223016,13.60450735193075,12,0,0,76.824734,79.529944,3.355705,67.038669,59.130844,5.627363,78.017748,72.190045,1.531235,77.35878,73.146122,0.994036,94.573198,97.405499,8.414873,3.355705,3.284182,3.167785,3.78933,6.733524,76.659141,76.276208,76.22446,74.237346,71.710653,79.529944,79.581587,79.385345,78.362817,76.947803,-1,-0.8660254037844384,-0.4999999999999998,0.8660254037844387,-0.8660254037844386,-1.8369701987210297e-16,-0.5000000000000004,-0.8660254037844388,-0.49999999999999983,0.5000000000000001,3.355705,3.284182,3.167785,3.78933,6.733524,-0.06489315172867327,0.2472017977625418,0.19554232808773886,1.3085868468250217,0,3.3557046456544226,3.284182005526226,3.1677863499234737,3.789330649635869,6.733524124781609,2719.4545454545455,2432.3333333333335,1909.7272727272727,3040.6190476190477,2745.681818181818,211.02848538768802,319.9514546510663,185.79204499300818,141.60172180820265,249.0684331977547,2444,1957,1700,2911,2284,2995,2861,2351,3359,3103,2741,1977,2351,2991,2284,2446,2713,1967,3354,3103,2719.4545454545455,2432.3333333333335,1909.7272727272727,3040.6190476190477,2745.681818181818,2719.4545454545455,2432.3333333333335,1909.7272727272727,3040.6190476190477,2745.681818181818,22,21,22,21,22,551,904,651,448,819,-295,736,-384,363,819,-10.76249543962058,37.2281234193222,-16.333475116971496,12.136409227683043,35.858143607705784,77.84,77.04,75.58,84.82,72.77,1.038421599169248,1.93172797036254,1.0968432316746934,7.598629963211967,7.5683665927568144,15.062823355506282,6.247414149772457,17.287399130974546,69.03148664806696,1.6624755518301226,12,12,12,12,12,0,0,0,0,0,0,0,0,0,0,76.659141,76.276208,76.22446,74.237346,71.710653,79.529944,79.581587,79.385345,78.362817,76.947803,3.355705,3.284182,3.167785,3.78933,6.733524,66.894171,66.590052,66.418489,66.157491,64.975635,59.012536,58.677076,57.574197,57.22303,55.980612,5.681115,5.475068,4.564565,3.78687,11.276181,78.150906,78.014776,78.11681,77.074667,75.732929,72.398108,71.952233,72.127704,71.449067,71.101316,2.615736,1.370741,3.88251,3.837021,7.956535,77.201547,77.201547,77.201547,76.415381,74.843048,72.858145,73.002133,72.570168,72.570168,72.42618,1.402806,1.603206,1.204819,0.8,5.010438,94.248205,94.248205,94.410701,94.248205,91.160763,97.053855,97.053855,97.053855,97.053855,89.845144,8.447937,7.184466,7.184466,5.142857,-13.915343,3.331864,3.7094693333333333,3.876085333333333,79.54715833333333,79.4060015,78.26813800000001,2615.040404040404,2780.1501860712387,3023.9588807052764,79.18333333333334,77.30666666666667,77.3775,12,12,12
2010-11-01,2010,11,-0.5000000000000004,0.8660254037844384,3.552279,77.042075,79.788159,3.552279,0.32467645142564283,3.552279449288487,2321.318181818182,171.1213399521316,2099,2648,2648,2099,2321.318181818182,2321.318181818182,22,549,-549,-20.73262839879154,85.28,3.157130760856419,11.244456039655626,12,0,0,77.042075,79.788159,3.552279,67.598713,59.932314,6.70519,78.203119,72.530565,2.542732,77.516014,73.146122,1.195219,94.898192,98.812077,9.765625,3.355705,3.355705,3.284182,4.583902,6.116643,76.824734,76.659141,76.276208,74.951465,71.930624,79.529944,79.529944,79.581587,79.178773,77.051089,-0.8660254037844386,-1,-0.8660254037844384,0.49999999999999994,-0.5000000000000004,0.5000000000000001,-1.8369701987210297e-16,-0.5000000000000004,-0.8660254037844387,0.8660254037844384,3.355705,3.355705,3.284182,4.583902,6.116643,0,-0.06489315172867327,0.2472017977625418,1.041254042717732,0.13422865367580528,3.3557046456544226,3.3557046456544226,3.284182005526226,4.583900993993062,6.1166435288368515,2693.3333333333335,2719.4545454545455,2432.3333333333335,3838.0526315789475,3940.5714285714284,91.24436055632881,211.02848538768802,319.9514546510663,248.34238768375369,481.6224217609238,2452,2444,1957,3352,3185,2784,2995,2861,4209,4661,2452,2741,1977,3352,3185,2678,2446,2713,4078,3887,2693.3333333333335,2719.4545454545455,2432.3333333333335,3838.0526315789475,3940.5714285714284,2693.3333333333335,2719.4545454545455,2432.3333333333335,3838.0526315789475,3940.5714285714284,21,22,21,19,21,332,551,904,857,1476,226,-295,736,726,702,9.216965742251215,-10.76249543962058,37.2281234193222,21.658711217183768,22.04081632653061,82.67,77.84,77.04,75.95,76.66,6.205035971223016,1.038421599169248,1.93172797036254,-10.45743928318792,5.34560945444551,13.60450735193075,15.062823355506282,6.247414149772457,32.54799301919722,46.15824594852238,12,12,12,12,12,0,0,0,0,0,0,0,0,0,0,76.824734,76.659141,76.276208,74.951465,71.930624,79.529944,79.529944,79.581587,79.178773,77.051089,3.355705,3.355705,3.284182,4.583902,6.116643,67.038669,66.894171,66.590052,66.297376,65.098909,59.130844,59.012536,58.677076,57.477338,56.16626,5.627363,5.681115,5.475068,4.436795,9.125059,78.017748,78.150906,78.014776,77.18542,75.773724,72.190045,72.398108,71.952233,71.032879,70.732039,1.531235,2.615736,1.370741,2.565776,6.315471,77.35878,77.201547,77.201547,76.572614,74.843048,73.146122,72.858145,73.002133,72.714156,72.282191,0.994036,1.402806,1.603206,0.59761,4.149378,94.573198,94.248205,94.248205,94.573198,91.160763,97.405499,97.053855,97.053855,97.581321,90.020967,8.414873,8.447937,7.184466,6.525912,-13.862884,3.4212296666666666,3.537532166666667,3.6623883333333334,79.61601566666667,79.50756583333333,78.49622716666667,2578.035353535354,2527.3611111111113,2889.021110142506,81.93,78.86166666666666,78.09583333333333,12,12,12
2010-12-01,2010,12,-2.4492935982947064e-16,1,4.366577,77.321513,79.984401,4.366577,0.24595378870693185,4.3665771000700015,2030.9444444444443,131.2722685746385,1773,2179,2096,1773,2030.9444444444443,2030.9444444444443,18,406,-323,-15.410305343511455,91.45,7.234990619136972,22.817620198764455,12,0,0,77.321513,79.984401,4.366577,68.549353,60.987948,7.835573,77.963833,71.773538,2.196888,77.673247,73.29011,1.596806,94.573198,97.229677,7.378641,3.552279,3.355705,3.355705,4.509537,4.654443,77.042075,76.824734,76.659141,75.945022,71.985617,79.788159,79.529944,79.529944,79.230416,76.637946,-0.5000000000000004,-0.8660254037844386,-1,1.2246467991473532e-16,-2.4492935982947064e-16,0.8660254037844384,0.5000000000000001,-1.8369701987210297e-16,-1,1,3.552279,3.355705,3.355705,4.509537,4.654443,0.32467645142564283,0,-0.06489315172867327,0.06522328907521135,-0.536193589684375,3.552279449288487,3.3557046456544226,3.3557046456544226,4.509537127804131,4.654442634609657,2321.318181818182,2693.3333333333335,2719.4545454545455,3088,3572.3888888888887,171.1213399521316,91.24436055632881,211.02848538768802,587.0502533855173,368.2815641021369,2099,2452,2444,2406,3005,2648,2784,2995,4074,4107,2648,2452,2741,4074,3836,2099,2678,2446,2406,3005,2321.318181818182,2693.3333333333335,2719.4545454545455,3092.1363636363635,3572.3888888888887,2321.318181818182,2693.3333333333335,2719.4545454545455,3088,3572.3888888888887,22,21,22,22,18,549,332,551,1668,1102,-549,226,-295,-1668,-831,-20.73262839879154,9.216965742251215,-10.76249543962058,-40.942562592047125,-21.66319082377477,85.28,82.67,77.84,74.76,74.46,3.157130760856419,6.205035971223016,1.038421599169248,-1.5668202764976935,-2.869814766501444,11.244456039655626,13.60450735193075,15.062823355506282,8.963707914298213,86.38297872340424,12,12,12,12,12,0,0,0,0,0,0,0,0,0,0,77.042075,76.824734,76.659141,75.945022,71.985617,79.788159,79.529944,79.529944,79.230416,76.637946,3.552279,3.355705,3.355705,4.509537,4.654443,67.598713,67.038669,66.894171,66.186542,65.592009,59.932314,59.130844,59.012536,57.301287,56.556428,6.70519,5.627363,5.681115,4.370827,9.972033,78.203119,78.017748,78.150906,77.221151,75.648947,72.530565,72.190045,72.398108,71.056468,70.23065,2.542732,1.531235,2.615736,2.056365,5.537357,77.516014,77.35878,77.201547,76.572614,75.157514,73.146122,73.146122,72.858145,72.42618,72.138203,1.195219,0.994036,1.402806,0.399202,3.512397,94.898192,94.573198,94.248205,94.410701,91.648254,98.812077,97.405499,97.053855,97.053855,90.548433,9.765625,8.414873,8.447937,7.392996,-13.474545,3.758187,3.5137055,3.6383995000000002,79.76750133333333,79.63323,78.77509841666667,2348.5319865319866,2351.185185185185,2760.567406438802,86.46666666666667,81.64333333333333,79.51166666666667,12,12,12
2011-01-01,2011,1,0.49999999999999994,0.8660254037844387,4.700337,77.983884,80.294258,4.700337,0.3873967875311024,4.7003368345082785,1401.8,151.84257776082646,1107,1693,1693,1107,1401.8,1401.8,20,586,-586,-34.61311281748376,96.52,5.54401312192454,26.716555074176185,12,0,0,77.983884,80.294258,4.700337,69.295955,61.541847,8.55639,79.281881,72.02868,1.193089,78.144947,75.017971,3.373016,95.54818,98.460432,6.870229,4.366577,3.552279,3.355705,3.167785,3.556485,77.321513,77.042075,76.824734,76.22446,72.260581,79.984401,79.788159,79.529944,79.385345,76.689589,-2.4492935982947064e-16,-0.5000000000000004,-0.8660254037844386,-0.4999999999999998,0.49999999999999994,1,0.8660254037844384,0.5000000000000001,-0.8660254037844388,0.8660254037844387,4.366577,3.552279,3.355705,3.167785,3.556485,0.24595378870693185,0.32467645142564283,0,0.19554232808773886,0.06738567862973888,4.3665771000700015,3.552279449288487,3.3557046456544226,3.1677863499234737,3.5564855449211397,2030.9444444444443,2321.318181818182,2693.3333333333335,1909.7272727272727,3168.35,131.2722685746385,171.1213399521316,91.24436055632881,185.79204499300818,105.93507197186497,1773,2099,2452,1700,2848,2179,2648,2784,2351,3299,2096,2648,2452,2351,3140,1773,2099,2678,1967,2848,2030.9444444444443,2321.318181818182,2693.3333333333335,1909.7272727272727,3168.35,2030.9444444444443,2321.318181818182,2693.3333333333335,1909.7272727272727,3168.35,18,22,21,22,20,406,549,332,651,451,-323,-549,226,-384,-292,-15.410305343511455,-20.73262839879154,9.216965742251215,-16.333475116971496,-9.29936305732484,91.45,85.28,82.67,75.58,76.17,7.234990619136972,3.157130760856419,6.205035971223016,1.0968432316746934,2.2965350523771244,22.817620198764455,11.244456039655626,13.60450735193075,17.287399130974546,75.34530386740332,12,12,12,12,12,0,0,0,0,0,0,0,0,0,0,77.321513,77.042075,76.824734,76.22446,72.260581,79.984401,79.788159,79.529944,79.385345,76.689589,4.366577,3.552279,3.355705,3.167785,3.556485,68.549353,67.598713,67.038669,66.418489,65.734984,60.987948,59.932314,59.130844,57.574197,56.691132,7.835573,6.70519,5.627363,4.564565,9.254752,77.963833,78.203119,78.017748,78.11681,76.767999,71.773538,72.530565,72.190045,72.127704,71.179445,2.196888,2.542732,1.531235,3.88251,5.554238,77.673247,77.516014,77.35878,77.201547,75.314748,73.29011,73.146122,73.146122,72.570168,72.570168,1.596806,1.195219,0.994036,1.204819,2.024291,94.573198,94.898192,94.573198,94.410701,92.298242,97.229677,98.812077,97.405499,97.053855,92.130833,7.378641,9.765625,8.414873,7.184466,-12.080537,4.206397666666667,3.7691308333333335,3.7337205,80.02227266666667,79.7847155,79.07548750000001,1918.0208754208754,2266.53063973064,2613.3549064388026,91.08333333333333,85.13333333333334,81.2075,12,12,12
2011-02-01,2011,2,0.8660254037844386,0.5000000000000001,5.292929,78.584158,80.748715,5.292929,0.5659894135892074,5.292929656983825,1181.1,97.80480022661679,1043,1301,1084,1251,1181.1,1181.1,20,258,167,15.405904059040587,103.72,7.459593866556147,40.63728813559322,12,0,0,78.584158,80.748715,5.292929,70.228043,62.612284,9.817249,79.398659,72.027435,0.395974,78.459413,75.017971,3.578529,96.035671,98.812077,5.243446,4.700337,4.366577,3.552279,3.284182,3.268428,77.983884,77.321513,77.042075,76.276208,72.426174,80.294258,79.984401,79.788159,79.581587,76.689589,0.49999999999999994,-2.4492935982947064e-16,-0.5000000000000004,-0.8660254037844384,0.8660254037844386,0.8660254037844387,1,0.8660254037844384,-0.5000000000000004,0.5000000000000001,4.700337,4.366577,3.552279,3.284182,3.268428,0.3873967875311024,0.24595378870693185,0.32467645142564283,0.2472017977625418,0,4.7003368345082785,4.3665771000700015,3.552279449288487,3.284182005526226,3.268427564606502,1401.8,2030.9444444444443,2321.318181818182,2432.3333333333335,2677.85,151.84257776082646,131.2722685746385,171.1213399521316,319.9514546510663,57.984821062793756,1107,1773,2099,1957,2566,1693,2179,2648,2861,2745,1693,2096,2648,1977,2745,1107,1773,2099,2713,2738,1401.8,2030.9444444444443,2321.318181818182,2432.3333333333335,2677.85,1401.8,2030.9444444444443,2321.318181818182,2432.3333333333335,2677.85,20,18,22,21,20,586,406,549,904,179,-586,-323,-549,736,-7,-34.61311281748376,-15.410305343511455,-20.73262839879154,37.2281234193222,-0.2550091074681293,96.52,91.45,85.28,77.04,73.75,5.54401312192454,7.234990619136972,3.157130760856419,1.93172797036254,-3.177103846658791,26.716555074176185,22.817620198764455,11.244456039655626,6.247414149772457,70.24469067405354,12,12,12,12,12,0,0,0,0,0,0,0,0,0,0,77.983884,77.321513,77.042075,76.276208,72.426174,80.294258,79.984401,79.788159,79.581587,76.689589,4.700337,4.366577,3.552279,3.284182,3.268428,69.295955,68.549353,67.598713,66.590052,65.915849,61.541847,60.987948,59.932314,58.677076,57.014982,8.55639,7.835573,6.70519,5.475068,7.248273,79.281881,77.963833,78.203119,78.014776,77.088978,72.02868,71.773538,72.530565,71.952233,71.743349,1.193089,2.196888,2.542732,1.370741,5.601341,78.144947,77.673247,77.516014,77.201547,75.786447,75.017971,73.29011,73.146122,73.002133,72.42618,3.373016,1.596806,1.195219,1.603206,1.616162,95.54818,94.573198,94.898192,94.248205,93.110726,98.460432,97.229677,98.812077,97.053855,93.889055,6.870229,7.378641,9.765625,7.184466,-6.806283,4.7866143333333335,4.103922,3.9024289166666666,80.34245800000001,79.97923683333333,79.413748,1537.948148148148,2057.9917508417507,2488.6257397721356,97.23,89.58,83.705,12,12,12
2011-03-01,2011,3,1,6.123233995736766e-17,5.314461,79.080937,81.461386,5.314461,0.8825787506339777,5.314461809658222,1492.695652173913,102.71692556934796,1262,1585,1262,1530,1492.695652173913,1492.695652173913,23,323,268,21.236133122028523,114.64,10.528345545699969,45.42686794367627,12,0,0,79.080937,81.461386,5.314461,71.832159,65.078889,15.092287,79.97367,72.973303,1.689458,79.402813,75.881902,4.771372,96.685658,99.515365,3.473492,5.292929,4.700337,4.366577,3.355705,2.870879,78.584158,77.983884,77.321513,76.659141,72.922953,80.748715,80.294258,79.984401,79.529944,77.350617,0.8660254037844386,0.49999999999999994,-2.4492935982947064e-16,-1,1,0.5000000000000001,0.8660254037844387,1,-1.8369701987210297e-16,6.123233995736766e-17,5.292929,4.700337,4.366577,3.355705,2.870879,0.5659894135892074,0.3873967875311024,0.24595378870693185,-0.06489315172867327,0.8619527221615408,5.292929656983825,4.7003368345082785,4.3665771000700015,3.3557046456544226,2.870879244555269,1181.1,1401.8,2030.9444444444443,2719.4545454545455,3206.8260869565215,97.80480022661679,151.84257776082646,131.2722685746385,211.02848538768802,220.64752891389983,1043,1107,1773,2444,2760,1301,1693,2179,2995,3574,1084,1693,2096,2741,2760,1251,1107,1773,2446,2998,1181.1,1401.8,2030.9444444444443,2719.4545454545455,3210.1739130434785,1181.1,1401.8,2030.9444444444443,2719.4545454545455,3206.8260869565215,20,20,18,22,23,258,586,406,551,814,167,-586,-323,-295,238,15.405904059040587,-34.61311281748376,-15.410305343511455,-10.76249543962058,8.6231884057971,103.72,96.52,91.45,77.84,78.83,7.459593866556147,5.54401312192454,7.234990619136972,1.038421599169248,6.888135593220346,40.63728813559322,26.716555074176185,22.817620198764455,15.062823355506282,69.38117748173613,12,12,12,12,12,0,0,0,0,0,0,0,0,0,0,78.584158,77.983884,77.321513,76.659141,72.922953,80.748715,80.294258,79.984401,79.529944,77.350617,5.292929,4.700337,4.366577,3.355705,2.870879,70.228043,69.295955,68.549353,66.894171,65.783847,62.612284,61.541847,60.987948,59.012536,56.544961,9.817249,8.55639,7.835573,5.681115,4.491411,79.398659,79.281881,77.963833,78.150906,77.172557,72.027435,72.02868,71.773538,72.398108,71.760932,0.395974,1.193089,2.196888,2.615736,4.524445,78.459413,78.144947,77.673247,77.201547,76.415381,75.017971,75.017971,73.29011,72.858145,72.42618,3.578529,3.373016,1.596806,1.402806,1.004016,96.035671,95.54818,94.573198,94.248205,94.248205,98.812077,98.460432,97.229677,97.053855,96.174744,5.243446,6.870229,7.378641,8.447937,1.109057,5.102575666666667,4.430381333333333,4.10606075,80.83478633333334,80.30114383333333,79.75631208333334,1358.531884057971,1853.5319352949787,2345.781536873585,104.96,95.71333333333334,86.68916666666667,12,12,12
2011-04-01,2011,4,0.8660254037844387,-0.49999999999999983,6.484777,80.291835,83.44447,6.484777,2.4343852926833165,6.484775808914556,1342.5555555555557,87.39512856407974,1250,1520,1520,1269,1342.5555555555557,1342.5555555555557,18,270,-251,-16.513157894736842,123.26,7.519190509420803,45.31950011789674,12,0,0,80.291835,83.44447,6.484777,74.132685,68.175712,19.14034,80.735628,74.262141,3.937174,79.71728,76.02589,4.761905,96.848155,100.042832,3.07971,5.314461,5.292929,4.700337,3.355705,3.78933,79.080937,78.584158,77.983884,76.824734,74.237346,81.461386,80.748715,80.294258,79.529944,78.362817,1,0.8660254037844386,0.49999999999999994,-0.8660254037844386,0.8660254037844387,6.123233995736766e-17,0.5000000000000001,0.8660254037844387,0.5000000000000001,-0.49999999999999983,5.314461,5.292929,4.700337,3.355705,3.78933,0.8825787506339777,0.5659894135892074,0.3873967875311024,0,1.3085868468250217,5.314461809658222,5.292929656983825,4.7003368345082785,3.3557046456544226,3.789330649635869,1492.695652173913,1181.1,1401.8,2693.3333333333335,3040.6190476190477,102.71692556934796,97.80480022661679,151.84257776082646,91.24436055632881,141.60172180820265,1262,1043,1107,2452,2911,1585,1301,1693,2784,3359,1262,1084,1693,2452,2991,1530,1251,1107,2678,3354,1492.695652173913,1181.1,1401.8,2693.3333333333335,3040.6190476190477,1492.695652173913,1181.1,1401.8,2693.3333333333335,3040.6190476190477,23,20,20,21,21,323,258,586,332,448,268,167,-586,226,363,21.236133122028523,15.405904059040587,-34.61311281748376,9.216965742251215,12.136409227683043,114.64,103.72,96.52,82.67,84.82,10.528345545699969,7.459593866556147,5.54401312192454,6.205035971223016,7.598629963211967,45.42686794367627,40.63728813559322,26.716555074176185,13.60450735193075,69.03148664806696,12,12,12,12,12,0,0,0,0,0,0,0,0,0,0,79.080937,78.584158,77.983884,76.824734,74.237346,81.461386,80.748715,80.294258,79.529944,78.362817,5.314461,5.292929,4.700337,3.355705,3.78933,71.832159,70.228043,69.295955,67.038669,66.157491,65.078889,62.612284,61.541847,59.130844,57.22303,15.092287,9.817249,8.55639,5.627363,3.78687,79.97367,79.398659,79.281881,78.017748,77.074667,72.973303,72.027435,72.02868,72.190045,71.449067,1.689458,0.395974,1.193089,1.531235,3.837021,79.402813,78.459413,78.144947,77.35878,76.415381,75.881902,75.017971,75.017971,73.146122,72.570168,4.771372,3.578529,3.373016,0.994036,0.8,96.685658,96.035671,95.54818,94.573198,94.248205,99.515365,98.812077,98.460432,97.405499,97.053855,3.473492,5.243446,6.870229,8.414873,5.142857,5.697389,4.9518933333333335,4.330681333333334,81.884857,80.95356483333333,80.17978316666667,1338.7837359098228,1628.402305665349,2204.2762458682937,113.87333333333333,102.47833333333334,89.8925,12,12,12
2011-05-01,2011,5,0.49999999999999994,-0.8660254037844387,6.274459,81.171547,84.146813,6.274459,0.8416890897623208,6.274459443820857,1352.4,66.43825784337785,1271,1480,1292,1480,1352.4,1352.4,20,209,188,14.55108359133126,114.99,-6.709394775271793,51.402238314680694,12,0,0,81.171547,84.146813,6.274459,74.88212,69.044885,20.125405,81.122606,74.932962,5.490532,80.031746,77.177798,6.138614,97.010652,99.86701,2.342342,6.484777,5.314461,5.292929,3.552279,4.583902,80.291835,79.080937,78.584158,77.042075,74.951465,83.44447,81.461386,80.748715,79.788159,79.178773,0.8660254037844387,1,0.8660254037844386,-0.5000000000000004,0.49999999999999994,-0.49999999999999983,6.123233995736766e-17,0.5000000000000001,0.8660254037844384,-0.8660254037844387,6.484777,5.314461,5.292929,3.552279,4.583902,2.4343852926833165,0.8825787506339777,0.5659894135892074,0.32467645142564283,1.041254042717732,6.484775808914556,5.314461809658222,5.292929656983825,3.552279449288487,4.583900993993062,1342.5555555555557,1492.695652173913,1181.1,2321.318181818182,3838.0526315789475,87.39512856407974,102.71692556934796,97.80480022661679,171.1213399521316,248.34238768375369,1250,1262,1043,2099,3352,1520,1585,1301,2648,4209,1520,1262,1084,2648,3352,1269,1530,1251,2099,4078,1342.5555555555557,1492.695652173913,1181.1,2321.318181818182,3838.0526315789475,1342.5555555555557,1492.695652173913,1181.1,2321.318181818182,3838.0526315789475,18,23,20,22,19,270,323,258,549,857,-251,268,167,-549,726,-16.513157894736842,21.236133122028523,15.405904059040587,-20.73262839879154,21.658711217183768,123.26,114.64,103.72,85.28,75.95,7.519190509420803,10.528345545699969,7.459593866556147,3.157130760856419,-10.45743928318792,45.31950011789674,45.42686794367627,40.63728813559322,11.244456039655626,32.54799301919722,12,12,12,12,12,0,0,0,0,0,0,0,0,0,0,80.291835,79.080937,78.584158,77.042075,74.951465,83.44447,81.461386,80.748715,79.788159,79.178773,6.484777,5.314461,5.292929,3.552279,4.583902,74.132685,71.832159,70.228043,67.598713,66.297376,68.175712,65.078889,62.612284,59.932314,57.477338,19.14034,15.092287,9.817249,6.70519,4.436795,80.735628,79.97367,79.398659,78.203119,77.18542,74.262141,72.973303,72.027435,72.530565,71.032879,3.937174,1.689458,0.395974,2.542732,2.565776,79.71728,79.402813,78.459413,77.516014,76.572614,76.02589,75.881902,75.017971,73.146122,72.714156,4.761905,4.771372,3.578529,1.195219,0.59761,96.848155,96.685658,96.035671,94.898192,94.573198,100.042832,99.515365,98.812077,98.812077,97.581321,3.07971,3.473492,5.243446,9.765625,6.525912,6.024565666666667,5.40559,4.4715610833333335,83.01755633333333,81.68000716666667,80.5937865,1395.883735909823,1466.9159420289855,1997.1385265700483,117.63,107.43,93.14583333333333,12,12,12
2011-06-01,2011,6,1.2246467991473532e-16,-1,6.726633,81.937414,84.559955,6.726633,0.4909775965014962,6.726632610385375,1433.2272727272727,28.86575136267202,1400,1489,1485,1413,1433.2272727272727,1433.2272727272727,22,89,-72,-4.848484848484846,113.83,-1.0087833724671702,52.26056714820759,12,0,0,81.937414,84.559955,6.726633,75.773806,70.206062,22.520917,81.323453,75.264091,5.921519,80.503446,77.465775,6.95825,97.173149,100.042832,3.07971,6.274459,6.484777,5.314461,4.366577,4.509537,81.171547,80.291835,79.080937,77.321513,75.945022,84.146813,83.44447,81.461386,79.984401,79.230416,0.49999999999999994,0.8660254037844387,1,-2.4492935982947064e-16,1.2246467991473532e-16,-0.8660254037844387,-0.49999999999999983,6.123233995736766e-17,1,-1,6.274459,6.484777,5.314461,4.366577,4.509537,0.8416890897623208,2.4343852926833165,0.8825787506339777,0.24595378870693185,0.06522328907521135,6.274459443820857,6.484775808914556,5.314461809658222,4.3665771000700015,4.509537127804131,1352.4,1342.5555555555557,1492.695652173913,2030.9444444444443,3088,66.43825784337785,87.39512856407974,102.71692556934796,131.2722685746385,587.0502533855173,1271,1250,1262,1773,2406,1480,1520,1585,2179,4074,1292,1520,1262,2096,4074,1480,1269,1530,1773,2406,1352.4,1342.5555555555557,1492.695652173913,2030.9444444444443,3092.1363636363635,1352.4,1342.5555555555557,1492.695652173913,2030.9444444444443,3088,20,18,23,18,22,209,270,323,406,1668,188,-251,268,-323,-1668,14.55108359133126,-16.513157894736842,21.236133122028523,-15.410305343511455,-40.942562592047125,114.99,123.26,114.64,91.45,74.76,-6.709394775271793,7.519190509420803,10.528345545699969,7.234990619136972,-1.5668202764976935,51.402238314680694,45.31950011789674,45.42686794367627,22.817620198764455,8.963707914298213,12,12,12,12,12,0,0,0,0,0,0,0,0,0,0,81.171547,80.291835,79.080937,77.321513,75.945022,84.146813,83.44447,81.461386,79.984401,79.230416,6.274459,6.484777,5.314461,4.366577,4.509537,74.88212,74.132685,71.832159,68.549353,66.186542,69.044885,68.175712,65.078889,60.987948,57.301287,20.125405,19.14034,15.092287,7.835573,4.370827,81.122606,80.735628,79.97367,77.963833,77.221151,74.932962,74.262141,72.973303,71.773538,71.056468,5.490532,3.937174,1.689458,2.196888,2.056365,80.031746,79.71728,79.402813,77.673247,76.572614,77.177798,76.02589,75.881902,73.29011,72.42618,6.138614,4.761905,4.771372,1.596806,0.399202,97.010652,96.848155,96.685658,94.573198,94.410701,99.86701,100.042832,99.515365,97.229677,97.053855,2.342342,3.07971,3.473492,7.378641,7.392996,6.495289666666666,5.7989326666666665,4.656319083333333,84.05041266666666,82.4425995,81.03791475,1376.060942760943,1367.2964134094568,1859.240799297321,117.36,111.16,96.40166666666667,12,12,12
2011-07-01,2011,7,-0.4999999999999998,-0.8660254037844388,6.765548,82.103007,84.756198,6.765548,0.23207557288789094,6.7655472178145715,1365.5238095238096,60.509188597781616,1264,1453,1422,1264,1365.5238095238096,1365.5238095238096,21,189,-158,-11.111111111111116,116.97,2.758499516823343,54.76316485842816,12,0,0,82.103007,84.756198,6.765548,76.736394,71.405084,24.022718,81.819003,75.727825,4.991314,81.132379,78.041728,7.539683,97.335646,100.394476,3.442029,6.726633,6.274459,6.484777,4.700337,3.167785,81.937414,81.171547,80.291835,77.983884,76.22446,84.559955,84.146813,83.44447,80.294258,79.385345,1.2246467991473532e-16,0.49999999999999994,0.8660254037844387,0.49999999999999994,-0.4999999999999998,-1,-0.8660254037844387,-0.49999999999999983,0.8660254037844387,-0.8660254037844388,6.726633,6.274459,6.484777,4.700337,3.167785,0.4909775965014962,0.8416890897623208,2.4343852926833165,0.3873967875311024,0.19554232808773886,6.726632610385375,6.274459443820857,6.484775808914556,4.7003368345082785,3.1677863499234737,1433.2272727272727,1352.4,1342.5555555555557,1401.8,1909.7272727272727,28.86575136267202,66.43825784337785,87.39512856407974,151.84257776082646,185.79204499300818,1400,1271,1250,1107,1700,1489,1480,1520,1693,2351,1485,1292,1520,1693,2351,1413,1480,1269,1107,1967,1433.2272727272727,1352.4,1342.5555555555557,1401.8,1909.7272727272727,1433.2272727272727,1352.4,1342.5555555555557,1401.8,1909.7272727272727,22,20,18,20,22,89,209,270,586,651,-72,188,-251,-586,-384,-4.848484848484846,14.55108359133126,-16.513157894736842,-34.61311281748376,-16.333475116971496,113.83,114.99,123.26,96.52,75.58,-1.0087833724671702,-6.709394775271793,7.519190509420803,5.54401312192454,1.0968432316746934,52.26056714820759,51.402238314680694,45.31950011789674,26.716555074176185,17.287399130974546,12,12,12,12,12,0,0,0,0,0,0,0,0,0,0,81.937414,81.171547,80.291835,77.983884,76.22446,84.559955,84.146813,83.44447,80.294258,79.385345,6.726633,6.274459,6.484777,4.700337,3.167785,75.773806,74.88212,74.132685,69.295955,66.418489,70.206062,69.044885,68.175712,61.541847,57.574197,22.520917,20.125405,19.14034,8.55639,4.564565,81.323453,81.122606,80.735628,79.281881,78.11681,75.264091,74.932962,74.262141,72.02868,72.127704,5.921519,5.490532,3.937174,1.193089,3.88251,80.503446,80.031746,79.71728,78.144947,77.201547,77.465775,77.177798,76.02589,75.017971,72.570168,6.95825,6.138614,4.761905,3.373016,1.204819,97.173149,97.010652,96.848155,95.54818,94.410701,100.042832,99.86701,100.042832,98.460432,97.053855,3.07971,2.342342,3.07971,6.870229,7.184466,6.58888,6.1431345,4.956132666666667,84.48765533333334,83.18625616666667,81.48548583333333,1383.7170274170276,1361.2503816634253,1813.8905106970324,115.26333333333334,114.56833333333333,99.85083333333333,12,12,12
2011-08-01,2011,8,-0.8660254037844384,-0.5000000000000004,7.086308,82.930971,85.220983,7.086308,0.5483787746118685,7.086307539958958,1386.9545454545455,137.31419559422218,1253,1619,1256,1619,1386.9545454545455,1386.9545454545455,22,366,363,28.90127388535031,110.22,-5.770710438573989,43.068535825545155,12,0,0,82.930971,85.220983,7.086308,77.693085,72.678146,23.861226,82.13306,76.251121,5.974642,81.132379,78.185717,7.100592,97.498143,100.394476,3.442029,6.765548,6.726633,6.274459,5.292929,3.284182,82.103007,81.937414,81.171547,78.584158,76.276208,84.756198,84.559955,84.146813,80.748715,79.581587,-0.4999999999999998,1.2246467991473532e-16,0.49999999999999994,0.8660254037844386,-0.8660254037844384,-0.8660254037844388,-1,-0.8660254037844387,0.5000000000000001,-0.5000000000000004,6.765548,6.726633,6.274459,5.292929,3.284182,0.23207557288789094,0.4909775965014962,0.8416890897623208,0.5659894135892074,0.2472017977625418,6.7655472178145715,6.726632610385375,6.274459443820857,5.292929656983825,3.284182005526226,1365.5238095238096,1433.2272727272727,1352.4,1181.1,2432.3333333333335,60.509188597781616,28.86575136267202,66.43825784337785,97.80480022661679,319.9514546510663,1264,1400,1271,1043,1957,1453,1489,1480,1301,2861,1422,1485,1292,1084,1977,1264,1413,1480,1251,2713,1365.5238095238096,1433.2272727272727,1352.4,1181.1,2432.3333333333335,1365.5238095238096,1433.2272727272727,1352.4,1181.1,2432.3333333333335,21,22,20,20,21,189,89,209,258,904,-158,-72,188,167,736,-11.111111111111116,-4.848484848484846,14.55108359133126,15.405904059040587,37.2281234193222,116.97,113.83,114.99,103.72,77.04,2.758499516823343,-1.0087833724671702,-6.709394775271793,7.459593866556147,1.93172797036254,54.76316485842816,52.26056714820759,51.402238314680694,40.63728813559322,6.247414149772457,12,12,12,12,12,0,0,0,0,0,0,0,0,0,0,82.103007,81.937414,81.171547,78.584158,76.276208,84.756198,84.559955,84.146813,80.748715,79.581587,6.765548,6.726633,6.274459,5.292929,3.284182,76.736394,75.773806,74.88212,70.228043,66.590052,71.405084,70.206062,69.044885,62.612284,58.677076,24.022718,22.520917,20.125405,9.817249,5.475068,81.819003,81.323453,81.122606,79.398659,78.014776,75.727825,75.264091,74.932962,72.027435,71.952233,4.991314,5.921519,5.490532,0.395974,1.370741,81.132379,80.503446,80.031746,78.459413,77.201547,78.041728,77.465775,77.177798,75.017971,73.002133,7.539683,6.95825,6.138614,3.578529,1.603206,97.335646,97.173149,97.010652,96.035671,94.248205,100.394476,100.042832,99.86701,98.812077,97.053855,3.442029,3.07971,2.342342,5.243446,7.184466,6.859496333333333,6.442031,5.2729765,84.845712,83.93163416666667,81.9554355,1395.2352092352094,1395.5594725725161,1726.7756117071335,113.67333333333333,115.65166666666667,102.61583333333333,12,12,12
2011-09-01,2011,9,-1,-1.8369701987210297e-16,7.727273,83.262157,85.67544,7.727273,0.533268901627193,7.727273138781521,1840.409090909091,77.52889420873638,1682,1928,1682,1899,1840.409090909091,1840.409090909091,22,246,217,12.901307966706298,112.83,2.3679912901469757,44.95118191161356,12,0,0,83.262157,85.67544,7.727273,78.482167,73.391793,24.366446,82.146008,76.207126,5.2612120000000004,81.761313,79.049647,8.498024,98.310627,100.921943,3.985507,7.086308,6.765548,6.726633,5.314461,3.355705,82.930971,82.103007,81.937414,79.080937,76.659141,85.220983,84.756198,84.559955,81.461386,79.529944,-0.8660254037844384,-0.4999999999999998,1.2246467991473532e-16,1,-1,-0.5000000000000004,-0.8660254037844388,-1,6.123233995736766e-17,-1.8369701987210297e-16,7.086308,6.765548,6.726633,5.314461,3.355705,0.5483787746118685,0.23207557288789094,0.4909775965014962,0.8825787506339777,-0.06489315172867327,7.086307539958958,6.7655472178145715,6.726632610385375,5.314461809658222,3.3557046456544226,1386.9545454545455,1365.5238095238096,1433.2272727272727,1492.695652173913,2719.4545454545455,137.31419559422218,60.509188597781616,28.86575136267202,102.71692556934796,211.02848538768802,1253,1264,1400,1262,2444,1619,1453,1489,1585,2995,1256,1422,1485,1262,2741,1619,1264,1413,1530,2446,1386.9545454545455,1365.5238095238096,1433.2272727272727,1492.695652173913,2719.4545454545455,1386.9545454545455,1365.5238095238096,1433.2272727272727,1492.695652173913,2719.4545454545455,22,21,22,23,22,366,189,89,323,551,363,-158,-72,268,-295,28.90127388535031,-11.111111111111116,-4.848484848484846,21.236133122028523,-10.76249543962058,110.22,116.97,113.83,114.64,77.84,-5.770710438573989,2.758499516823343,-1.0087833724671702,10.528345545699969,1.038421599169248,43.068535825545155,54.76316485842816,52.26056714820759,45.42686794367627,15.062823355506282,12,12,12,12,12,0,0,0,0,0,0,0,0,0,0,82.930971,82.103007,81.937414,79.080937,76.659141,85.220983,84.756198,84.559955,81.461386,79.529944,7.086308,6.765548,6.726633,5.314461,3.355705,77.693085,76.736394,75.773806,71.832159,66.894171,72.678146,71.405084,70.206062,65.078889,59.012536,23.861226,24.022718,22.520917,15.092287,5.681115,82.13306,81.819003,81.323453,79.97367,78.150906,76.251121,75.727825,75.264091,72.973303,72.398108,5.974642,4.991314,5.921519,1.689458,2.615736,81.132379,81.132379,80.503446,79.402813,77.201547,78.185717,78.041728,77.465775,75.881902,72.858145,7.100592,7.539683,6.95825,4.771372,1.402806,97.498143,97.335646,97.173149,96.685658,94.248205,100.394476,100.394476,100.042832,99.515365,97.053855,3.442029,3.442029,3.07971,3.473492,8.447937,7.193043,6.844166333333334,5.637273833333333,85.21754033333333,84.6339765,82.46756016666667,1530.9624819624821,1453.5117123617124,1653.5218238283455,113.34,115.35,105.53166666666667,12,12,12
2011-10-01,2011,10,-0.8660254037844386,0.5000000000000001,8.363636,83.593342,86.18154,8.363636,0.5907177132676633,8.363637223232544,2072.4761904761904,100.25448570892927,1885,2173,1886,1965,2072.8571428571427,2072.4761904761904,21,288,79,4.188759278897147,109.55,-2.907028272622536,32.51481795088906,12,0,0,83.593342,86.18154,8.363636,79.717327,74.625184,26.203482,82.825731,77.260474,7.023723,82.233012,80.63352,10.23622,98.473124,101.097765,3.790614,7.727273,7.086308,6.765548,6.484777,3.355705,83.262157,82.930971,82.103007,80.291835,76.824734,85.67544,85.220983,84.756198,83.44447,79.529944,-1,-0.8660254037844384,-0.4999999999999998,0.8660254037844387,-0.8660254037844386,-1.8369701987210297e-16,-0.5000000000000004,-0.8660254037844388,-0.49999999999999983,0.5000000000000001,7.727273,7.086308,6.765548,6.484777,3.355705,0.533268901627193,0.5483787746118685,0.23207557288789094,2.4343852926833165,0,7.727273138781521,7.086307539958958,6.7655472178145715,6.484775808914556,3.3557046456544226,1840.409090909091,1386.9545454545455,1365.5238095238096,1342.5555555555557,2693.3333333333335,77.52889420873638,137.31419559422218,60.509188597781616,87.39512856407974,91.24436055632881,1682,1253,1264,1250,2452,1928,1619,1453,1520,2784,1682,1256,1422,1520,2452,1899,1619,1264,1269,2678,1840.409090909091,1386.9545454545455,1365.5238095238096,1342.5555555555557,2693.3333333333335,1840.409090909091,1386.9545454545455,1365.5238095238096,1342.5555555555557,2693.3333333333335,22,22,21,18,21,246,366,189,270,332,217,363,-158,-251,226,12.901307966706298,28.90127388535031,-11.111111111111116,-16.513157894736842,9.216965742251215,112.83,110.22,116.97,123.26,82.67,2.3679912901469757,-5.770710438573989,2.758499516823343,7.519190509420803,6.205035971223016,44.95118191161356,43.068535825545155,54.76316485842816,45.31950011789674,13.60450735193075,12,12,12,12,12,0,0,0,0,0,0,0,0,0,0,83.262157,82.930971,82.103007,80.291835,76.824734,85.67544,85.220983,84.756198,83.44447,79.529944,7.727273,7.086308,6.765548,6.484777,3.355705,78.482167,77.693085,76.736394,74.132685,67.038669,73.391793,72.678146,71.405084,68.175712,59.130844,24.366446,23.861226,24.022718,19.14034,5.627363,82.146008,82.13306,81.819003,80.735628,78.017748,76.207126,76.251121,75.727825,74.262141,72.190045,5.2612120000000004,5.974642,4.991314,3.937174,1.531235,81.761313,81.132379,81.132379,79.71728,77.35878,79.049647,78.185717,78.041728,76.02589,73.146122,8.498024,7.100592,7.539683,4.761905,0.994036,98.310627,97.498143,97.335646,96.848155,94.573198,100.921943,100.394476,100.394476,100.042832,97.405499,3.985507,3.442029,3.442029,3.07971,8.414873,7.725739,7.1573095,6.054601416666666,85.69265433333334,85.09015483333333,83.02185983333334,1766.6132756132756,1575.1651515151516,1601.7837285902503,110.86666666666666,113.065,107.77166666666666,12,12,12
2011-11-01,2011,11,-0.5000000000000004,0.8660254037844384,8.582524,84.141869,86.635997,8.582524,0.5273252253324756,8.582524131180925,1835.3181818181818,41.078770283022926,1759,1912,1912,1846,1835.3181818181818,1835.3181818181818,22,153,-66,-3.451882845188281,110.77,1.1136467366499314,29.889774859287055,12,0,0,84.141869,86.635997,8.582524,80.926295,75.63686,26.203804,83.088444,77.731829,7.171133,82.233012,81.065485,10.826772,98.960615,102.504343,3.736655,8.363636,7.727273,7.086308,6.274459,3.552279,83.593342,83.262157,82.930971,81.171547,77.042075,86.18154,85.67544,85.220983,84.146813,79.788159,-0.8660254037844386,-1,-0.8660254037844384,0.49999999999999994,-0.5000000000000004,0.5000000000000001,-1.8369701987210297e-16,-0.5000000000000004,-0.8660254037844387,0.8660254037844384,8.363636,7.727273,7.086308,6.274459,3.552279,0.5907177132676633,0.533268901627193,0.5483787746118685,0.8416890897623208,0.32467645142564283,8.363637223232544,7.727273138781521,7.086307539958958,6.274459443820857,3.552279449288487,2072.4761904761904,1840.409090909091,1386.9545454545455,1352.4,2321.318181818182,100.25448570892927,77.52889420873638,137.31419559422218,66.43825784337785,171.1213399521316,1885,1682,1253,1271,2099,2173,1928,1619,1480,2648,1886,1682,1256,1292,2648,1965,1899,1619,1480,2099,2072.8571428571427,1840.409090909091,1386.9545454545455,1352.4,2321.318181818182,2072.4761904761904,1840.409090909091,1386.9545454545455,1352.4,2321.318181818182,21,22,22,20,22,288,246,366,209,549,79,217,363,188,-549,4.188759278897147,12.901307966706298,28.90127388535031,14.55108359133126,-20.73262839879154,109.55,112.83,110.22,114.99,85.28,-2.907028272622536,2.3679912901469757,-5.770710438573989,-6.709394775271793,3.157130760856419,32.51481795088906,44.95118191161356,43.068535825545155,51.402238314680694,11.244456039655626,12,12,12,12,12,0,0,0,0,0,0,0,0,0,0,83.593342,83.262157,82.930971,81.171547,77.042075,86.18154,85.67544,85.220983,84.146813,79.788159,8.363636,7.727273,7.086308,6.274459,3.552279,79.717327,78.482167,77.693085,74.88212,67.598713,74.625184,73.391793,72.678146,69.044885,59.932314,26.203482,24.366446,23.861226,20.125405,6.70519,82.825731,82.146008,82.13306,81.122606,78.203119,77.260474,76.207126,76.251121,74.932962,72.530565,7.023723,5.2612120000000004,5.974642,5.490532,2.542732,82.233012,81.761313,81.132379,80.031746,77.516014,80.63352,79.049647,78.185717,77.177798,73.146122,10.23622,8.498024,7.100592,6.138614,1.195219,98.473124,98.310627,97.498143,97.010652,94.898192,101.097765,100.921943,100.394476,99.86701,98.812077,3.790614,3.985507,3.442029,2.342342,9.765625,8.224477666666667,7.541987,6.4737884999999995,86.16432566666667,85.50501883333334,83.592513,1916.0678210678211,1655.6515151515152,1561.2837285902503,111.05,112.36166666666666,109.89583333333333,12,12,12
2011-12-01,2011,12,-2.4492935982947064e-16,1,9.01343,84.410957,87.193739,9.01343,0.6437762815841852,9.01343000618331,1868.8235294117646,48.46162824095685,1738,1930,1862,1738,1868.8235294117646,1868.8235294117646,17,192,-124,-6.659505907626206,107.87,-2.618037374740445,17.95516675779114,12,0,0,84.410957,87.193739,9.01343,81.52842,76.223793,24.98173,83.730809,78.991011,10.055897,82.547479,81.497451,11.198428,99.123112,102.855987,5.786618,8.582524,8.363636,7.727273,6.726633,4.366577,84.141869,83.593342,83.262157,81.937414,77.321513,86.635997,86.18154,85.67544,84.559955,79.984401,-0.5000000000000004,-0.8660254037844386,-1,1.2246467991473532e-16,-2.4492935982947064e-16,0.8660254037844384,0.5000000000000001,-1.8369701987210297e-16,-1,1,8.582524,8.363636,7.727273,6.726633,4.366577,0.5273252253324756,0.5907177132676633,0.533268901627193,0.4909775965014962,0.24595378870693185,8.582524131180925,8.363637223232544,7.727273138781521,6.726632610385375,4.3665771000700015,1835.3181818181818,2072.4761904761904,1840.409090909091,1433.2272727272727,2030.9444444444443,41.078770283022926,100.25448570892927,77.52889420873638,28.86575136267202,131.2722685746385,1759,1885,1682,1400,1773,1912,2173,1928,1489,2179,1912,1886,1682,1485,2096,1846,1965,1899,1413,1773,1835.3181818181818,2072.8571428571427,1840.409090909091,1433.2272727272727,2030.9444444444443,1835.3181818181818,2072.4761904761904,1840.409090909091,1433.2272727272727,2030.9444444444443,22,21,22,22,18,153,288,246,89,406,-66,79,217,-72,-323,-3.451882845188281,4.188759278897147,12.901307966706298,-4.848484848484846,-15.410305343511455,110.77,109.55,112.83,113.83,91.45,1.1136467366499314,-2.907028272622536,2.3679912901469757,-1.0087833724671702,7.234990619136972,29.889774859287055,32.51481795088906,44.95118191161356,52.26056714820759,22.817620198764455,12,12,12,12,12,0,0,0,0,0,0,0,0,0,0,84.141869,83.593342,83.262157,81.937414,77.321513,86.635997,86.18154,85.67544,84.559955,79.984401,8.582524,8.363636,7.727273,6.726633,4.366577,80.926295,79.717327,78.482167,75.773806,68.549353,75.63686,74.625184,73.391793,70.206062,60.987948,26.203804,26.203482,24.366446,22.520917,7.835573,83.088444,82.825731,82.146008,81.323453,77.963833,77.731829,77.260474,76.207126,75.264091,71.773538,7.171133,7.023723,5.2612120000000004,5.921519,2.196888,82.233012,82.233012,81.761313,80.503446,77.673247,81.065485,80.63352,79.049647,77.465775,73.29011,10.826772,10.23622,8.498024,6.95825,1.596806,98.960615,98.473124,98.310627,97.173149,94.573198,102.504343,101.097765,100.921943,100.042832,97.229677,3.736655,3.790614,3.985507,3.07971,7.378641,8.653196666666666,7.923119833333333,6.86102625,86.67042533333333,85.94398283333334,84.19329116666667,1925.5393005687122,1728.2508912655971,1547.773652337527,109.39666666666666,111.36833333333334,111.26416666666667,12,12,12
2012-01-01,2012,1,0.49999999999999994,0.8660254037844387,8.91433,84.855988,87.451953,8.91433,0.2961382353382058,8.914329839127477,1039.3809523809523,287.1582274967019,680,1624,1624,680,1040.6666666666665,1039.3809523809523,21,944,-944,-58.128078817733986,110.69,2.614257903031425,14.680895151263984,12,0,0,84.855988,87.451953,8.91433,81.983343,76.665098,24.573932,84.667765,79.360459,10.178972,82.861946,82.649358,10.172745,99.610602,103.207632,4.821429,9.01343,8.582524,8.363636,6.765548,4.700337,84.410957,84.141869,83.593342,82.103007,77.983884,87.193739,86.635997,86.18154,84.756198,80.294258,-2.4492935982947064e-16,-0.5000000000000004,-0.8660254037844386,-0.4999999999999998,0.49999999999999994,1,0.8660254037844384,0.5000000000000001,-0.8660254037844388,0.8660254037844387,9.01343,8.582524,8.363636,6.765548,4.700337,0.6437762815841852,0.5273252253324756,0.5907177132676633,0.23207557288789094,0.3873967875311024,9.01343000618331,8.582524131180925,8.363637223232544,6.7655472178145715,4.7003368345082785,1868.8235294117646,1835.3181818181818,2072.4761904761904,1365.5238095238096,1401.8,48.46162824095685,41.078770283022926,100.25448570892927,60.509188597781616,151.84257776082646,1738,1759,1885,1264,1107,1930,1912,2173,1453,1693,1862,1912,1886,1422,1693,1738,1846,1965,1264,1107,1868.8235294117646,1835.3181818181818,2072.8571428571427,1365.5238095238096,1401.8,1868.8235294117646,1835.3181818181818,2072.4761904761904,1365.5238095238096,1401.8,17,22,21,21,20,192,153,288,189,586,-124,-66,79,-158,-586,-6.659505907626206,-3.451882845188281,4.188759278897147,-11.111111111111116,-34.61311281748376,107.87,110.77,109.55,116.97,96.52,-2.618037374740445,1.1136467366499314,-2.907028272622536,2.758499516823343,5.54401312192454,17.95516675779114,29.889774859287055,32.51481795088906,54.76316485842816,26.716555074176185,12,12,12,12,12,0,0,0,0,0,0,0,0,0,0,84.410957,84.141869,83.593342,82.103007,77.983884,87.193739,86.635997,86.18154,84.756198,80.294258,9.01343,8.582524,8.363636,6.765548,4.700337,81.52842,80.926295,79.717327,76.736394,69.295955,76.223793,75.63686,74.625184,71.405084,61.541847,24.98173,26.203804,26.203482,24.022718,8.55639,83.730809,83.088444,82.825731,81.819003,79.281881,78.991011,77.731829,77.260474,75.727825,72.02868,10.055897,7.171133,7.023723,4.991314,1.193089,82.547479,82.233012,82.233012,81.132379,78.144947,81.497451,81.065485,80.63352,78.041728,75.017971,11.198428,10.826772,10.23622,7.539683,3.373016,99.123112,98.960615,98.473124,97.335646,95.54818,102.855987,102.504343,101.097765,100.394476,98.460432,5.786618,3.736655,3.790614,3.442029,6.870229,8.836761333333333,8.281250166666666,7.212192333333333,87.09389633333333,86.39327533333334,84.78976575,1581.174221203633,1673.8937484084543,1517.5720650359397,109.77666666666667,110.32166666666666,112.445,12,12,12
2012-02-01,2012,2,0.8660254037844386,0.5000000000000001,8.928115,85.073328,87.958053,8.928115,0.5787177788928233,8.928114831301027,702.6190476190476,32.32410275703904,647,750,662,750,702.6190476190476,702.6190476190476,21,103,88,13.293051359516618,119.33,7.805583160177076,15.050134978789043,12,0,0,85.073328,87.958053,8.928115,81.94985,76.431894,22.071723,85.313893,80.206456,11.355426,83.333646,82.361381,9.788868,100.098093,103.735098,4.982206,8.91433,9.01343,8.582524,7.086308,5.292929,84.855988,84.410957,84.141869,82.930971,78.584158,87.451953,87.193739,86.635997,85.220983,80.748715,0.49999999999999994,-2.4492935982947064e-16,-0.5000000000000004,-0.8660254037844384,0.8660254037844386,0.8660254037844387,1,0.8660254037844384,-0.5000000000000004,0.5000000000000001,8.91433,9.01343,8.582524,7.086308,5.292929,0.2961382353382058,0.6437762815841852,0.5273252253324756,0.5483787746118685,0.5659894135892074,8.914329839127477,9.01343000618331,8.582524131180925,7.086307539958958,5.292929656983825,1039.3809523809523,1868.8235294117646,1835.3181818181818,1386.9545454545455,1181.1,287.1582274967019,48.46162824095685,41.078770283022926,137.31419559422218,97.80480022661679,680,1738,1759,1253,1043,1624,1930,1912,1619,1301,1624,1862,1912,1256,1084,680,1738,1846,1619,1251,1040.6666666666665,1868.8235294117646,1835.3181818181818,1386.9545454545455,1181.1,1039.3809523809523,1868.8235294117646,1835.3181818181818,1386.9545454545455,1181.1,21,17,22,22,20,944,192,153,366,258,-944,-124,-66,363,167,-58.128078817733986,-6.659505907626206,-3.451882845188281,28.90127388535031,15.405904059040587,110.69,107.87,110.77,110.22,103.72,2.614257903031425,-2.618037374740445,1.1136467366499314,-5.770710438573989,7.459593866556147,14.680895151263984,17.95516675779114,29.889774859287055,43.068535825545155,40.63728813559322,12,12,12,12,12,0,0,0,0,0,0,0,0,0,0,84.855988,84.410957,84.141869,82.930971,78.584158,87.451953,87.193739,86.635997,85.220983,80.748715,8.91433,9.01343,8.582524,7.086308,5.292929,81.983343,81.52842,80.926295,77.693085,70.228043,76.665098,76.223793,75.63686,72.678146,62.612284,24.573932,24.98173,26.203804,23.861226,9.817249,84.667765,83.730809,83.088444,82.13306,79.398659,79.360459,78.991011,77.731829,76.251121,72.027435,10.178972,10.055897,7.171133,5.974642,0.395974,82.861946,82.547479,82.233012,81.132379,78.459413,82.649358,81.497451,81.065485,78.185717,75.017971,10.172745,11.198428,10.826772,7.100592,3.578529,99.610602,99.123112,98.960615,97.498143,96.035671,103.207632,102.855987,102.504343,100.394476,98.812077,4.821429,5.786618,3.736655,3.442029,5.243446,8.951958333333334,8.588218,7.5151245,87.53458166666667,86.84945366666666,85.39054391666667,1203.6078431372548,1559.837832102538,1477.698652337527,112.63,111.84,113.74583333333334,12,12,12
2012-03-01,2012,3,1,6.123233995736766e-17,8.786611,85.456262,88.619081,8.786611,0.7515264122547105,8.786610873524769,858.9545454545455,55.06660665803886,763,934,763,934,858.9545454545455,858.9545454545455,22,171,171,22.41153342070774,125.45,5.128634878069227,9.429518492672706,12,0,0,85.456262,88.619081,8.786611,83.047222,78.297319,20.311394,85.747577,80.651032,10.521285,84.277045,82.50537,8.728653,100.585584,104.614209,5.123675,8.928115,8.91433,9.01343,7.727273,5.314461,85.073328,84.855988,84.410957,83.262157,79.080937,87.958053,87.451953,87.193739,85.67544,81.461386,0.8660254037844386,0.49999999999999994,-2.4492935982947064e-16,-1,1,0.5000000000000001,0.8660254037844387,1,-1.8369701987210297e-16,6.123233995736766e-17,8.928115,8.91433,9.01343,7.727273,5.314461,0.5787177788928233,0.2961382353382058,0.6437762815841852,0.533268901627193,0.8825787506339777,8.928114831301027,8.914329839127477,9.01343000618331,7.727273138781521,5.314461809658222,702.6190476190476,1039.3809523809523,1868.8235294117646,1840.409090909091,1492.695652173913,32.32410275703904,287.1582274967019,48.46162824095685,77.52889420873638,102.71692556934796,647,680,1738,1682,1262,750,1624,1930,1928,1585,662,1624,1862,1682,1262,750,680,1738,1899,1530,702.6190476190476,1040.6666666666665,1868.8235294117646,1840.409090909091,1492.695652173913,702.6190476190476,1039.3809523809523,1868.8235294117646,1840.409090909091,1492.695652173913,21,21,17,22,23,103,944,192,246,323,88,-944,-124,217,268,13.293051359516618,-58.128078817733986,-6.659505907626206,12.901307966706298,21.236133122028523,119.33,110.69,107.87,112.83,114.64,7.805583160177076,2.614257903031425,-2.618037374740445,2.3679912901469757,10.528345545699969,15.050134978789043,14.680895151263984,17.95516675779114,44.95118191161356,45.42686794367627,12,12,12,12,12,0,0,0,0,0,0,0,0,0,0,85.073328,84.855988,84.410957,83.262157,79.080937,87.958053,87.451953,87.193739,85.67544,81.461386,8.928115,8.91433,9.01343,7.727273,5.314461,81.94985,81.983343,81.52842,78.482167,71.832159,76.431894,76.665098,76.223793,73.391793,65.078889,22.071723,24.573932,24.98173,24.366446,15.092287,85.313893,84.667765,83.730809,82.146008,79.97367,80.206456,79.360459,78.991011,76.207126,72.973303,11.355426,10.178972,10.055897,5.2612120000000004,1.689458,83.333646,82.861946,82.547479,81.761313,79.402813,82.361381,82.649358,81.497451,79.049647,75.881902,9.788868,10.172745,11.198428,8.498024,4.771372,100.098093,99.610602,99.123112,98.310627,96.685658,103.735098,103.207632,102.855987,100.921943,99.515365,4.982206,4.821429,5.786618,3.985507,3.473492,8.876352,8.764774333333333,7.804470333333334,88.00969566666667,87.34006049999999,85.9870185,866.9848484848485,1396.2620745267805,1424.8868934442464,118.49,113.94333333333333,114.64666666666666,12,12,12
2012-04-01,2012,4,0.8660254037844387,-0.49999999999999983,7.661839,86.284226,89.837852,7.661839,1.3752918516498847,7.661840263351194,1020.5263157894736,87.9143323045873,926,1156,934,1155,1020.5263157894736,1020.5263157894736,19,230,221,23.66167023554604,119.75,-4.543642885611798,-2.8476391367840415,12,0,0,86.284226,89.837852,7.661839,83.814055,79.248525,16.241581,86.039497,81.062332,9.157008,84.748745,82.50537,8.522727,100.748081,104.790031,4.745167,8.786611,8.928115,8.91433,8.363636,6.484777,85.456262,85.073328,84.855988,83.593342,80.291835,88.619081,87.958053,87.451953,86.18154,83.44447,1,0.8660254037844386,0.49999999999999994,-0.8660254037844386,0.8660254037844387,6.123233995736766e-17,0.5000000000000001,0.8660254037844387,0.5000000000000001,-0.49999999999999983,8.786611,8.928115,8.91433,8.363636,6.484777,0.7515264122547105,0.5787177788928233,0.2961382353382058,0.5907177132676633,2.4343852926833165,8.786610873524769,8.928114831301027,8.914329839127477,8.363637223232544,6.484775808914556,858.9545454545455,702.6190476190476,1039.3809523809523,2072.4761904761904,1342.5555555555557,55.06660665803886,32.32410275703904,287.1582274967019,100.25448570892927,87.39512856407974,763,647,680,1885,1250,934,750,1624,2173,1520,763,662,1624,1886,1520,934,750,680,1965,1269,858.9545454545455,702.6190476190476,1040.6666666666665,2072.8571428571427,1342.5555555555557,858.9545454545455,702.6190476190476,1039.3809523809523,2072.4761904761904,1342.5555555555557,22,21,21,21,18,171,103,944,288,270,171,88,-944,79,-251,22.41153342070774,13.293051359516618,-58.128078817733986,4.188759278897147,-16.513157894736842,125.45,119.33,110.69,109.55,123.26,5.128634878069227,7.805583160177076,2.614257903031425,-2.907028272622536,7.519190509420803,9.429518492672706,15.050134978789043,14.680895151263984,32.51481795088906,45.31950011789674,12,12,12,12,12,0,0,0,0,0,0,0,0,0,0,85.456262,85.073328,84.855988,83.593342,80.291835,88.619081,87.958053,87.451953,86.18154,83.44447,8.786611,8.928115,8.91433,8.363636,6.484777,83.047222,81.94985,81.983343,79.717327,74.132685,78.297319,76.431894,76.665098,74.625184,68.175712,20.311394,22.071723,24.573932,26.203482,19.14034,85.747577,85.313893,84.667765,82.825731,80.735628,80.651032,80.206456,79.360459,77.260474,74.262141,10.521285,11.355426,10.178972,7.023723,3.937174,84.277045,83.333646,82.861946,82.233012,79.71728,82.50537,82.361381,82.649358,80.63352,76.02589,8.728653,9.788868,10.172745,10.23622,4.761905,100.585584,100.098093,99.610602,98.473124,96.848155,104.614209,103.735098,103.207632,101.097765,100.042832,5.123675,4.982206,4.821429,3.790614,3.07971,8.458855,8.647808166666666,7.902558833333333,88.80499533333334,87.94944583333333,86.51980033333334,860.6999696210222,1220.9370954123276,1398.0511234637395,121.51,115.64333333333333,114.35416666666667,12,12,12
2012-05-01,2012,5,0.49999999999999994,-0.8660254037844387,7.610163,87.433027,90.550522,7.610163,0.7932847726590753,7.610162252966135,1103.695652173913,72.2687124447293,923,1165,1152,923,1103.695652173913,1103.695652173913,23,242,-229,-19.87847222222222,110.34,-7.858037578288101,-4.0438298982520156,12,0,0,87.433027,90.550522,7.610163,84.033941,79.107419,14.573902,86.252872,81.092013,8.219414,84.748745,82.50537,6.902985,100.748081,104.438387,4.577465,7.661839,8.786611,8.928115,8.582524,6.274459,86.284226,85.456262,85.073328,84.141869,81.171547,89.837852,88.619081,87.958053,86.635997,84.146813,0.8660254037844387,1,0.8660254037844386,-0.5000000000000004,0.49999999999999994,-0.49999999999999983,6.123233995736766e-17,0.5000000000000001,0.8660254037844384,-0.8660254037844387,7.661839,8.786611,8.928115,8.582524,6.274459,1.3752918516498847,0.7515264122547105,0.5787177788928233,0.5273252253324756,0.8416890897623208,7.661840263351194,8.786610873524769,8.928114831301027,8.582524131180925,6.274459443820857,1020.5263157894736,858.9545454545455,702.6190476190476,1835.3181818181818,1352.4,87.9143323045873,55.06660665803886,32.32410275703904,41.078770283022926,66.43825784337785,926,763,647,1759,1271,1156,934,750,1912,1480,934,763,662,1912,1292,1155,934,750,1846,1480,1020.5263157894736,858.9545454545455,702.6190476190476,1835.3181818181818,1352.4,1020.5263157894736,858.9545454545455,702.6190476190476,1835.3181818181818,1352.4,19,22,21,22,20,230,171,103,153,209,221,171,88,-66,188,23.66167023554604,22.41153342070774,13.293051359516618,-3.451882845188281,14.55108359133126,119.75,125.45,119.33,110.77,114.99,-4.543642885611798,5.128634878069227,7.805583160177076,1.1136467366499314,-6.709394775271793,-2.8476391367840415,9.429518492672706,15.050134978789043,29.889774859287055,51.402238314680694,12,12,12,12,12,0,0,0,0,0,0,0,0,0,0,86.284226,85.456262,85.073328,84.141869,81.171547,89.837852,88.619081,87.958053,86.635997,84.146813,7.661839,8.786611,8.928115,8.582524,6.274459,83.814055,83.047222,81.94985,80.926295,74.88212,79.248525,78.297319,76.431894,75.63686,69.044885,16.241581,20.311394,22.071723,26.203804,20.125405,86.039497,85.747577,85.313893,83.088444,81.122606,81.062332,80.651032,80.206456,77.731829,74.932962,9.157008,10.521285,11.355426,7.171133,5.490532,84.748745,84.277045,83.333646,82.233012,80.031746,82.50537,82.50537,82.361381,81.065485,77.177798,8.522727,8.728653,9.788868,10.826772,6.138614,100.748081,100.585584,100.098093,98.960615,97.010652,104.790031,104.614209,103.735098,102.504343,99.86701,4.745167,5.123675,4.982206,3.736655,2.342342,8.019537666666666,8.485748,8.0138675,89.66915166666666,88.60186666666667,87.05344275,994.3921711393107,1099.0000071382829,1377.325761144899,118.51333333333334,115.57166666666667,113.96666666666667,12,12,12
2012-06-01,2012,6,1.2246467991473532e-16,-1,7.805057,87.878057,91.159908,7.805057,0.6729790028156879,7.805057370241042,937.421052631579,45.93995572661931,872,1004,904,1004,937.421052631579,936.9473684210526,19,132,100,11.061946902654874,95.16,-13.75747688961393,-16.401651585697973,12,0,0,87.878057,91.159908,7.805057,83.387828,77.597493,10.528196,86.066085,80.43317,6.867923,85.063212,82.217393,6.133829,101.073075,104.790031,4.745167,7.610163,7.661839,8.786611,9.01343,6.726633,87.433027,86.284226,85.456262,84.410957,81.937414,90.550522,89.837852,88.619081,87.193739,84.559955,0.49999999999999994,0.8660254037844387,1,-2.4492935982947064e-16,1.2246467991473532e-16,-0.8660254037844387,-0.49999999999999983,6.123233995736766e-17,1,-1,7.610163,7.661839,8.786611,9.01343,6.726633,0.7932847726590753,1.3752918516498847,0.7515264122547105,0.6437762815841852,0.4909775965014962,7.610162252966135,7.661840263351194,8.786610873524769,9.01343000618331,6.726632610385375,1103.695652173913,1020.5263157894736,858.9545454545455,1868.8235294117646,1433.2272727272727,72.2687124447293,87.9143323045873,55.06660665803886,48.46162824095685,28.86575136267202,923,926,763,1738,1400,1165,1156,934,1930,1489,1152,934,763,1862,1485,923,1155,934,1738,1413,1103.695652173913,1020.5263157894736,858.9545454545455,1868.8235294117646,1433.2272727272727,1103.695652173913,1020.5263157894736,858.9545454545455,1868.8235294117646,1433.2272727272727,23,19,22,17,22,242,230,171,192,89,-229,221,171,-124,-72,-19.87847222222222,23.66167023554604,22.41153342070774,-6.659505907626206,-4.848484848484846,110.34,119.75,125.45,107.87,113.83,-7.858037578288101,-4.543642885611798,5.128634878069227,-2.618037374740445,-1.0087833724671702,-4.0438298982520156,-2.8476391367840415,9.429518492672706,17.95516675779114,52.26056714820759,12,12,12,12,12,0,0,0,0,0,0,0,0,0,0,87.433027,86.284226,85.456262,84.410957,81.937414,90.550522,89.837852,88.619081,87.193739,84.559955,7.610163,7.661839,8.786611,9.01343,6.726633,84.033941,83.814055,83.047222,81.52842,75.773806,79.107419,79.248525,78.297319,76.223793,70.206062,14.573902,16.241581,20.311394,24.98173,22.520917,86.252872,86.039497,85.747577,83.730809,81.323453,81.092013,81.062332,80.651032,78.991011,75.264091,8.219414,9.157008,10.521285,10.055897,5.921519,84.748745,84.748745,84.277045,82.547479,80.503446,82.50537,82.50537,82.50537,81.497451,77.465775,6.902985,8.522727,8.728653,11.198428,6.95825,100.748081,100.748081,100.585584,99.123112,97.173149,104.438387,104.790031,104.614209,102.855987,100.042832,4.577465,4.745167,5.123675,5.786618,3.07971,7.692353,8.2843525,8.103736166666666,90.516094,89.26289483333333,87.60343883333333,1020.5476735316552,943.7662610082518,1336.0085761369246,108.41666666666667,113.45333333333333,112.41083333333333,12,12,12
2012-07-01,2012,7,-0.4999999999999998,-0.8660254037844388,8.030709,88.157495,91.562722,8.030709,0.4418762686772215,8.030709447349205,1056.4545454545455,82.18314464699719,897,1162,1013,897,1056.4545454545455,1056.4545454545455,22,265,-116,-11.45113524185587,102.62,7.839428331231613,-12.268102932375813,12,0,0,88.157495,91.562722,8.030709,82.676031,76.135115,6.624222,86.95093,81.891274,8.13895,85.063212,82.217393,5.350554,101.235571,104.790031,4.378284,7.805057,7.610163,7.661839,8.91433,6.765548,87.878057,87.433027,86.284226,84.855988,82.103007,91.159908,90.550522,89.837852,87.451953,84.756198,1.2246467991473532e-16,0.49999999999999994,0.8660254037844387,0.49999999999999994,-0.4999999999999998,-1,-0.8660254037844387,-0.49999999999999983,0.8660254037844387,-0.8660254037844388,7.805057,7.610163,7.661839,8.91433,6.765548,0.6729790028156879,0.7932847726590753,1.3752918516498847,0.2961382353382058,0.23207557288789094,7.805057370241042,7.610162252966135,7.661840263351194,8.914329839127477,6.7655472178145715,937.421052631579,1103.695652173913,1020.5263157894736,1039.3809523809523,1365.5238095238096,45.93995572661931,72.2687124447293,87.9143323045873,287.1582274967019,60.509188597781616,872,923,926,680,1264,1004,1165,1156,1624,1453,904,1152,934,1624,1422,1004,923,1155,680,1264,937.421052631579,1103.695652173913,1020.5263157894736,1040.6666666666665,1365.5238095238096,936.9473684210526,1103.695652173913,1020.5263157894736,1039.3809523809523,1365.5238095238096,19,23,19,21,21,132,242,230,944,189,100,-229,221,-944,-158,11.061946902654874,-19.87847222222222,23.66167023554604,-58.128078817733986,-11.111111111111116,95.16,110.34,119.75,110.69,116.97,-13.75747688961393,-7.858037578288101,-4.543642885611798,2.614257903031425,2.758499516823343,-16.401651585697973,-4.0438298982520156,-2.8476391367840415,14.680895151263984,54.76316485842816,12,12,12,12,12,0,0,0,0,0,0,0,0,0,0,87.878057,87.433027,86.284226,84.855988,82.103007,91.159908,90.550522,89.837852,87.451953,84.756198,7.805057,7.610163,7.661839,8.91433,6.765548,83.387828,84.033941,83.814055,81.983343,76.736394,77.597493,79.107419,79.248525,76.665098,71.405084,10.528196,14.573902,16.241581,24.573932,24.022718,86.066085,86.252872,86.039497,84.667765,81.819003,80.43317,81.092013,81.062332,79.360459,75.727825,6.867923,8.219414,9.157008,10.178972,4.991314,85.063212,84.748745,84.748745,82.861946,81.132379,82.217393,82.50537,82.50537,82.649358,78.041728,6.133829,6.902985,8.522727,10.172745,7.539683,101.073075,100.748081,100.748081,99.610602,97.335646,104.790031,104.438387,104.790031,103.207632,100.394476,4.745167,4.577465,4.745167,4.821429,3.442029,7.815309666666667,8.137082333333334,8.209166249999999,91.09105066666666,89.948023,88.17064916666666,1032.5237500866792,946.6118598538507,1310.2528041311525,102.70666666666666,112.10833333333333,111.215,12,12,12
2012-08-01,2012,8,-0.8660254037844384,-0.5000000000000004,7.792995,88.426584,91.86225,7.792995,0.3271287631663178,7.792995065546249,758.9130434782609,58.78691338870201,703,878,878,703,758.9130434782609,758.9130434782609,23,175,-175,-19.93166287015945,113.36,10.465796141103102,2.8488477590274064,12,0,0,88.426584,91.86225,7.792995,82.42116,75.307712,3.618097,87.179964,81.763252,7.228918,85.534912,82.073404,4.972376,101.073075,104.614209,4.203152,8.030709,7.805057,7.610163,8.928115,7.086308,88.157495,87.878057,87.433027,85.073328,82.930971,91.562722,91.159908,90.550522,87.958053,85.220983,-0.4999999999999998,1.2246467991473532e-16,0.49999999999999994,0.8660254037844386,-0.8660254037844384,-0.8660254037844388,-1,-0.8660254037844387,0.5000000000000001,-0.5000000000000004,8.030709,7.805057,7.610163,8.928115,7.086308,0.4418762686772215,0.6729790028156879,0.7932847726590753,0.5787177788928233,0.5483787746118685,8.030709447349205,7.805057370241042,7.610162252966135,8.928114831301027,7.086307539958958,1056.4545454545455,937.421052631579,1103.695652173913,702.6190476190476,1386.9545454545455,82.18314464699719,45.93995572661931,72.2687124447293,32.32410275703904,137.31419559422218,897,872,923,647,1253,1162,1004,1165,750,1619,1013,904,1152,662,1256,897,1004,923,750,1619,1056.4545454545455,937.421052631579,1103.695652173913,702.6190476190476,1386.9545454545455,1056.4545454545455,936.9473684210526,1103.695652173913,702.6190476190476,1386.9545454545455,22,19,23,21,22,265,132,242,103,366,-116,100,-229,88,363,-11.45113524185587,11.061946902654874,-19.87847222222222,13.293051359516618,28.90127388535031,102.62,95.16,110.34,119.33,110.22,7.839428331231613,-13.75747688961393,-7.858037578288101,7.805583160177076,-5.770710438573989,-12.268102932375813,-16.401651585697973,-4.0438298982520156,15.050134978789043,43.068535825545155,12,12,12,12,12,0,0,0,0,0,0,0,0,0,0,88.157495,87.878057,87.433027,85.073328,82.930971,91.562722,91.159908,90.550522,87.958053,85.220983,8.030709,7.805057,7.610163,8.928115,7.086308,82.676031,83.387828,84.033941,81.94985,77.693085,76.135115,77.597493,79.107419,76.431894,72.678146,6.624222,10.528196,14.573902,22.071723,23.861226,86.95093,86.066085,86.252872,85.313893,82.13306,81.891274,80.43317,81.092013,80.206456,76.251121,8.13895,6.867923,8.219414,11.355426,5.974642,85.063212,85.063212,84.748745,83.333646,81.132379,82.217393,82.217393,82.50537,82.361381,78.185717,5.350554,6.133829,6.902985,9.788868,7.100592,101.235571,101.073075,100.748081,100.098093,97.498143,104.790031,104.790031,104.438387,103.735098,100.394476,4.378284,4.745167,4.577465,4.982206,3.442029,7.876253666666667,7.947895666666667,8.268056833333333,91.52829333333334,90.5987225,88.72408808333333,917.5962138547951,955.994192497053,1257.9160122997955,103.71333333333334,111.11333333333333,111.47666666666666,12,12,12
2012-09-01,2012,9,-1,-1.8369701987210297e-16,7.643159,89.140703,92.22375,7.643159,0.39352399924885706,7.643158879604228,707.05,43.73782537370888,661,774,698,766,707.05,707.05,20,113,68,9.742120343839545,112.86,-0.44107268877910943,0.026588673225202974,12,0,0,89.140703,92.22375,7.643159,82.657309,75.527515,2.910029,87.914564,83.106834,9.053889,86.163845,83.657277,5.82878,101.560565,105.844965,4.878049,7.792995,8.030709,7.805057,8.786611,7.727273,88.426584,88.157495,87.878057,85.456262,83.262157,91.86225,91.562722,91.159908,88.619081,85.67544,-0.8660254037844384,-0.4999999999999998,1.2246467991473532e-16,1,-1,-0.5000000000000004,-0.8660254037844388,-1,6.123233995736766e-17,-1.8369701987210297e-16,7.792995,8.030709,7.805057,8.786611,7.727273,0.3271287631663178,0.4418762686772215,0.6729790028156879,0.7515264122547105,0.533268901627193,7.792995065546249,8.030709447349205,7.805057370241042,8.786610873524769,7.727273138781521,758.9130434782609,1056.4545454545455,937.421052631579,858.9545454545455,1840.409090909091,58.78691338870201,82.18314464699719,45.93995572661931,55.06660665803886,77.52889420873638,703,897,872,763,1682,878,1162,1004,934,1928,878,1013,904,763,1682,703,897,1004,934,1899,758.9130434782609,1056.4545454545455,937.421052631579,858.9545454545455,1840.409090909091,758.9130434782609,1056.4545454545455,936.9473684210526,858.9545454545455,1840.409090909091,23,22,19,22,22,175,265,132,171,246,-175,-116,100,171,217,-19.93166287015945,-11.45113524185587,11.061946902654874,22.41153342070774,12.901307966706298,113.36,102.62,95.16,125.45,112.83,10.465796141103102,7.839428331231613,-13.75747688961393,5.128634878069227,2.3679912901469757,2.8488477590274064,-12.268102932375813,-16.401651585697973,9.429518492672706,44.95118191161356,12,12,12,12,12,0,0,0,0,0,0,0,0,0,0,88.426584,88.157495,87.878057,85.456262,83.262157,91.86225,91.562722,91.159908,88.619081,85.67544,7.792995,8.030709,7.805057,8.786611,7.727273,82.42116,82.676031,83.387828,83.047222,78.482167,75.307712,76.135115,77.597493,78.297319,73.391793,3.618097,6.624222,10.528196,20.311394,24.366446,87.179964,86.95093,86.066085,85.747577,82.146008,81.763252,81.891274,80.43317,80.651032,76.207126,7.228918,8.13895,6.867923,10.521285,5.2612120000000004,85.534912,85.063212,85.063212,84.277045,81.761313,82.073404,82.217393,82.217393,82.50537,79.049647,4.972376,5.350554,6.133829,8.728653,8.498024,101.073075,101.235571,101.073075,100.585584,98.310627,104.614209,104.790031,104.790031,104.614209,100.921943,4.203152,4.378284,4.745167,5.123675,3.985507,7.822287666666667,7.757320333333333,8.261047333333334,91.88290733333334,91.19950066666667,89.26978058333333,840.8058629776021,930.6767682546287,1163.4694213907046,109.61333333333333,109.015,111.47916666666667,12,12,12
2012-10-01,2012,10,-0.8660254037844386,0.5000000000000001,7.658198,89.523636,92.781492,7.658198,0.6047704631399142,7.658196871394973,952.4347826086956,100.48601263448492,777,1109,777,1026,952.4347826086956,952.4347826086956,23,332,249,32.04633204633205,111.71,-1.0189615452773415,1.971702418986765,12,0,0,89.523636,92.781492,7.658198,83.014739,75.699822,1.440047,88.74029,84.846226,9.818413,86.792778,85.673115,6.25,101.885559,106.196609,5.043478,7.643159,7.792995,8.030709,7.661839,8.363636,89.140703,88.426584,88.157495,86.284226,83.593342,92.22375,91.86225,91.562722,89.837852,86.18154,-1,-0.8660254037844384,-0.4999999999999998,0.8660254037844387,-0.8660254037844386,-1.8369701987210297e-16,-0.5000000000000004,-0.8660254037844388,-0.49999999999999983,0.5000000000000001,7.643159,7.792995,8.030709,7.661839,8.363636,0.39352399924885706,0.3271287631663178,0.4418762686772215,1.3752918516498847,0.5907177132676633,7.643158879604228,7.792995065546249,8.030709447349205,7.661840263351194,8.363637223232544,707.05,758.9130434782609,1056.4545454545455,1020.5263157894736,2072.4761904761904,43.73782537370888,58.78691338870201,82.18314464699719,87.9143323045873,100.25448570892927,661,703,897,926,1885,774,878,1162,1156,2173,698,878,1013,934,1886,766,703,897,1155,1965,707.05,758.9130434782609,1056.4545454545455,1020.5263157894736,2072.8571428571427,707.05,758.9130434782609,1056.4545454545455,1020.5263157894736,2072.4761904761904,20,23,22,19,21,113,175,265,230,288,68,-175,-116,221,79,9.742120343839545,-19.93166287015945,-11.45113524185587,23.66167023554604,4.188759278897147,112.86,113.36,102.62,119.75,109.55,-0.44107268877910943,10.465796141103102,7.839428331231613,-4.543642885611798,-2.907028272622536,0.026588673225202974,2.8488477590274064,-12.268102932375813,-2.8476391367840415,32.51481795088906,12,12,12,12,12,0,0,0,0,0,0,0,0,0,0,89.140703,88.426584,88.157495,86.284226,83.593342,92.22375,91.86225,91.562722,89.837852,86.18154,7.643159,7.792995,8.030709,7.661839,8.363636,82.657309,82.42116,82.676031,83.814055,79.717327,75.527515,75.307712,76.135115,79.248525,74.625184,2.910029,3.618097,6.624222,16.241581,26.203482,87.914564,87.179964,86.95093,86.039497,82.825731,83.106834,81.763252,81.891274,81.062332,77.260474,9.053889,7.228918,8.13895,9.157008,7.023723,86.163845,85.534912,85.063212,84.748745,82.233012,83.657277,82.073404,82.217393,82.50537,80.63352,5.82878,4.972376,5.350554,8.522727,10.23622,101.560565,101.073075,101.235571,100.748081,98.473124,105.844965,104.614209,104.790031,104.790031,101.097765,4.878049,4.203152,4.378284,4.745167,3.790614,7.698117333333333,7.7567135,8.202260833333334,92.289164,91.69010733333333,89.81977658333334,806.1326086956522,919.3281793911657,1070.1326374017467,112.64333333333333,107.675,111.65916666666666,12,12,12
2012-11-01,2012,11,-0.5000000000000004,0.8660254037844384,7.439199,90.403348,93.081021,7.439199,0.32283270460879976,7.439198743219877,1024.6363636363637,63.7222734883819,916,1104,1000,1086,1024.6363636363637,1024.6363636363637,22,188,86,8.600000000000009,109.06,-2.3722137677915978,-1.5437392795883298,12,0,0,90.403348,93.081021,7.439199,83.55827,76.946932,1.732054,89.34311,85.938871,10.558149,86.950011,86.825022,7.104796,101.885559,106.548253,3.945111,7.658198,7.643159,7.792995,7.610163,8.582524,89.523636,89.140703,88.426584,87.433027,84.141869,92.781492,92.22375,91.86225,90.550522,86.635997,-0.8660254037844386,-1,-0.8660254037844384,0.49999999999999994,-0.5000000000000004,0.5000000000000001,-1.8369701987210297e-16,-0.5000000000000004,-0.8660254037844387,0.8660254037844384,7.658198,7.643159,7.792995,7.610163,8.582524,0.6047704631399142,0.39352399924885706,0.3271287631663178,0.7932847726590753,0.5273252253324756,7.658196871394973,7.643158879604228,7.792995065546249,7.610162252966135,8.582524131180925,952.4347826086956,707.05,758.9130434782609,1103.695652173913,1835.3181818181818,100.48601263448492,43.73782537370888,58.78691338870201,72.2687124447293,41.078770283022926,777,661,703,923,1759,1109,774,878,1165,1912,777,698,878,1152,1912,1026,766,703,923,1846,952.4347826086956,707.05,758.9130434782609,1103.695652173913,1835.3181818181818,952.4347826086956,707.05,758.9130434782609,1103.695652173913,1835.3181818181818,23,20,23,23,22,332,113,175,242,153,249,68,-175,-229,-66,32.04633204633205,9.742120343839545,-19.93166287015945,-19.87847222222222,-3.451882845188281,111.71,112.86,113.36,110.34,110.77,-1.0189615452773415,-0.44107268877910943,10.465796141103102,-7.858037578288101,1.1136467366499314,1.971702418986765,0.026588673225202974,2.8488477590274064,-4.0438298982520156,29.889774859287055,12,12,12,12,12,0,0,0,0,0,0,0,0,0,0,89.523636,89.140703,88.426584,87.433027,84.141869,92.781492,92.22375,91.86225,90.550522,86.635997,7.658198,7.643159,7.792995,7.610163,8.582524,83.014739,82.657309,82.42116,84.033941,80.926295,75.699822,75.527515,75.307712,79.107419,75.63686,1.440047,2.910029,3.618097,14.573902,26.203804,88.74029,87.914564,87.179964,86.252872,83.088444,84.846226,83.106834,81.763252,81.092013,77.731829,9.818413,9.053889,7.228918,8.219414,7.171133,86.792778,86.163845,85.534912,84.748745,82.233012,85.673115,83.657277,82.073404,82.50537,81.065485,6.25,5.82878,4.972376,6.902985,10.826772,101.885559,101.560565,101.073075,100.748081,98.960615,106.196609,105.844965,104.614209,104.438387,102.504343,5.043478,4.878049,4.203152,4.577465,3.736655,7.5801853333333336,7.7282195,8.10698375,92.695421,92.11185716666667,90.35686191666667,894.7070487483531,906.1516313015741,1002.5758192199285,111.21,107.46166666666667,111.51666666666667,12,12,12
2012-12-01,2012,12,-2.4492935982947064e-16,1,7.225776,90.682786,93.494163,7.225776,0.44385202865360185,7.225775694743408,855.6875,135.08995459816148,699,1077,1077,699,855.6875,855.6875,16,378,-378,-35.0974930362117,109.49,0.3942783788740023,1.5018077315286815,12,0,0,90.682786,93.494163,7.225776,84.137617,77.539473,1.726075,89.075239,85.062198,7.685921,87.264478,86.825022,6.537102,102.048056,106.724076,3.760684,7.439199,7.658198,7.643159,7.805057,9.01343,90.403348,89.523636,89.140703,87.878057,84.410957,93.081021,92.781492,92.22375,91.159908,87.193739,-0.5000000000000004,-0.8660254037844386,-1,1.2246467991473532e-16,-2.4492935982947064e-16,0.8660254037844384,0.5000000000000001,-1.8369701987210297e-16,-1,1,7.439199,7.658198,7.643159,7.805057,9.01343,0.32283270460879976,0.6047704631399142,0.39352399924885706,0.6729790028156879,0.6437762815841852,7.439198743219877,7.658196871394973,7.643158879604228,7.805057370241042,9.01343000618331,1024.6363636363637,952.4347826086956,707.05,937.421052631579,1868.8235294117646,63.7222734883819,100.48601263448492,43.73782537370888,45.93995572661931,48.46162824095685,916,777,661,872,1738,1104,1109,774,1004,1930,1000,777,698,904,1862,1086,1026,766,1004,1738,1024.6363636363637,952.4347826086956,707.05,937.421052631579,1868.8235294117646,1024.6363636363637,952.4347826086956,707.05,936.9473684210526,1868.8235294117646,22,23,20,19,17,188,332,113,132,192,86,249,68,100,-124,8.600000000000009,32.04633204633205,9.742120343839545,11.061946902654874,-6.659505907626206,109.06,111.71,112.86,95.16,107.87,-2.3722137677915978,-1.0189615452773415,-0.44107268877910943,-13.75747688961393,-2.618037374740445,-1.5437392795883298,1.971702418986765,0.026588673225202974,-16.401651585697973,17.95516675779114,12,12,12,12,12,0,0,0,0,0,0,0,0,0,0,90.403348,89.523636,89.140703,87.878057,84.410957,93.081021,92.781492,92.22375,91.159908,87.193739,7.439199,7.658198,7.643159,7.805057,9.01343,83.55827,83.014739,82.657309,83.387828,81.52842,76.946932,75.699822,75.527515,77.597493,76.223793,1.732054,1.440047,2.910029,10.528196,24.98173,89.34311,88.74029,87.914564,86.066085,83.730809,85.938871,84.846226,83.106834,80.43317,78.991011,10.558149,9.818413,9.053889,6.867923,10.055897,86.950011,86.792778,86.163845,85.063212,82.547479,86.825022,85.673115,83.657277,82.217393,81.497451,7.104796,6.25,5.82878,6.133829,11.198428,101.885559,101.885559,101.560565,101.073075,99.123112,106.548253,106.196609,105.844965,104.790031,102.855987,3.945111,5.043478,4.878049,4.745167,5.786618,7.441057666666667,7.631672666666667,7.958012583333334,93.118892,92.50089966666667,90.88189725,944.2528820816865,892.5293725296443,918.147816768948,110.08666666666666,109.85,111.65166666666667,12,12,12
2013-01-01,2013,1,0.49999999999999994,0.8660254037844387,7.487894,91.231313,94.000263,7.487894,0.5413172157068269,7.487894524208061,770.5909090909091,43.63338508954232,698,838,698,760,770.5909090909091,770.5909090909091,22,140,62,8.882521489971351,112.96,3.169239199926932,2.050772427500225,12,0,0,91.231313,94.000263,7.487894,84.99303,78.503983,2.398595,89.915765,85.318406,7.50745,87.578944,87.544965,5.923345,102.210553,107.07572,3.747871,7.225776,7.439199,7.658198,8.030709,8.91433,90.682786,90.403348,89.523636,88.157495,84.855988,93.494163,93.081021,92.781492,91.562722,87.451953,-2.4492935982947064e-16,-0.5000000000000004,-0.8660254037844386,-0.4999999999999998,0.49999999999999994,1,0.8660254037844384,0.5000000000000001,-0.8660254037844388,0.8660254037844387,7.225776,7.439199,7.658198,8.030709,8.91433,0.44385202865360185,0.32283270460879976,0.6047704631399142,0.4418762686772215,0.2961382353382058,7.225775694743408,7.439198743219877,7.658196871394973,8.030709447349205,8.914329839127477,855.6875,1024.6363636363637,952.4347826086956,1056.4545454545455,1039.3809523809523,135.08995459816148,63.7222734883819,100.48601263448492,82.18314464699719,287.1582274967019,699,916,777,897,680,1077,1104,1109,1162,1624,1077,1000,777,1013,1624,699,1086,1026,897,680,855.6875,1024.6363636363637,952.4347826086956,1056.4545454545455,1040.6666666666665,855.6875,1024.6363636363637,952.4347826086956,1056.4545454545455,1039.3809523809523,16,22,23,22,21,378,188,332,265,944,-378,86,249,-116,-944,-35.0974930362117,8.600000000000009,32.04633204633205,-11.45113524185587,-58.128078817733986,109.49,109.06,111.71,102.62,110.69,0.3942783788740023,-2.3722137677915978,-1.0189615452773415,7.839428331231613,2.614257903031425,1.5018077315286815,-1.5437392795883298,1.971702418986765,-12.268102932375813,14.680895151263984,12,12,12,12,12,0,0,0,0,0,0,0,0,0,0,90.682786,90.403348,89.523636,88.157495,84.855988,93.494163,93.081021,92.781492,91.562722,87.451953,7.225776,7.439199,7.658198,8.030709,8.91433,84.137617,83.55827,83.014739,82.676031,81.983343,77.539473,76.946932,75.699822,76.135115,76.665098,1.726075,1.732054,1.440047,6.624222,24.573932,89.075239,89.34311,88.74029,86.95093,84.667765,85.062198,85.938871,84.846226,81.891274,79.360459,7.685921,10.558149,9.818413,8.13895,10.178972,87.264478,86.950011,86.792778,85.063212,82.861946,86.825022,86.825022,85.673115,82.217393,82.649358,6.537102,7.104796,6.25,5.350554,10.172745,102.048056,101.885559,101.885559,101.235571,99.610602,106.724076,106.548253,106.196609,104.790031,103.207632,3.760684,3.945111,5.043478,4.378284,4.821429,7.384289666666667,7.5412035,7.839142916666667,93.525149,92.9071565,91.42758975,883.6382575757576,844.88543313570494,895.7486464947777,110.50333333333333,111.57333333333332,111.84083333333334,12,12,12
2013-02-01,2013,2,0.8660254037844386,0.5000000000000001,7.327384,91.396905,94.403077,7.327384,0.428524332958502,7.327383656389008,744.95,5.7626291514240355,735,757,750,757,744.95,744.95,20,22,7,0.9333333333333416,116.05,2.7354815864022664,-2.748680130729908,12,0,0,91.396905,94.403077,7.327384,85.599919,79.51476,4.033481,90.282855,85.81281,6.989904,88.365111,87.112999,5.7692310000000004,103.185534,108.65812,4.745763,7.487894,7.225776,7.439199,7.792995,8.928115,91.231313,90.682786,90.403348,88.426584,85.073328,94.000263,93.494163,93.081021,91.86225,87.958053,0.49999999999999994,-2.4492935982947064e-16,-0.5000000000000004,-0.8660254037844384,0.8660254037844386,0.8660254037844387,1,0.8660254037844384,-0.5000000000000004,0.5000000000000001,7.487894,7.225776,7.439199,7.792995,8.928115,0.5413172157068269,0.44385202865360185,0.32283270460879976,0.3271287631663178,0.5787177788928233,7.487894524208061,7.225775694743408,7.439198743219877,7.792995065546249,8.928114831301027,770.5909090909091,855.6875,1024.6363636363637,758.9130434782609,702.6190476190476,43.63338508954232,135.08995459816148,63.7222734883819,58.78691338870201,32.32410275703904,698,699,916,703,647,838,1077,1104,878,750,698,1077,1000,878,662,760,699,1086,703,750,770.5909090909091,855.6875,1024.6363636363637,758.9130434782609,702.6190476190476,770.5909090909091,855.6875,1024.6363636363637,758.9130434782609,702.6190476190476,22,16,22,23,21,140,378,188,175,103,62,-378,86,-175,88,8.882521489971351,-35.0974930362117,8.600000000000009,-19.93166287015945,13.293051359516618,112.96,109.49,109.06,113.36,119.33,3.169239199926932,0.3942783788740023,-2.3722137677915978,10.465796141103102,7.805583160177076,2.050772427500225,1.5018077315286815,-1.5437392795883298,2.8488477590274064,15.050134978789043,12,12,12,12,12,0,0,0,0,0,0,0,0,0,0,91.231313,90.682786,90.403348,88.426584,85.073328,94.000263,93.494163,93.081021,91.86225,87.958053,7.487894,7.225776,7.439199,7.792995,8.928115,84.99303,84.137617,83.55827,82.42116,81.94985,78.503983,77.539473,76.946932,75.307712,76.431894,2.398595,1.726075,1.732054,3.618097,22.071723,89.915765,89.075239,89.34311,87.179964,85.313893,85.318406,85.062198,85.938871,81.763252,80.206456,7.50745,7.685921,10.558149,7.228918,11.355426,87.578944,87.264478,86.950011,85.534912,83.333646,87.544965,86.825022,86.825022,82.073404,82.361381,5.923345,6.537102,7.104796,4.972376,9.788868,102.210553,102.048056,101.885559,101.073075,100.098093,107.07572,106.724076,106.548253,104.614209,103.735098,3.747871,3.760684,3.945111,4.203152,4.982206,7.347018,7.4636016666666665,7.705748666666667,93.96583433333333,93.33062766666667,91.96467508333333,790.4094696969697,842.5582592226614,899.2762258598572,112.83333333333333,112.02166666666666,111.5675,12,12,12
2013-03-01,2013,3,1,6.123233995736766e-17,7.156177,91.893684,94.960819,7.156177,0.5908091322065712,7.156176670349357,876.1,51.12924798977588,776,935,776,910,876.1,876.1,20,159,134,17.268041237113408,108.47,-6.531667384747952,-13.535273017138305,12,0,0,91.893684,94.960819,7.156177,86.460853,80.588819,2.926665,90.785946,86.219972,6.904982,89.465744,86.969011,5.410122,103.348031,109.009764,4.201681,7.327384,7.487894,7.225776,7.643159,8.786611,91.396905,91.231313,90.682786,89.140703,85.456262,94.403077,94.000263,93.494163,92.22375,88.619081,0.8660254037844386,0.49999999999999994,-2.4492935982947064e-16,-1,1,0.5000000000000001,0.8660254037844387,1,-1.8369701987210297e-16,6.123233995736766e-17,7.327384,7.487894,7.225776,7.643159,8.786611,0.428524332958502,0.5413172157068269,0.44385202865360185,0.39352399924885706,0.7515264122547105,7.327383656389008,7.487894524208061,7.225775694743408,7.643158879604228,8.786610873524769,744.95,770.5909090909091,855.6875,707.05,858.9545454545455,5.7626291514240355,43.63338508954232,135.08995459816148,43.73782537370888,55.06660665803886,735,698,699,661,763,757,838,1077,774,934,750,698,1077,698,763,757,760,699,766,934,744.95,770.5909090909091,855.6875,707.05,858.9545454545455,744.95,770.5909090909091,855.6875,707.05,858.9545454545455,20,22,16,20,22,22,140,378,113,171,7,62,-378,68,171,0.9333333333333416,8.882521489971351,-35.0974930362117,9.742120343839545,22.41153342070774,116.05,112.96,109.49,112.86,125.45,2.7354815864022664,3.169239199926932,0.3942783788740023,-0.44107268877910943,5.128634878069227,-2.748680130729908,2.050772427500225,1.5018077315286815,0.026588673225202974,9.429518492672706,12,12,12,12,12,0,0,0,0,0,0,0,0,0,0,91.396905,91.231313,90.682786,89.140703,85.456262,94.403077,94.000263,93.494163,92.22375,88.619081,7.327384,7.487894,7.225776,7.643159,8.786611,85.599919,84.99303,84.137617,82.657309,83.047222,79.51476,78.503983,77.539473,75.527515,78.297319,4.033481,2.398595,1.726075,2.910029,20.311394,90.282855,89.915765,89.075239,87.914564,85.747577,85.81281,85.318406,85.062198,83.106834,80.651032,6.989904,7.50745,7.685921,9.053889,10.521285,88.365111,87.578944,87.264478,86.163845,84.277045,87.112999,87.544965,86.825022,83.657277,82.50537,5.7692310000000004,5.923345,6.537102,5.82878,8.728653,103.185534,102.210553,102.048056,101.560565,100.585584,108.65812,107.07572,106.724076,105.844965,104.614209,4.745763,3.747871,3.760684,4.878049,5.123675,7.3238183333333335,7.382438,7.5698791666666665,94.45471966666666,93.78680583333333,92.49315325,797.2136363636364,870.7332592226614,900.705013738645,112.49333333333333,111.28999999999999,110.1525,12,12,12
2013-04-01,2013,4,0.8660254037844387,-0.49999999999999983,6.047367,92.493958,95.270676,6.047367,0.3262998395159089,6.047366315036107,874,11.47170431975999,856,896,896,863,874,874,21,40,-33,-3.6830357142857095,102.25,-5.73430441596755,-14.613778705636749,12,0,0,92.493958,95.270676,6.047367,87.285195,82.077495,3.569745,91.081004,86.565339,6.788613,89.622977,87.400976,5.933682,103.185534,108.482298,3.52349,7.156177,7.327384,7.487894,7.658198,7.661839,91.893684,91.396905,91.231313,89.523636,86.284226,94.960819,94.403077,94.000263,92.781492,89.837852,1,0.8660254037844386,0.49999999999999994,-0.8660254037844386,0.8660254037844387,6.123233995736766e-17,0.5000000000000001,0.8660254037844387,0.5000000000000001,-0.49999999999999983,7.156177,7.327384,7.487894,7.658198,7.661839,0.5908091322065712,0.428524332958502,0.5413172157068269,0.6047704631399142,1.3752918516498847,7.156176670349357,7.327383656389008,7.487894524208061,7.658196871394973,7.661840263351194,876.1,744.95,770.5909090909091,952.4347826086956,1020.5263157894736,51.12924798977588,5.7626291514240355,43.63338508954232,100.48601263448492,87.9143323045873,776,735,698,777,926,935,757,838,1109,1156,776,750,698,777,934,910,757,760,1026,1155,876.1,744.95,770.5909090909091,952.4347826086956,1020.5263157894736,876.1,744.95,770.5909090909091,952.4347826086956,1020.5263157894736,20,20,22,23,19,159,22,140,332,230,134,7,62,249,221,17.268041237113408,0.9333333333333416,8.882521489971351,32.04633204633205,23.66167023554604,108.47,116.05,112.96,111.71,119.75,-6.531667384747952,2.7354815864022664,3.169239199926932,-1.0189615452773415,-4.543642885611798,-13.535273017138305,-2.748680130729908,2.050772427500225,1.971702418986765,-2.8476391367840415,12,12,12,12,12,0,0,0,0,0,0,0,0,0,0,91.893684,91.396905,91.231313,89.523636,86.284226,94.960819,94.403077,94.000263,92.781492,89.837852,7.156177,7.327384,7.487894,7.658198,7.661839,86.460853,85.599919,84.99303,83.014739,83.814055,80.588819,79.51476,78.503983,75.699822,79.248525,2.926665,4.033481,2.398595,1.440047,16.241581,90.785946,90.282855,89.915765,88.74029,86.039497,86.219972,85.81281,85.318406,84.846226,81.062332,6.904982,6.989904,7.50745,9.818413,9.157008,89.465744,88.365111,87.578944,86.792778,84.748745,86.969011,87.112999,87.544965,85.673115,82.50537,5.410122,5.7692310000000004,5.923345,6.25,8.522727,103.348031,103.185534,102.210553,101.885559,100.748081,109.009764,108.65812,107.07572,106.196609,104.790031,4.201681,4.745763,3.747871,5.043478,4.745167,6.843642666666667,7.113966166666667,7.435339833333333,94.87819066666667,94.20166983333334,92.94588858333333,831.6833333333334,857.6607954545455,888.4944874228556,108.92333333333333,109.71333333333334,108.69416666666666,12,12,12
2013-05-01,2013,5,0.49999999999999994,-0.8660254037844387,5.543515,92.773396,95.570205,5.543515,0.3143978951088755,5.543516358746126,851.3809523809524,28.295717326966976,809,892,862,809,851.3809523809524,851.3809523809524,21,83,-53,-6.148491879350349,102.56,0.3031784841075913,-7.050933478339683,12,0,0,92.773396,95.570205,5.543515,87.438772,82.49201,4.278475,91.212584,86.766942,6.998136,89.465744,87.400976,5.933682,103.023037,108.130653,3.535354,6.047367,7.156177,7.327384,7.439199,7.610163,92.493958,91.893684,91.396905,90.403348,87.433027,95.270676,94.960819,94.403077,93.081021,90.550522,0.8660254037844387,1,0.8660254037844386,-0.5000000000000004,0.49999999999999994,-0.49999999999999983,6.123233995736766e-17,0.5000000000000001,0.8660254037844384,-0.8660254037844387,6.047367,7.156177,7.327384,7.439199,7.610163,0.3262998395159089,0.5908091322065712,0.428524332958502,0.32283270460879976,0.7932847726590753,6.047366315036107,7.156176670349357,7.327383656389008,7.439198743219877,7.610162252966135,874,876.1,744.95,1024.6363636363637,1103.695652173913,11.47170431975999,51.12924798977588,5.7626291514240355,63.7222734883819,72.2687124447293,856,776,735,916,923,896,935,757,1104,1165,896,776,750,1000,1152,863,910,757,1086,923,874,876.1,744.95,1024.6363636363637,1103.695652173913,874,876.1,744.95,1024.6363636363637,1103.695652173913,21,20,20,22,23,40,159,22,188,242,-33,134,7,86,-229,-3.6830357142857095,17.268041237113408,0.9333333333333416,8.600000000000009,-19.87847222222222,102.25,108.47,116.05,109.06,110.34,-5.73430441596755,-6.531667384747952,2.7354815864022664,-2.3722137677915978,-7.858037578288101,-14.613778705636749,-13.535273017138305,-2.748680130729908,-1.5437392795883298,-4.0438298982520156,12,12,12,12,12,0,0,0,0,0,0,0,0,0,0,92.493958,91.893684,91.396905,90.403348,87.433027,95.270676,94.960819,94.403077,93.081021,90.550522,6.047367,7.156177,7.327384,7.439199,7.610163,87.285195,86.460853,85.599919,83.55827,84.033941,82.077495,80.588819,79.51476,76.946932,79.107419,3.569745,2.926665,4.033481,1.732054,14.573902,91.081004,90.785946,90.282855,89.34311,86.252872,86.565339,86.219972,85.81281,85.938871,81.092013,6.788613,6.904982,6.989904,10.558149,8.219414,89.622977,89.465744,88.365111,86.950011,84.748745,87.400976,86.969011,87.112999,86.825022,82.50537,5.933682,5.410122,5.7692310000000004,7.104796,6.902985,103.185534,103.348031,103.185534,101.885559,100.748081,108.482298,109.009764,108.65812,106.548253,104.438387,3.52349,4.201681,4.745763,3.945111,4.577465,6.249019666666666,6.798018833333334,7.263119166666667,95.26723333333334,94.61653383333334,93.3641955,867.1603174603175,828.7848935786436,867.4682624401089,104.42666666666666,108.63,108.04583333333333,12,12,12
2013-06-01,2013,6,1.2246467991473532e-16,-1,5.007931,92.990737,95.725133,5.007931,0.16210910084371033,5.007930679350836,940.5,129.6560226542767,801,1171,806,1171,940.5,940.5,20,370,365,45.285359801488845,102.92,0.35101404056161467,8.154686843211433,12,0,0,92.990737,95.725133,5.007931,87.482952,82.639161,6.497205,91.439501,87.036006,8.209096,89.622977,87.400976,6.304729,102.860541,107.779009,2.852349,5.543515,6.047367,7.156177,7.225776,7.805057,92.773396,92.493958,91.893684,90.682786,87.878057,95.570205,95.270676,94.960819,93.494163,91.159908,0.49999999999999994,0.8660254037844387,1,-2.4492935982947064e-16,1.2246467991473532e-16,-0.8660254037844387,-0.49999999999999983,6.123233995736766e-17,1,-1,5.543515,6.047367,7.156177,7.225776,7.805057,0.3143978951088755,0.3262998395159089,0.5908091322065712,0.44385202865360185,0.6729790028156879,5.543516358746126,6.047366315036107,7.156176670349357,7.225775694743408,7.805057370241042,851.3809523809524,874,876.1,855.6875,937.421052631579,28.295717326966976,11.47170431975999,51.12924798977588,135.08995459816148,45.93995572661931,809,856,776,699,872,892,896,935,1077,1004,862,896,776,1077,904,809,863,910,699,1004,851.3809523809524,874,876.1,855.6875,937.421052631579,851.3809523809524,874,876.1,855.6875,936.9473684210526,21,21,20,16,19,83,40,159,378,132,-53,-33,134,-378,100,-6.148491879350349,-3.6830357142857095,17.268041237113408,-35.0974930362117,11.061946902654874,102.56,102.25,108.47,109.49,95.16,0.3031784841075913,-5.73430441596755,-6.531667384747952,0.3942783788740023,-13.75747688961393,-7.050933478339683,-14.613778705636749,-13.535273017138305,1.5018077315286815,-16.401651585697973,12,12,12,12,12,0,0,0,0,0,0,0,0,0,0,92.773396,92.493958,91.893684,90.682786,87.878057,95.570205,95.270676,94.960819,93.494163,91.159908,5.543515,6.047367,7.156177,7.225776,7.805057,87.438772,87.285195,86.460853,84.137617,83.387828,82.49201,82.077495,80.588819,77.539473,77.597493,4.278475,3.569745,2.926665,1.726075,10.528196,91.212584,91.081004,90.785946,89.075239,86.066085,86.766942,86.565339,86.219972,85.062198,80.43317,6.998136,6.788613,6.904982,7.685921,6.867923,89.465744,89.622977,89.465744,87.264478,85.063212,87.400976,87.400976,86.969011,86.825022,82.217393,5.933682,5.933682,5.410122,6.537102,6.133829,103.023037,103.185534,103.348031,102.048056,101.073075,108.130653,108.482298,109.009764,106.724076,104.790031,3.535354,3.52349,4.201681,3.760684,4.745167,5.532937666666667,6.428378,7.030025333333334,95.52200466666666,94.98836216666666,93.74463091666667,888.6269841269841,842.9203102453102,867.7248413874772,102.57666666666667,107.535,108.6925,12,12,12
2013-07-01,2013,7,-0.4999999999999998,-0.8660254037844388,4.65877,93.15633,95.828419,4.65877,0.10789851814569928,4.658770410953927,1123.1304347826087,32.07704411091023,1062,1179,1179,1062,1123.1304347826087,1123.1304347826087,23,117,-117,-9.92366412213741,107.93,4.867858530897795,5.174429935685043,12,0,0,93.15633,95.828419,4.65877,87.656355,82.558694,8.437078,92.073841,87.10083,6.361551,90.566377,87.688953,6.654991,102.535547,106.548253,1.677852,5.007931,5.543515,6.047367,7.487894,8.030709,92.990737,92.773396,92.493958,91.231313,88.157495,95.725133,95.570205,95.270676,94.000263,91.562722,1.2246467991473532e-16,0.49999999999999994,0.8660254037844387,0.49999999999999994,-0.4999999999999998,-1,-0.8660254037844387,-0.49999999999999983,0.8660254037844387,-0.8660254037844388,5.007931,5.543515,6.047367,7.487894,8.030709,0.16210910084371033,0.3143978951088755,0.3262998395159089,0.5413172157068269,0.4418762686772215,5.007930679350836,5.543516358746126,6.047366315036107,7.487894524208061,8.030709447349205,940.5,851.3809523809524,874,770.5909090909091,1056.4545454545455,129.6560226542767,28.295717326966976,11.47170431975999,43.63338508954232,82.18314464699719,801,809,856,698,897,1171,892,896,838,1162,806,862,896,698,1013,1171,809,863,760,897,940.5,851.3809523809524,874,770.5909090909091,1056.4545454545455,940.5,851.3809523809524,874,770.5909090909091,1056.4545454545455,20,21,21,22,22,370,83,40,140,265,365,-53,-33,62,-116,45.285359801488845,-6.148491879350349,-3.6830357142857095,8.882521489971351,-11.45113524185587,102.92,102.56,102.25,112.96,102.62,0.35101404056161467,0.3031784841075913,-5.73430441596755,3.169239199926932,7.839428331231613,8.154686843211433,-7.050933478339683,-14.613778705636749,2.050772427500225,-12.268102932375813,12,12,12,12,12,0,0,0,0,0,0,0,0,0,0,92.990737,92.773396,92.493958,91.231313,88.157495,95.725133,95.570205,95.270676,94.000263,91.562722,5.007931,5.543515,6.047367,7.487894,8.030709,87.482952,87.438772,87.285195,84.99303,82.676031,82.639161,82.49201,82.077495,78.503983,76.135115,6.497205,4.278475,3.569745,2.398595,6.624222,91.439501,91.212584,91.081004,89.915765,86.95093,87.036006,86.766942,86.565339,85.318406,81.891274,8.209096,6.998136,6.788613,7.50745,8.13895,89.622977,89.465744,89.622977,87.578944,85.063212,87.400976,87.400976,87.400976,87.544965,82.217393,6.304729,5.933682,5.933682,5.923345,5.350554,102.860541,103.023037,103.185534,102.210553,101.235571,107.779009,108.130653,108.482298,107.07572,104.790031,2.852349,3.535354,3.52349,3.747871,4.378284,5.070072,5.956857333333334,6.749030416666667,95.707919,95.29305483333333,94.10010566666666,971.6704623878537,901.6768978605935,873.2811654981492,104.47,106.69666666666667,109.135,12,12,12
2013-08-01,2013,8,-0.8660254037844384,-0.5000000000000004,4.699798,93.37367,96.17959,4.699798,0.36645809631901116,4.69979779506815,1088.095238095238,59.467558182512214,996,1169,1066,1132,1088.095238095238,1087.5714285714287,21,173,66,6.191369606003749,111.28,3.1038636153062127,-1.834862385321101,12,0,0,93.37367,96.17959,4.699798,87.922614,82.639159,9.735322,92.435153,87.681569,7.238358,90.880844,88.120918,7.368421,102.37305,105.669142,1.008403,4.65877,5.007931,5.543515,7.327384,7.792995,93.15633,92.990737,92.773396,91.396905,88.426584,95.828419,95.725133,95.570205,94.403077,91.86225,-0.4999999999999998,1.2246467991473532e-16,0.49999999999999994,0.8660254037844386,-0.8660254037844384,-0.8660254037844388,-1,-0.8660254037844387,0.5000000000000001,-0.5000000000000004,4.65877,5.007931,5.543515,7.327384,7.792995,0.10789851814569928,0.16210910084371033,0.3143978951088755,0.428524332958502,0.3271287631663178,4.658770410953927,5.007930679350836,5.543516358746126,7.327383656389008,7.792995065546249,1123.1304347826087,940.5,851.3809523809524,744.95,758.9130434782609,32.07704411091023,129.6560226542767,28.295717326966976,5.7626291514240355,58.78691338870201,1062,801,809,735,703,1179,1171,892,757,878,1179,806,862,750,878,1062,1171,809,757,703,1123.1304347826087,940.5,851.3809523809524,744.95,758.9130434782609,1123.1304347826087,940.5,851.3809523809524,744.95,758.9130434782609,23,20,21,20,23,117,370,83,22,175,-117,365,-53,7,-175,-9.92366412213741,45.285359801488845,-6.148491879350349,0.9333333333333416,-19.93166287015945,107.93,102.92,102.56,116.05,113.36,4.867858530897795,0.35101404056161467,0.3031784841075913,2.7354815864022664,10.465796141103102,5.174429935685043,8.154686843211433,-7.050933478339683,-2.748680130729908,2.8488477590274064,12,12,12,12,12,0,0,0,0,0,0,0,0,0,0,93.15633,92.990737,92.773396,91.396905,88.426584,95.828419,95.725133,95.570205,94.403077,91.86225,4.65877,5.007931,5.543515,7.327384,7.792995,87.656355,87.482952,87.438772,85.599919,82.42116,82.558694,82.639161,82.49201,79.51476,75.307712,8.437078,6.497205,4.278475,4.033481,3.618097,92.073841,91.439501,91.212584,90.282855,87.179964,87.10083,87.036006,86.766942,85.81281,81.763252,6.361551,8.209096,6.998136,6.989904,7.228918,90.566377,89.622977,89.465744,88.365111,85.534912,87.688953,87.400976,87.400976,87.112999,82.073404,6.654991,6.304729,5.933682,5.7692310000000004,4.972376,102.535547,102.860541,103.023037,103.185534,101.073075,106.548253,107.779009,108.130653,108.65812,104.614209,1.677852,2.852349,3.535354,4.745763,4.203152,4.788833,5.518926333333333,6.491264,95.91104733333333,95.58914033333333,94.459884,1050.5752242926155,958.8677708764666,900.713015049564,107.37666666666667,105.90166666666667,108.96166666666667,12,12,12
2013-09-01,2013,9,-1,-1.8369701987210297e-16,4.670176,93.60136,96.530761,4.670176,0.3651200842091251,4.670175524200659,1680.5238095238096,318.4343918372541,1139,2127,1139,2003,1680.5238095238096,1680.5238095238096,21,988,864,75.85601404741,111.6,0.28756290438531895,-1.1164274322169154,12,0,0,93.60136,96.530761,4.670176,89.507505,85.006921,12.55093,92.700448,88.064823,5.965802,91.352544,88.84086,6.196213,102.37305,105.49332,-0.332226,4.699798,4.65877,5.007931,7.156177,7.643159,93.37367,93.15633,92.990737,91.893684,89.140703,96.17959,95.828419,95.725133,94.960819,92.22375,-0.8660254037844384,-0.4999999999999998,1.2246467991473532e-16,1,-1,-0.5000000000000004,-0.8660254037844388,-1,6.123233995736766e-17,-1.8369701987210297e-16,4.699798,4.65877,5.007931,7.156177,7.643159,0.36645809631901116,0.10789851814569928,0.16210910084371033,0.5908091322065712,0.39352399924885706,4.69979779506815,4.658770410953927,5.007930679350836,7.156176670349357,7.643158879604228,1088.095238095238,1123.1304347826087,940.5,876.1,707.05,59.467558182512214,32.07704411091023,129.6560226542767,51.12924798977588,43.73782537370888,996,1062,801,776,661,1169,1179,1171,935,774,1066,1179,806,776,698,1132,1062,1171,910,766,1088.095238095238,1123.1304347826087,940.5,876.1,707.05,1087.5714285714287,1123.1304347826087,940.5,876.1,707.05,21,23,20,20,20,173,117,370,159,113,66,-117,365,134,68,6.191369606003749,-9.92366412213741,45.285359801488845,17.268041237113408,9.742120343839545,111.28,107.93,102.92,108.47,112.86,3.1038636153062127,4.867858530897795,0.35101404056161467,-6.531667384747952,-0.44107268877910943,-1.834862385321101,5.174429935685043,8.154686843211433,-13.535273017138305,0.026588673225202974,12,12,12,12,12,0,0,0,0,0,0,0,0,0,0,93.37367,93.15633,92.990737,91.893684,89.140703,96.17959,95.828419,95.725133,94.960819,92.22375,4.699798,4.65877,5.007931,7.156177,7.643159,87.922614,87.656355,87.482952,86.460853,82.657309,82.639159,82.558694,82.639161,80.588819,75.527515,9.735322,8.437078,6.497205,2.926665,2.910029,92.435153,92.073841,91.439501,90.785946,87.914564,87.681569,87.10083,87.036006,86.219972,83.106834,7.238358,6.361551,8.209096,6.904982,9.053889,90.880844,90.566377,89.622977,89.465744,86.163845,88.120918,87.688953,87.400976,86.969011,83.657277,7.368421,6.654991,6.304729,5.410122,5.82878,102.37305,102.535547,102.860541,103.348031,101.560565,105.669142,106.548253,107.779009,109.009764,105.844965,1.008403,1.677852,2.852349,4.201681,4.878049,4.676248,5.104592833333333,6.243515416666667,96.17959,95.85079733333333,94.81880158333334,1297.249827467219,1092.9384057971015,981.8358325098815,110.27,106.42333333333333,108.85666666666667,12,12,12
2013-10-01,2013,10,-0.8660254037844386,0.5000000000000001,4.31927,93.818701,96.788975,4.31927,0.2674940063924325,4.319269838859663,1883.1739130434783,202.04739591894884,1484,2146,1994,1504,1883.1739130434783,1883.1739130434783,23,662,-490,-24.573721163490468,109.08,-2.2580645161290325,-2.3543102676573224,12,0,0,93.818701,96.788975,4.31927,89.460724,84.806284,12.029701,93.062155,88.944679,4.830448,91.509777,89.560803,4.537815,102.37305,105.49332,-0.662252,4.670176,4.699798,4.65877,6.047367,7.658198,93.60136,93.37367,93.15633,92.493958,89.523636,96.530761,96.17959,95.828419,95.270676,92.781492,-1,-0.8660254037844384,-0.4999999999999998,0.8660254037844387,-0.8660254037844386,-1.8369701987210297e-16,-0.5000000000000004,-0.8660254037844388,-0.49999999999999983,0.5000000000000001,4.670176,4.699798,4.65877,6.047367,7.658198,0.3651200842091251,0.36645809631901116,0.10789851814569928,0.3262998395159089,0.6047704631399142,4.670175524200659,4.69979779506815,4.658770410953927,6.047366315036107,7.658196871394973,1680.5238095238096,1088.095238095238,1123.1304347826087,874,952.4347826086956,318.4343918372541,59.467558182512214,32.07704411091023,11.47170431975999,100.48601263448492,1139,996,1062,856,777,2127,1169,1179,896,1109,1139,1066,1179,896,777,2003,1132,1062,863,1026,1680.5238095238096,1088.095238095238,1123.1304347826087,874,952.4347826086956,1680.5238095238096,1087.5714285714287,1123.1304347826087,874,952.4347826086956,21,21,23,21,23,988,173,117,40,332,864,66,-117,-33,249,75.85601404741,6.191369606003749,-9.92366412213741,-3.6830357142857095,32.04633204633205,111.6,111.28,107.93,102.25,111.71,0.28756290438531895,3.1038636153062127,4.867858530897795,-5.73430441596755,-1.0189615452773415,-1.1164274322169154,-1.834862385321101,5.174429935685043,-14.613778705636749,1.971702418986765,12,12,12,12,12,0,0,0,0,0,0,0,0,0,0,93.60136,93.37367,93.15633,92.493958,89.523636,96.530761,96.17959,95.828419,95.270676,92.781492,4.670176,4.699798,4.65877,6.047367,7.658198,89.507505,87.922614,87.656355,87.285195,83.014739,85.006921,82.639159,82.558694,82.077495,75.699822,12.55093,9.735322,8.437078,3.569745,1.440047,92.700448,92.435153,92.073841,91.081004,88.74029,88.064823,87.681569,87.10083,86.565339,84.846226,5.965802,7.238358,6.361551,6.788613,9.818413,91.352544,90.880844,90.566377,89.622977,86.792778,88.84086,88.120918,87.688953,87.400976,85.673115,6.196213,7.368421,6.654991,5.933682,6.25,102.37305,102.37305,102.535547,103.185534,101.885559,105.49332,105.669142,106.548253,108.482298,106.196609,-0.332226,1.008403,1.677852,3.52349,5.043478,4.563081333333334,4.816576666666666,5.965271416666667,96.49977533333333,96.10384716666667,95.1527585,1550.5976535541754,1261.1340579710145,1059.39742671278,110.65333333333334,107.56166666666667,108.6375,12,12,12
2013-11-01,2013,11,-0.5000000000000004,0.8660254037844384,4.260985,94.149887,97.047189,4.260985,0.26678038485272726,4.260984631872478,1558.857142857143,80.93904231845451,1483,1821,1525,1821,1558.857142857143,1558.857142857143,21,338,296,19.40983606557376,107.79,-1.1826182618261738,-1.1644966073720897,12,0,0,94.149887,97.047189,4.260985,89.706439,85.1469,10.656654,93.30238,89.620137,4.283587,91.66701,90.280745,3.9801,102.535547,104.790031,-1.650165,4.31927,4.670176,4.699798,5.543515,7.439199,93.818701,93.60136,93.37367,92.773396,90.403348,96.788975,96.530761,96.17959,95.570205,93.081021,-0.8660254037844386,-1,-0.8660254037844384,0.49999999999999994,-0.5000000000000004,0.5000000000000001,-1.8369701987210297e-16,-0.5000000000000004,-0.8660254037844387,0.8660254037844384,4.31927,4.670176,4.699798,5.543515,7.439199,0.2674940063924325,0.3651200842091251,0.36645809631901116,0.3143978951088755,0.32283270460879976,4.319269838859663,4.670175524200659,4.69979779506815,5.543516358746126,7.439198743219877,1883.1739130434783,1680.5238095238096,1088.095238095238,851.3809523809524,1024.6363636363637,202.04739591894884,318.4343918372541,59.467558182512214,28.295717326966976,63.7222734883819,1484,1139,996,809,916,2146,2127,1169,892,1104,1994,1139,1066,862,1000,1504,2003,1132,809,1086,1883.1739130434783,1680.5238095238096,1088.095238095238,851.3809523809524,1024.6363636363637,1883.1739130434783,1680.5238095238096,1087.5714285714287,851.3809523809524,1024.6363636363637,23,21,21,21,22,662,988,173,83,188,-490,864,66,-53,86,-24.573721163490468,75.85601404741,6.191369606003749,-6.148491879350349,8.600000000000009,109.08,111.6,111.28,102.56,109.06,-2.2580645161290325,0.28756290438531895,3.1038636153062127,0.3031784841075913,-2.3722137677915978,-2.3543102676573224,-1.1164274322169154,-1.834862385321101,-7.050933478339683,-1.5437392795883298,12,12,12,12,12,0,0,0,0,0,0,0,0,0,0,93.818701,93.60136,93.37367,92.773396,90.403348,96.788975,96.530761,96.17959,95.570205,93.081021,4.31927,4.670176,4.699798,5.543515,7.439199,89.460724,89.507505,87.922614,87.438772,83.55827,84.806284,85.006921,82.639159,82.49201,76.946932,12.029701,12.55093,9.735322,4.278475,1.732054,93.062155,92.700448,92.435153,91.212584,89.34311,88.944679,88.064823,87.681569,86.766942,85.938871,4.830448,5.965802,7.238358,6.998136,10.558149,91.509777,91.352544,90.880844,89.465744,86.950011,89.560803,88.84086,88.120918,87.400976,86.825022,4.537815,6.196213,7.368421,5.933682,7.104796,102.37305,102.37305,102.37305,103.023037,101.885559,105.49332,105.49332,105.669142,108.130653,106.548253,-0.662252,-0.332226,1.008403,3.535354,3.945111,4.416810333333333,4.602821666666666,5.70042025,96.788975,96.35001116666666,95.4832725,1707.5182884748103,1379.0467563837128,1103.9158249811783,109.49,108.43333333333334,108.53166666666667,12,12,12
2013-12-01,2013,12,-2.4492935982947064e-16,1,3.899691,94.418975,97.140146,3.899691,0.09578536066614518,3.899690507951825,2178.0588235294117,136.49014185474866,1865,2337,1865,2277,2178.0588235294117,2178.0588235294117,17,472,412,22.091152815013416,110.76,2.7553576398552826,1.1599232806649207,12,0,0,94.418975,97.140146,3.899691,90.152199,85.612073,10.410955,93.434145,90.237261,6.083857,91.824243,90.280745,3.9801,102.37305,104.438387,-2.14168,4.260985,4.31927,4.670176,5.007931,7.225776,94.149887,93.818701,93.60136,92.990737,90.682786,97.047189,96.788975,96.530761,95.725133,93.494163,-0.5000000000000004,-0.8660254037844386,-1,1.2246467991473532e-16,-2.4492935982947064e-16,0.8660254037844384,0.5000000000000001,-1.8369701987210297e-16,-1,1,4.260985,4.31927,4.670176,5.007931,7.225776,0.26678038485272726,0.2674940063924325,0.3651200842091251,0.16210910084371033,0.44385202865360185,4.260984631872478,4.319269838859663,4.670175524200659,5.007930679350836,7.225775694743408,1558.857142857143,1883.1739130434783,1680.5238095238096,940.5,855.6875,80.93904231845451,202.04739591894884,318.4343918372541,129.6560226542767,135.08995459816148,1483,1484,1139,801,699,1821,2146,2127,1171,1077,1525,1994,1139,806,1077,1821,1504,2003,1171,699,1558.857142857143,1883.1739130434783,1680.5238095238096,940.5,855.6875,1558.857142857143,1883.1739130434783,1680.5238095238096,940.5,855.6875,21,23,21,20,16,338,662,988,370,378,296,-490,864,365,-378,19.40983606557376,-24.573721163490468,75.85601404741,45.285359801488845,-35.0974930362117,107.79,109.08,111.6,102.92,109.49,-1.1826182618261738,-2.2580645161290325,0.28756290438531895,0.35101404056161467,0.3942783788740023,-1.1644966073720897,-2.3543102676573224,-1.1164274322169154,8.154686843211433,1.5018077315286815,12,12,12,12,12,0,0,0,0,0,0,0,0,0,0,94.149887,93.818701,93.60136,92.990737,90.682786,97.047189,96.788975,96.530761,95.725133,93.494163,4.260985,4.31927,4.670176,5.007931,7.225776,89.706439,89.460724,89.507505,87.482952,84.137617,85.1469,84.806284,85.006921,82.639161,77.539473,10.656654,12.029701,12.55093,6.497205,1.726075,93.30238,93.062155,92.700448,91.439501,89.075239,89.620137,88.944679,88.064823,87.036006,85.062198,4.283587,4.830448,5.965802,8.209096,7.685921,91.66701,91.509777,91.352544,89.622977,87.264478,90.280745,89.560803,88.84086,87.400976,86.825022,3.9801,4.537815,6.196213,6.304729,6.537102,102.535547,102.37305,102.37305,102.860541,102.048056,104.790031,105.49332,105.49332,107.779009,106.724076,-1.650165,-0.662252,-0.332226,2.852349,3.760684,4.159982,4.418115,5.4232465,96.99210333333333,96.58584666666667,95.78710441666666,1873.3632931433442,1585.3065603052814,1214.113435275296,109.21000000000001,109.74000000000001,108.6375,12,12,12
2014-01-01,2014,1,0.49999999999999994,0.8660254037844387,3.614987,95.195192,97.398361,3.614987,0.26581697746264066,3.614987758066146,1472.409090909091,306.35594907307984,1110,2113,2113,1110,1472.409090909091,1472.409090909091,22,1003,-1003,-47.46805489824894,108.12,-2.3835319609967542,-4.284702549575059,12,0,0,95.195192,97.398361,3.614987,91.122194,86.465947,10.142114,94.310792,91.289999,6.999184,92.453177,91.864617,4.934211,102.535547,104.965854,-1.970443,3.899691,4.260985,4.31927,4.65877,7.487894,94.418975,94.149887,93.818701,93.15633,91.231313,97.140146,97.047189,96.788975,95.828419,94.000263,-2.4492935982947064e-16,-0.5000000000000004,-0.8660254037844386,-0.4999999999999998,0.49999999999999994,1,0.8660254037844384,0.5000000000000001,-0.8660254037844388,0.8660254037844387,3.899691,4.260985,4.31927,4.65877,7.487894,0.09578536066614518,0.26678038485272726,0.2674940063924325,0.10789851814569928,0.5413172157068269,3.899690507951825,4.260984631872478,4.319269838859663,4.658770410953927,7.487894524208061,2178.0588235294117,1558.857142857143,1883.1739130434783,1123.1304347826087,770.5909090909091,136.49014185474866,80.93904231845451,202.04739591894884,32.07704411091023,43.63338508954232,1865,1483,1484,1062,698,2337,1821,2146,1179,838,1865,1525,1994,1179,698,2277,1821,1504,1062,760,2178.0588235294117,1558.857142857143,1883.1739130434783,1123.1304347826087,770.5909090909091,2178.0588235294117,1558.857142857143,1883.1739130434783,1123.1304347826087,770.5909090909091,17,21,23,23,22,472,338,662,117,140,412,296,-490,-117,62,22.091152815013416,19.40983606557376,-24.573721163490468,-9.92366412213741,8.882521489971351,110.76,107.79,109.08,107.93,112.96,2.7553576398552826,-1.1826182618261738,-2.2580645161290325,4.867858530897795,3.169239199926932,1.1599232806649207,-1.1644966073720897,-2.3543102676573224,5.174429935685043,2.050772427500225,12,12,12,12,12,0,0,0,0,0,0,0,0,0,0,94.418975,94.149887,93.818701,93.15633,91.231313,97.140146,97.047189,96.788975,95.828419,94.000263,3.899691,4.260985,4.31927,4.65877,7.487894,90.152199,89.706439,89.460724,87.656355,84.99303,85.612073,85.1469,84.806284,82.558694,78.503983,10.410955,10.656654,12.029701,8.437078,2.398595,93.434145,93.30238,93.062155,92.073841,89.915765,90.237261,89.620137,88.944679,87.10083,85.318406,6.083857,4.283587,4.830448,6.361551,7.50745,91.824243,91.66701,91.509777,90.566377,87.578944,90.280745,90.280745,89.560803,87.688953,87.544965,3.9801,3.9801,4.537815,6.654991,5.923345,102.37305,102.535547,102.37305,102.535547,102.210553,104.438387,104.790031,105.49332,106.548253,107.07572,-2.14168,-1.650165,-0.662252,1.677852,3.747871,3.925221,4.244151166666667,5.10050425,97.195232,96.84750366666667,96.07027925,1736.4416857652152,1643.5196696596952,1272.5982837601443,108.89,109.77166666666668,108.23416666666667,12,12,12
2014-02-01,2014,2,0.8660254037844386,0.5000000000000001,3.544858,95.629873,97.749532,3.544858,0.36055124171956443,3.5448579711019335,1139.85,57.50173910413493,1084,1258,1093,1258,1139.85,1139.85,20,174,165,15.096065873741992,108.9,0.7214206437291981,-6.16113744075829,12,0,0,95.629873,97.749532,3.544858,91.468702,86.779662,9.136545,94.954751,91.999659,7.209702,93.55381,92.296583,5.950413,102.698044,105.141676,-3.236246,3.614987,3.899691,4.260985,4.699798,7.327384,95.195192,94.418975,94.149887,93.37367,91.396905,97.398361,97.140146,97.047189,96.17959,94.403077,0.49999999999999994,-2.4492935982947064e-16,-0.5000000000000004,-0.8660254037844384,0.8660254037844386,0.8660254037844387,1,0.8660254037844384,-0.5000000000000004,0.5000000000000001,3.614987,3.899691,4.260985,4.699798,7.327384,0.26581697746264066,0.09578536066614518,0.26678038485272726,0.36645809631901116,0.428524332958502,3.614987758066146,3.899690507951825,4.260984631872478,4.69979779506815,7.327383656389008,1472.409090909091,2178.0588235294117,1558.857142857143,1088.095238095238,744.95,306.35594907307984,136.49014185474866,80.93904231845451,59.467558182512214,5.7626291514240355,1110,1865,1483,996,735,2113,2337,1821,1169,757,2113,1865,1525,1066,750,1110,2277,1821,1132,757,1472.409090909091,2178.0588235294117,1558.857142857143,1088.095238095238,744.95,1472.409090909091,2178.0588235294117,1558.857142857143,1087.5714285714287,744.95,22,17,21,21,20,1003,472,338,173,22,-1003,412,296,66,7,-47.46805489824894,22.091152815013416,19.40983606557376,6.191369606003749,0.9333333333333416,108.12,110.76,107.79,111.28,116.05,-2.3835319609967542,2.7553576398552826,-1.1826182618261738,3.1038636153062127,2.7354815864022664,-4.284702549575059,1.1599232806649207,-1.1644966073720897,-1.834862385321101,-2.748680130729908,12,12,12,12,12,0,0,0,0,0,0,0,0,0,0,95.195192,94.418975,94.149887,93.37367,91.396905,97.398361,97.140146,97.047189,96.17959,94.403077,3.614987,3.899691,4.260985,4.699798,7.327384,91.122194,90.152199,89.706439,87.922614,85.599919,86.465947,85.612073,85.1469,82.639159,79.51476,10.142114,10.410955,10.656654,9.735322,4.033481,94.310792,93.434145,93.30238,92.435153,90.282855,91.289999,90.237261,89.620137,87.681569,85.81281,6.999184,6.083857,4.283587,7.238358,6.989904,92.453177,91.824243,91.66701,90.880844,88.365111,91.864617,90.280745,90.280745,88.120918,87.112999,4.934211,3.9801,3.9801,7.368421,5.7692310000000004,102.535547,102.37305,102.535547,102.37305,103.185534,104.965854,104.438387,104.790031,105.669142,108.65812,-1.970443,-2.14168,-1.650165,1.008403,4.745763,3.686512,4.051661166666666,4.78529375,97.42934633333333,97.10916066666667,96.3491505,1596.7726381461675,1652.1454633104888,1305.5066170934776,109.26,109.375,107.63833333333334,12,12,12
2014-03-01,2014,3,1,6.123233995736766e-17,3.208614,95.961058,98.007746,3.208614,0.26415880947643355,3.208614913062191,1484.142857142857,98.26102264595342,1276,1621,1276,1362,1484.142857142857,1484.142857142857,21,345,86,6.739811912225702,107.48,-1.3039485766758507,-0.9126947543099395,12,0,0,95.961058,98.007746,3.208614,91.880099,87.267179,8.286955,95.539062,93.628138,8.59217,94.654443,93.736467,7.781457,102.37305,104.965854,-3.709677,3.544858,3.614987,3.899691,4.670176,7.156177,95.629873,95.195192,94.418975,93.60136,91.893684,97.749532,97.398361,97.140146,96.530761,94.960819,0.8660254037844386,0.49999999999999994,-2.4492935982947064e-16,-1,1,0.5000000000000001,0.8660254037844387,1,-1.8369701987210297e-16,6.123233995736766e-17,3.544858,3.614987,3.899691,4.670176,7.156177,0.36055124171956443,0.26581697746264066,0.09578536066614518,0.3651200842091251,0.5908091322065712,3.5448579711019335,3.614987758066146,3.899690507951825,4.670175524200659,7.156176670349357,1139.85,1472.409090909091,2178.0588235294117,1680.5238095238096,876.1,57.50173910413493,306.35594907307984,136.49014185474866,318.4343918372541,51.12924798977588,1084,1110,1865,1139,776,1258,2113,2337,2127,935,1093,2113,1865,1139,776,1258,1110,2277,2003,910,1139.85,1472.409090909091,2178.0588235294117,1680.5238095238096,876.1,1139.85,1472.409090909091,2178.0588235294117,1680.5238095238096,876.1,20,22,17,21,20,174,1003,472,988,159,165,-1003,412,864,134,15.096065873741992,-47.46805489824894,22.091152815013416,75.85601404741,17.268041237113408,108.9,108.12,110.76,111.6,108.47,0.7214206437291981,-2.3835319609967542,2.7553576398552826,0.28756290438531895,-6.531667384747952,-6.16113744075829,-4.284702549575059,1.1599232806649207,-1.1164274322169154,-13.535273017138305,12,12,12,12,12,0,0,0,0,0,0,0,0,0,0,95.629873,95.195192,94.418975,93.60136,91.893684,97.749532,97.398361,97.140146,96.530761,94.960819,3.544858,3.614987,3.899691,4.670176,7.156177,91.468702,91.122194,90.152199,89.507505,86.460853,86.779662,86.465947,85.612073,85.006921,80.588819,9.136545,10.142114,10.410955,12.55093,2.926665,94.954751,94.310792,93.434145,92.700448,90.785946,91.999659,91.289999,90.237261,88.064823,86.219972,7.209702,6.999184,6.083857,5.965802,6.904982,93.55381,92.453177,91.824243,91.352544,89.465744,92.296583,91.864617,90.280745,88.84086,86.969011,5.950413,4.934211,3.9801,6.196213,5.410122,102.698044,102.535547,102.37305,102.37305,103.348031,105.141676,104.965854,104.438387,105.49332,109.009764,-3.236246,-1.970443,-2.14168,-0.332226,4.201681,3.456153,3.8080675,4.456330166666667,97.71854633333334,97.35532483333333,96.60306108333333,1365.467316017316,1619.41530458033,1356.1768551887158,108.16666666666667,108.68833333333333,107.55583333333334,12,12,12
2014-04-01,2014,4,0.8660254037844387,-0.49999999999999983,3.241544,96.726925,98.358917,3.241544,0.3583094340318782,3.241544124238205,1045.35,126.66710410820124,930,1316,1316,943,1045.35,1045.35,20,386,-373,-28.34346504559271,107.76,0.2605135839225836,5.388753056234719,12,0,0,96.726925,98.358917,3.241544,92.878297,88.714342,8.086074,96.455378,94.279545,8.911426,95.283376,95.032363,8.731466,103.023037,104.438387,-3.727715,3.208614,3.544858,3.614987,4.31927,6.047367,95.961058,95.629873,95.195192,93.818701,92.493958,98.007746,97.749532,97.398361,96.788975,95.270676,1,0.8660254037844386,0.49999999999999994,-0.8660254037844386,0.8660254037844387,6.123233995736766e-17,0.5000000000000001,0.8660254037844387,0.5000000000000001,-0.49999999999999983,3.208614,3.544858,3.614987,4.31927,6.047367,0.26415880947643355,0.36055124171956443,0.26581697746264066,0.2674940063924325,0.3262998395159089,3.208614913062191,3.5448579711019335,3.614987758066146,4.319269838859663,6.047366315036107,1484.142857142857,1139.85,1472.409090909091,1883.1739130434783,874,98.26102264595342,57.50173910413493,306.35594907307984,202.04739591894884,11.47170431975999,1276,1084,1110,1484,856,1621,1258,2113,2146,896,1276,1093,2113,1994,896,1362,1258,1110,1504,863,1484.142857142857,1139.85,1472.409090909091,1883.1739130434783,874,1484.142857142857,1139.85,1472.409090909091,1883.1739130434783,874,21,20,22,23,21,345,174,1003,662,40,86,165,-1003,-490,-33,6.739811912225702,15.096065873741992,-47.46805489824894,-24.573721163490468,-3.6830357142857095,107.48,108.9,108.12,109.08,102.25,-1.3039485766758507,0.7214206437291981,-2.3835319609967542,-2.2580645161290325,-5.73430441596755,-0.9126947543099395,-6.16113744075829,-4.284702549575059,-2.3543102676573224,-14.613778705636749,12,12,12,12,12,0,0,0,0,0,0,0,0,0,0,95.961058,95.629873,95.195192,93.818701,92.493958,98.007746,97.749532,97.398361,96.788975,95.270676,3.208614,3.544858,3.614987,4.31927,6.047367,91.880099,91.468702,91.122194,89.460724,87.285195,87.267179,86.779662,86.465947,84.806284,82.077495,8.286955,9.136545,10.142114,12.029701,3.569745,95.539062,94.954751,94.310792,93.062155,91.081004,93.628138,91.999659,91.289999,88.944679,86.565339,8.59217,7.209702,6.999184,4.830448,6.788613,94.654443,93.55381,92.453177,91.509777,89.622977,93.736467,92.296583,91.864617,89.560803,87.400976,7.781457,5.950413,4.934211,4.537815,5.933682,102.37305,102.698044,102.535547,102.37305,103.185534,104.965854,105.141676,104.965854,105.49332,108.482298,-3.709677,-3.236246,-1.970443,-0.662252,3.52349,3.331672,3.6284465,4.2225115833333335,98.03873166666666,97.61698183333334,96.8604145,1223.1142857142856,1479.7779857397504,1370.4560218553825,108.04666666666667,108.46833333333333,108.015,12,12,12
2014-05-01,2014,5,0.49999999999999994,-0.8660254037844387,3.188155,96.954616,98.617131,3.188155,0.26252220731548537,3.1881547183036707,992.6666666666666,28.448784391135824,934,1027,993,934,992.6666666666666,990.2857142857143,21,93,-59,-5.941591137965762,109.54,1.6518188567186343,6.805772230889229,12,0,0,96.954616,98.617131,3.188155,93.820432,89.823203,8.887154,96.742577,95.350604,9.892779,95.440609,95.752305,9.555189,102.860541,104.086743,-3.739837,3.241544,3.208614,3.544858,4.260985,5.543515,96.726925,95.961058,95.629873,94.149887,92.773396,98.358917,98.007746,97.749532,97.047189,95.570205,0.8660254037844387,1,0.8660254037844386,-0.5000000000000004,0.49999999999999994,-0.49999999999999983,6.123233995736766e-17,0.5000000000000001,0.8660254037844384,-0.8660254037844387,3.241544,3.208614,3.544858,4.260985,5.543515,0.3583094340318782,0.26415880947643355,0.36055124171956443,0.26678038485272726,0.3143978951088755,3.241544124238205,3.208614913062191,3.5448579711019335,4.260984631872478,5.543516358746126,1045.35,1484.142857142857,1139.85,1558.857142857143,851.3809523809524,126.66710410820124,98.26102264595342,57.50173910413493,80.93904231845451,28.295717326966976,930,1276,1084,1483,809,1316,1621,1258,1821,892,1316,1276,1093,1525,862,943,1362,1258,1821,809,1045.35,1484.142857142857,1139.85,1558.857142857143,851.3809523809524,1045.35,1484.142857142857,1139.85,1558.857142857143,851.3809523809524,20,21,20,21,21,386,345,174,338,83,-373,86,165,296,-53,-28.34346504559271,6.739811912225702,15.096065873741992,19.40983606557376,-6.148491879350349,107.76,107.48,108.9,107.79,102.56,0.2605135839225836,-1.3039485766758507,0.7214206437291981,-1.1826182618261738,0.3031784841075913,5.388753056234719,-0.9126947543099395,-6.16113744075829,-1.1644966073720897,-7.050933478339683,12,12,12,12,12,0,0,0,0,0,0,0,0,0,0,96.726925,95.961058,95.629873,94.149887,92.773396,98.358917,98.007746,97.749532,97.047189,95.570205,3.241544,3.208614,3.544858,4.260985,5.543515,92.878297,91.880099,91.468702,89.706439,87.438772,88.714342,87.267179,86.779662,85.1469,82.49201,8.086074,8.286955,9.136545,10.656654,4.278475,96.455378,95.539062,94.954751,93.30238,91.212584,94.279545,93.628138,91.999659,89.620137,86.766942,8.911426,8.59217,7.209702,4.283587,6.998136,95.283376,94.654443,93.55381,91.66701,89.465744,95.032363,93.736467,92.296583,90.280745,87.400976,8.731466,7.781457,5.950413,3.9801,5.933682,103.023037,102.37305,102.698044,102.535547,103.023037,104.438387,104.965854,105.141676,104.790031,108.130653,-3.727715,-3.709677,-3.236246,-1.650165,3.535354,3.212771,3.4496415000000002,4.026231583333334,98.32793133333334,97.87863883333333,97.114325,1174.0531746031745,1385.4129063746711,1382.229831379192,108.26,108.76,108.59666666666666,12,12,12
2014-06-01,2014,6,1.2246467991473532e-16,-1,3.182995,97.223704,98.77206,3.182995,0.15710150805339218,3.182995838720837,911.5714285714286,57.44264219947706,824,1004,934,850,911.5714285714286,911.5714285714286,21,180,-84,-8.993576017130621,111.8,2.063173270038332,8.62806062961523,12,0,0,97.223704,98.77206,3.182995,93.95037,89.589041,8.409911,97.034639,95.808764,10.079457,95.755076,95.896293,9.719934,102.860541,104.086743,-3.425775,3.188155,3.241544,3.208614,3.899691,5.007931,96.954616,96.726925,95.961058,94.418975,92.990737,98.617131,98.358917,98.007746,97.140146,95.725133,0.49999999999999994,0.8660254037844387,1,-2.4492935982947064e-16,1.2246467991473532e-16,-0.8660254037844387,-0.49999999999999983,6.123233995736766e-17,1,-1,3.188155,3.241544,3.208614,3.899691,5.007931,0.26252220731548537,0.3583094340318782,0.26415880947643355,0.09578536066614518,0.16210910084371033,3.1881547183036707,3.241544124238205,3.208614913062191,3.899690507951825,5.007930679350836,992.6666666666666,1045.35,1484.142857142857,2178.0588235294117,940.5,28.448784391135824,126.66710410820124,98.26102264595342,136.49014185474866,129.6560226542767,934,930,1276,1865,801,1027,1316,1621,2337,1171,993,1316,1276,1865,806,934,943,1362,2277,1171,992.6666666666666,1045.35,1484.142857142857,2178.0588235294117,940.5,990.2857142857143,1045.35,1484.142857142857,2178.0588235294117,940.5,21,20,21,17,20,93,386,345,472,370,-59,-373,86,412,365,-5.941591137965762,-28.34346504559271,6.739811912225702,22.091152815013416,45.285359801488845,109.54,107.76,107.48,110.76,102.92,1.6518188567186343,0.2605135839225836,-1.3039485766758507,2.7553576398552826,0.35101404056161467,6.805772230889229,5.388753056234719,-0.9126947543099395,1.1599232806649207,8.154686843211433,12,12,12,12,12,0,0,0,0,0,0,0,0,0,0,96.954616,96.726925,95.961058,94.418975,92.990737,98.617131,98.358917,98.007746,97.140146,95.725133,3.188155,3.241544,3.208614,3.899691,5.007931,93.820432,92.878297,91.880099,90.152199,87.482952,89.823203,88.714342,87.267179,85.612073,82.639161,8.887154,8.086074,8.286955,10.410955,6.497205,96.742577,96.455378,95.539062,93.434145,91.439501,95.350604,94.279545,93.628138,90.237261,87.036006,9.892779,8.911426,8.59217,6.083857,8.209096,95.440609,95.283376,94.654443,91.824243,89.622977,95.752305,95.032363,93.736467,90.280745,87.400976,9.555189,8.731466,7.781457,3.9801,6.304729,102.860541,103.023037,102.37305,102.37305,102.860541,104.086743,104.438387,104.965854,104.438387,107.779009,-3.739837,-3.727715,-3.709677,-2.14168,2.852349,3.2042313333333334,3.3301921666666665,3.8741535833333334,98.58270266666666,98.15062449999999,97.36823558333333,983.1960317460317,1174.3316738816739,1379.8191170934776,109.7,108.93333333333334,109.33666666666667,12,12,12
2014-07-01,2014,7,-0.4999999999999998,-0.8660254037844388,3.222677,97.337549,98.916659,3.222677,0.14639666318592148,3.222676563201987,795.5652173913044,67.2166281422553,723,894,894,755,795.5652173913044,795.5652173913044,23,171,-139,-15.548098434004476,106.77,-4.4991055456171765,-1.0747706847030636,12,0,0,97.337549,98.916659,3.222677,94.38098,90.037347,9.058589,97.195964,94.910209,8.965907,96.541242,95.752305,9.195402,102.860541,103.559276,-2.805281,3.182995,3.188155,3.241544,3.614987,4.65877,97.223704,96.954616,96.726925,95.195192,93.15633,98.77206,98.617131,98.358917,97.398361,95.828419,1.2246467991473532e-16,0.49999999999999994,0.8660254037844387,0.49999999999999994,-0.4999999999999998,-1,-0.8660254037844387,-0.49999999999999983,0.8660254037844387,-0.8660254037844388,3.182995,3.188155,3.241544,3.614987,4.65877,0.15710150805339218,0.26252220731548537,0.3583094340318782,0.26581697746264066,0.10789851814569928,3.182995838720837,3.1881547183036707,3.241544124238205,3.614987758066146,4.658770410953927,911.5714285714286,992.6666666666666,1045.35,1472.409090909091,1123.1304347826087,57.44264219947706,28.448784391135824,126.66710410820124,306.35594907307984,32.07704411091023,824,934,930,1110,1062,1004,1027,1316,2113,1179,934,993,1316,2113,1179,850,934,943,1110,1062,911.5714285714286,992.6666666666666,1045.35,1472.409090909091,1123.1304347826087,911.5714285714286,990.2857142857143,1045.35,1472.409090909091,1123.1304347826087,21,21,20,22,23,180,93,386,1003,117,-84,-59,-373,-1003,-117,-8.993576017130621,-5.941591137965762,-28.34346504559271,-47.46805489824894,-9.92366412213741,111.8,109.54,107.76,108.12,107.93,2.063173270038332,1.6518188567186343,0.2605135839225836,-2.3835319609967542,4.867858530897795,8.62806062961523,6.805772230889229,5.388753056234719,-4.284702549575059,5.174429935685043,12,12,12,12,12,0,0,0,0,0,0,0,0,0,0,97.223704,96.954616,96.726925,95.195192,93.15633,98.77206,98.617131,98.358917,97.398361,95.828419,3.182995,3.188155,3.241544,3.614987,4.65877,93.95037,93.820432,92.878297,91.122194,87.656355,89.589041,89.823203,88.714342,86.465947,82.558694,8.409911,8.887154,8.086074,10.142114,8.437078,97.034639,96.742577,96.455378,94.310792,92.073841,95.808764,95.350604,94.279545,91.289999,87.10083,10.079457,9.892779,8.911426,6.999184,6.361551,95.755076,95.440609,95.283376,92.453177,90.566377,95.896293,95.752305,95.032363,91.864617,87.688953,9.719934,9.555189,8.731466,4.934211,6.654991,102.860541,102.860541,103.023037,102.535547,102.535547,104.086743,104.086743,104.438387,104.965854,106.548253,-3.425775,-3.739837,-3.727715,-1.970443,1.677852,3.197942333333333,3.2648071666666665,3.7544791666666666,98.76861666666666,98.40367416666666,97.62558891666667,899.9344375431332,1061.5243616287094,1352.5220156442024,109.37,108.70833333333334,109.24000000000001,12,12,12
2014-08-01,2014,8,-0.8660254037844384,-0.5000000000000004,2.899485,97.606637,98.968302,2.899485,0.05220859713832571,2.899484183702583,937.1,149.73938763907884,751,1147,751,1147,937.1,937.1,20,396,396,52.72969374167775,101.61,-4.832818207361611,-8.689791516894319,12,0,0,97.606637,98.968302,2.899485,95.272032,91.60879,10.853971,97.439992,95.197141,8.571439,96.855709,96.472247,9.477124,102.535547,102.680165,-2.828619,3.222677,3.182995,3.188155,3.544858,4.699798,97.337549,97.223704,96.954616,95.629873,93.37367,98.916659,98.77206,98.617131,97.749532,96.17959,-0.4999999999999998,1.2246467991473532e-16,0.49999999999999994,0.8660254037844386,-0.8660254037844384,-0.8660254037844388,-1,-0.8660254037844387,0.5000000000000001,-0.5000000000000004,3.222677,3.182995,3.188155,3.544858,4.699798,0.14639666318592148,0.15710150805339218,0.26252220731548537,0.36055124171956443,0.36645809631901116,3.222676563201987,3.182995838720837,3.1881547183036707,3.5448579711019335,4.69979779506815,795.5652173913044,911.5714285714286,992.6666666666666,1139.85,1088.095238095238,67.2166281422553,57.44264219947706,28.448784391135824,57.50173910413493,59.467558182512214,723,824,934,1084,996,894,1004,1027,1258,1169,894,934,993,1093,1066,755,850,934,1258,1132,795.5652173913044,911.5714285714286,992.6666666666666,1139.85,1088.095238095238,795.5652173913044,911.5714285714286,990.2857142857143,1139.85,1087.5714285714287,23,21,21,20,21,171,180,93,174,173,-139,-84,-59,165,66,-15.548098434004476,-8.993576017130621,-5.941591137965762,15.096065873741992,6.191369606003749,106.77,111.8,109.54,108.9,111.28,-4.4991055456171765,2.063173270038332,1.6518188567186343,0.7214206437291981,3.1038636153062127,-1.0747706847030636,8.62806062961523,6.805772230889229,-6.16113744075829,-1.834862385321101,12,12,12,12,12,0,0,0,0,0,0,0,0,0,0,97.337549,97.223704,96.954616,95.629873,93.37367,98.916659,98.77206,98.617131,97.749532,96.17959,3.222677,3.182995,3.188155,3.544858,4.699798,94.38098,93.95037,93.820432,91.468702,87.922614,90.037347,89.589041,89.823203,86.779662,82.639159,9.058589,8.409911,8.887154,9.136545,9.735322,97.195964,97.034639,96.742577,94.954751,92.435153,94.910209,95.808764,95.350604,91.999659,87.681569,8.965907,10.079457,9.892779,7.209702,7.238358,96.541242,95.755076,95.440609,93.55381,90.880844,95.752305,95.896293,95.752305,92.296583,88.120918,9.195402,9.719934,9.555189,5.950413,7.368421,102.860541,102.860541,102.860541,102.698044,102.37305,103.559276,104.086743,104.086743,105.141676,105.669142,-2.805281,-3.425775,-3.739837,-3.236246,1.008403,3.101719,3.157245,3.6044530833333335,98.88567366666666,98.6068025,97.85798158333333,881.412215320911,1027.7326949620428,1339.9390791362657,106.72666666666666,107.49333333333334,108.43416666666667,12,12,12
2014-09-01,2014,9,-1,-1.8369701987210297e-16,2.685641,97.77223,99.123231,2.685641,0.15654406195633186,2.685641315932452,1122.7272727272727,53.17104638015104,1038,1197,1151,1063,1122.7272727272727,1122.7272727272727,22,159,-88,-7.645525629887051,97.09,-4.4483810648558215,-13.001792114695332,12,0,0,97.77223,99.123231,2.685641,95.412472,92.143586,8.395393,97.59371,95.42699,8.35994,96.855709,96.472247,8.589951,102.535547,102.328521,-3,2.899485,3.222677,3.182995,3.208614,4.670176,97.606637,97.337549,97.223704,95.961058,93.60136,98.968302,98.916659,98.77206,98.007746,96.530761,-0.8660254037844384,-0.4999999999999998,1.2246467991473532e-16,1,-1,-0.5000000000000004,-0.8660254037844388,-1,6.123233995736766e-17,-1.8369701987210297e-16,2.899485,3.222677,3.182995,3.208614,4.670176,0.05220859713832571,0.14639666318592148,0.15710150805339218,0.26415880947643355,0.3651200842091251,2.899484183702583,3.222676563201987,3.182995838720837,3.208614913062191,4.670175524200659,937.1,795.5652173913044,911.5714285714286,1484.142857142857,1680.5238095238096,149.73938763907884,67.2166281422553,57.44264219947706,98.26102264595342,318.4343918372541,751,723,824,1276,1139,1147,894,1004,1621,2127,751,894,934,1276,1139,1147,755,850,1362,2003,937.1,795.5652173913044,911.5714285714286,1484.142857142857,1680.5238095238096,937.1,795.5652173913044,911.5714285714286,1484.142857142857,1680.5238095238096,20,23,21,21,21,396,171,180,345,988,396,-139,-84,86,864,52.72969374167775,-15.548098434004476,-8.993576017130621,6.739811912225702,75.85601404741,101.61,106.77,111.8,107.48,111.6,-4.832818207361611,-4.4991055456171765,2.063173270038332,-1.3039485766758507,0.28756290438531895,-8.689791516894319,-1.0747706847030636,8.62806062961523,-0.9126947543099395,-1.1164274322169154,12,12,12,12,12,0,0,0,0,0,0,0,0,0,0,97.606637,97.337549,97.223704,95.961058,93.60136,98.968302,98.916659,98.77206,98.007746,96.530761,2.899485,3.222677,3.182995,3.208614,4.670176,95.272032,94.38098,93.95037,91.880099,89.507505,91.60879,90.037347,89.589041,87.267179,85.006921,10.853971,9.058589,8.409911,8.286955,12.55093,97.439992,97.195964,97.034639,95.539062,92.700448,95.197141,94.910209,95.808764,93.628138,88.064823,8.571439,8.965907,10.079457,8.59217,5.965802,96.855709,96.541242,95.755076,94.654443,91.352544,96.472247,95.752305,95.896293,93.736467,88.84086,9.477124,9.195402,9.719934,7.781457,6.196213,102.535547,102.860541,102.860541,102.37305,102.37305,102.680165,103.559276,104.086743,104.965854,105.49332,-2.828619,-2.805281,-3.425775,-3.709677,-0.332226,2.9359343333333334,3.070082833333333,3.4390751666666666,99.00273066666666,98.79271666666666,98.07402075,951.7974967061924,967.4967642261121,1293.456034403221,101.82333333333334,105.76166666666667,107.22500000000001,12,12,12
2014-10-01,2014,10,-0.8660254037844386,0.5000000000000001,2.518408,97.886075,99.226516,2.518408,0.1041985808553747,2.518407700877101,1100.9565217391305,173.66830407963693,930,1428,1055,1428,1100.9565217391305,1100.9565217391305,23,498,373,35.355450236966824,87.43,-9.949531362653207,-19.847818115144843,12,0,0,97.886075,99.226516,2.518408,95.209233,91.730456,8.164692,97.710384,95.578833,7.458742,97.012942,96.472247,7.717042,102.37305,102.152698,-3.166667,2.685641,2.899485,3.222677,3.241544,4.31927,97.77223,97.606637,97.337549,96.726925,93.818701,99.123231,98.968302,98.916659,98.358917,96.788975,-1,-0.8660254037844384,-0.4999999999999998,0.8660254037844387,-0.8660254037844386,-1.8369701987210297e-16,-0.5000000000000004,-0.8660254037844388,-0.49999999999999983,0.5000000000000001,2.685641,2.899485,3.222677,3.241544,4.31927,0.15654406195633186,0.05220859713832571,0.14639666318592148,0.3583094340318782,0.2674940063924325,2.685641315932452,2.899484183702583,3.222676563201987,3.241544124238205,4.319269838859663,1122.7272727272727,937.1,795.5652173913044,1045.35,1883.1739130434783,53.17104638015104,149.73938763907884,67.2166281422553,126.66710410820124,202.04739591894884,1038,751,723,930,1484,1197,1147,894,1316,2146,1151,751,894,1316,1994,1063,1147,755,943,1504,1122.7272727272727,937.1,795.5652173913044,1045.35,1883.1739130434783,1122.7272727272727,937.1,795.5652173913044,1045.35,1883.1739130434783,22,20,23,20,23,159,396,171,386,662,-88,396,-139,-373,-490,-7.645525629887051,52.72969374167775,-15.548098434004476,-28.34346504559271,-24.573721163490468,97.09,101.61,106.77,107.76,109.08,-4.4483810648558215,-4.832818207361611,-4.4991055456171765,0.2605135839225836,-2.2580645161290325,-13.001792114695332,-8.689791516894319,-1.0747706847030636,5.388753056234719,-2.3543102676573224,12,12,12,12,12,0,0,0,0,0,0,0,0,0,0,97.77223,97.606637,97.337549,96.726925,93.818701,99.123231,98.968302,98.916659,98.358917,96.788975,2.685641,2.899485,3.222677,3.241544,4.31927,95.412472,95.272032,94.38098,92.878297,89.460724,92.143586,91.60879,90.037347,88.714342,84.806284,8.395393,10.853971,9.058589,8.086074,12.029701,97.59371,97.439992,97.195964,96.455378,93.062155,95.42699,95.197141,94.910209,94.279545,88.944679,8.35994,8.571439,8.965907,8.911426,4.830448,96.855709,96.855709,96.541242,95.283376,91.509777,96.472247,96.472247,95.752305,95.032363,89.560803,8.589951,9.477124,9.195402,8.731466,4.537815,102.535547,102.535547,102.860541,103.023037,102.37305,102.328521,102.680165,103.559276,104.438387,105.49332,-3,-2.828619,-2.805281,-3.727715,-0.662252,2.701178,2.9495601666666666,3.2890033333333335,99.10601633333333,98.9373165,98.27714916666666,1053.5945981554678,976.7645178493004,1228.2712517945254,95.37666666666667,102.37333333333333,105.42083333333333,12,12,12
2014-11-01,2014,11,-0.5000000000000004,0.8660254037844384,2.501064,98.165513,99.474402,2.501064,0.2498183046152569,2.501064713991874,1332.15,93.4627846004128,1153,1484,1456,1153,1332.15,1332.15,20,331,-303,-20.810439560439566,79.44,-9.138739563079046,-26.301141107709437,12,0,0,98.165513,99.474402,2.501064,95.166216,91.56579,7.538606,97.929002,96.096,7.225902,97.012942,96.904212,7.336523,101.723062,101.976876,-2.684564,2.518408,2.685641,2.899485,3.188155,4.260985,97.886075,97.77223,97.606637,96.954616,94.149887,99.226516,99.123231,98.968302,98.617131,97.047189,-0.8660254037844386,-1,-0.8660254037844384,0.49999999999999994,-0.5000000000000004,0.5000000000000001,-1.8369701987210297e-16,-0.5000000000000004,-0.8660254037844387,0.8660254037844384,2.518408,2.685641,2.899485,3.188155,4.260985,0.1041985808553747,0.15654406195633186,0.05220859713832571,0.26252220731548537,0.26678038485272726,2.518407700877101,2.685641315932452,2.899484183702583,3.1881547183036707,4.260984631872478,1100.9565217391305,1122.7272727272727,937.1,992.6666666666666,1558.857142857143,173.66830407963693,53.17104638015104,149.73938763907884,28.448784391135824,80.93904231845451,930,1038,751,934,1483,1428,1197,1147,1027,1821,1055,1151,751,993,1525,1428,1063,1147,934,1821,1100.9565217391305,1122.7272727272727,937.1,992.6666666666666,1558.857142857143,1100.9565217391305,1122.7272727272727,937.1,990.2857142857143,1558.857142857143,23,22,20,21,21,498,159,396,93,338,373,-88,396,-59,296,35.355450236966824,-7.645525629887051,52.72969374167775,-5.941591137965762,19.40983606557376,87.43,97.09,101.61,109.54,107.79,-9.949531362653207,-4.4483810648558215,-4.832818207361611,1.6518188567186343,-1.1826182618261738,-19.847818115144843,-13.001792114695332,-8.689791516894319,6.805772230889229,-1.1644966073720897,12,12,12,12,12,0,0,0,0,0,0,0,0,0,0,97.886075,97.77223,97.606637,96.954616,94.149887,99.226516,99.123231,98.968302,98.617131,97.047189,2.518408,2.685641,2.899485,3.188155,4.260985,95.209233,95.412472,95.272032,93.820432,89.706439,91.730456,92.143586,91.60879,89.823203,85.1469,8.164692,8.395393,10.853971,8.887154,10.656654,97.710384,97.59371,97.439992,96.742577,93.30238,95.578833,95.42699,95.197141,95.350604,89.620137,7.458742,8.35994,8.571439,9.892779,4.283587,97.012942,96.855709,96.855709,95.440609,91.66701,96.472247,96.472247,96.472247,95.752305,90.280745,7.717042,8.589951,9.477124,9.555189,3.9801,102.37305,102.535547,102.535547,102.860541,102.535547,102.152698,102.328521,102.680165,104.086743,104.790031,-3.166667,-3,-2.828619,-3.739837,-1.650165,2.568371,2.835045,3.14234325,99.27471633333333,99.080195,98.47941691666666,1185.2779314888012,1033.345073404856,1209.3789898897635,87.98666666666666,97.35666666666667,103.05833333333334,12,12,12
2014-12-01,2014,12,-2.4492935982947064e-16,1,2.562467,97.937823,99.62933,2.562467,0.1557466010200237,2.5624668095516334,909.6111111111111,115.69541090542512,782,1137,1137,782,909.6111111111111,909.6111111111111,18,355,-355,-31.222515391380824,62.34,-21.525679758308147,-43.716143011917666,12,0,0,97.937823,99.62933,2.562467,95.578348,92.213176,7.710481,97.763725,96.58445,7.033889,96.855709,96.616236,7.017544,101.560565,101.625232,-2.693603,2.501064,2.518408,2.685641,3.182995,3.899691,98.165513,97.886075,97.77223,97.223704,94.418975,99.474402,99.226516,99.123231,98.77206,97.140146,-0.5000000000000004,-0.8660254037844386,-1,1.2246467991473532e-16,-2.4492935982947064e-16,0.8660254037844384,0.5000000000000001,-1.8369701987210297e-16,-1,1,2.501064,2.518408,2.685641,3.182995,3.899691,0.2498183046152569,0.1041985808553747,0.15654406195633186,0.15710150805339218,0.09578536066614518,2.501064713991874,2.518407700877101,2.685641315932452,3.182995838720837,3.899690507951825,1332.15,1100.9565217391305,1122.7272727272727,911.5714285714286,2178.0588235294117,93.4627846004128,173.66830407963693,53.17104638015104,57.44264219947706,136.49014185474866,1153,930,1038,824,1865,1484,1428,1197,1004,2337,1456,1055,1151,934,1865,1153,1428,1063,850,2277,1332.15,1100.9565217391305,1122.7272727272727,911.5714285714286,2178.0588235294117,1332.15,1100.9565217391305,1122.7272727272727,911.5714285714286,2178.0588235294117,20,23,22,21,17,331,498,159,180,472,-303,373,-88,-84,412,-20.810439560439566,35.355450236966824,-7.645525629887051,-8.993576017130621,22.091152815013416,79.44,87.43,97.09,111.8,110.76,-9.138739563079046,-9.949531362653207,-4.4483810648558215,2.063173270038332,2.7553576398552826,-26.301141107709437,-19.847818115144843,-13.001792114695332,8.62806062961523,1.1599232806649207,12,12,12,12,12,0,0,0,0,0,0,0,0,0,0,98.165513,97.886075,97.77223,97.223704,94.418975,99.474402,99.226516,99.123231,98.77206,97.140146,2.501064,2.518408,2.685641,3.182995,3.899691,95.166216,95.209233,95.412472,93.95037,90.152199,91.56579,91.730456,92.143586,89.589041,85.612073,7.538606,8.164692,8.395393,8.409911,10.410955,97.929002,97.710384,97.59371,97.034639,93.434145,96.096,95.578833,95.42699,95.808764,90.237261,7.225902,7.458742,8.35994,10.079457,6.083857,97.012942,97.012942,96.855709,95.755076,91.824243,96.904212,96.472247,96.472247,95.896293,90.280745,7.336523,7.717042,8.589951,9.719934,3.9801,101.723062,102.37305,102.535547,102.860541,102.37305,101.976876,102.152698,102.328521,104.086743,104.438387,-2.684564,-3.166667,-3,-3.425775,-2.14168,2.527313,2.7316236666666667,3.0309079166666666,99.443416,99.22307333333333,98.68684891666666,1114.2392109500806,1033.0183538281365,1103.675013854905,76.40333333333334,89.11333333333333,99.02333333333334,12,12,12
2015-01-01,2015,1,0.49999999999999994,0.8660254037844387,2.290562,98.71404,99.62933,2.290562,0,2.2905611317217245,725.1904761904761,44.567498300464486,608,771,771,608,725.1904761904761,725.1904761904761,21,163,-163,-21.141374837872895,47.76,-23.387872954764198,-55.826859045504996,12,0,0,98.71404,99.62933,2.290562,96.157799,93.101516,7.674199,98.518149,97.221561,6.497494,96.698475,97.480166,6.112853,101.235571,101.976876,-2.847571,2.562467,2.501064,2.518408,3.222677,3.614987,97.937823,98.165513,97.886075,97.337549,95.195192,99.62933,99.474402,99.226516,98.916659,97.398361,-2.4492935982947064e-16,-0.5000000000000004,-0.8660254037844386,-0.4999999999999998,0.49999999999999994,1,0.8660254037844384,0.5000000000000001,-0.8660254037844388,0.8660254037844387,2.562467,2.501064,2.518408,3.222677,3.614987,0.1557466010200237,0.2498183046152569,0.1041985808553747,0.14639666318592148,0.26581697746264066,2.5624668095516334,2.501064713991874,2.518407700877101,3.222676563201987,3.614987758066146,909.6111111111111,1332.15,1100.9565217391305,795.5652173913044,1472.409090909091,115.69541090542512,93.4627846004128,173.66830407963693,67.2166281422553,306.35594907307984,782,1153,930,723,1110,1137,1484,1428,894,2113,1137,1456,1055,894,2113,782,1153,1428,755,1110,909.6111111111111,1332.15,1100.9565217391305,795.5652173913044,1472.409090909091,909.6111111111111,1332.15,1100.9565217391305,795.5652173913044,1472.409090909091,18,20,23,23,22,355,331,498,171,1003,-355,-303,373,-139,-1003,-31.222515391380824,-20.810439560439566,35.355450236966824,-15.548098434004476,-47.46805489824894,62.34,79.44,87.43,106.77,108.12,-21.525679758308147,-9.138739563079046,-9.949531362653207,-4.4991055456171765,-2.3835319609967542,-43.716143011917666,-26.301141107709437,-19.847818115144843,-1.0747706847030636,-4.284702549575059,12,12,12,12,12,0,0,0,0,0,0,0,0,0,0,97.937823,98.165513,97.886075,97.337549,95.195192,99.62933,99.474402,99.226516,98.916659,97.398361,2.562467,2.501064,2.518408,3.222677,3.614987,95.578348,95.166216,95.209233,94.38098,91.122194,92.213176,91.56579,91.730456,90.037347,86.465947,7.710481,7.538606,8.164692,9.058589,10.142114,97.763725,97.929002,97.710384,97.195964,94.310792,96.58445,96.096,95.578833,94.910209,91.289999,7.033889,7.225902,7.458742,8.965907,6.999184,96.855709,97.012942,97.012942,96.541242,92.453177,96.616236,96.904212,96.472247,95.752305,91.864617,7.017544,7.336523,7.717042,9.195402,4.934211,101.560565,101.723062,102.37305,102.860541,102.535547,101.625232,101.976876,102.152698,103.559276,104.965854,-2.693603,-2.684564,-3.166667,-2.805281,-1.970443,2.4513643333333333,2.5762711666666664,2.9205391666666665,99.57768733333333,99.34185183333334,98.87276299999999,988.9838624338624,1021.2892302946651,1041.4067959616873,63.18,79.27833333333334,93.99333333333334,12,12,12
2015-02-01,2015,2,0.8660254037844386,0.5000000000000001,2.134404,98.331106,99.835902,2.134404,0.20734054921378586,2.134404080829766,542.4444444444445,23.993190755178418,509,590,590,540,542.4444444444445,542.4444444444445,18,81,-50,-8.47457627118644,58.1,21.649916247906198,-46.648301193755735,12,0,0,98.331106,99.835902,2.134404,96.598536,94.326158,8.696157,98.352608,98.062113,6.589649,97.327409,97.912131,6.084243,101.235571,102.152698,-2.842809,2.290562,2.562467,2.501064,2.899485,3.544858,98.71404,97.937823,98.165513,97.606637,95.629873,99.62933,99.62933,99.474402,98.968302,97.749532,0.49999999999999994,-2.4492935982947064e-16,-0.5000000000000004,-0.8660254037844384,0.8660254037844386,0.8660254037844387,1,0.8660254037844384,-0.5000000000000004,0.5000000000000001,2.290562,2.562467,2.501064,2.899485,3.544858,0,0.1557466010200237,0.2498183046152569,0.05220859713832571,0.36055124171956443,2.2905611317217245,2.5624668095516334,2.501064713991874,2.899484183702583,3.5448579711019335,725.1904761904761,909.6111111111111,1332.15,937.1,1139.85,44.567498300464486,115.69541090542512,93.4627846004128,149.73938763907884,57.50173910413493,608,782,1153,751,1084,771,1137,1484,1147,1258,771,1137,1456,751,1093,608,782,1153,1147,1258,725.1904761904761,909.6111111111111,1332.15,937.1,1139.85,725.1904761904761,909.6111111111111,1332.15,937.1,1139.85,21,18,20,20,20,163,355,331,396,174,-163,-355,-303,396,165,-21.141374837872895,-31.222515391380824,-20.810439560439566,52.72969374167775,15.096065873741992,47.76,62.34,79.44,101.61,108.9,-23.387872954764198,-21.525679758308147,-9.138739563079046,-4.832818207361611,0.7214206437291981,-55.826859045504996,-43.716143011917666,-26.301141107709437,-8.689791516894319,-6.16113744075829,12,12,12,12,12,0,0,0,0,0,0,0,0,0,0,98.71404,97.937823,98.165513,97.606637,95.629873,99.62933,99.62933,99.474402,98.968302,97.749532,2.290562,2.562467,2.501064,2.899485,3.544858,96.157799,95.578348,95.166216,95.272032,91.468702,93.101516,92.213176,91.56579,91.60879,86.779662,7.674199,7.710481,7.538606,10.853971,9.136545,98.518149,97.763725,97.929002,97.439992,94.954751,97.221561,96.58445,96.096,95.197141,91.999659,6.497494,7.033889,7.225902,8.571439,7.209702,96.698475,96.855709,97.012942,96.855709,93.55381,97.480166,96.616236,96.904212,96.472247,92.296583,6.112853,7.017544,7.336523,9.477124,5.950413,101.235571,101.560565,101.723062,102.535547,102.698044,101.976876,101.625232,101.976876,102.680165,105.141676,-2.847571,-2.693603,-2.684564,-2.828619,-3.236246,2.3291443333333333,2.4487576666666664,2.8030013333333335,99.69818733333334,99.48645183333333,99.04662716666667,725.7486772486773,955.5133043687392,991.6229996653909,56.06666666666667,72.02666666666667,89.76,12,12,12
2015-03-01,2015,3,1,6.123233995736766e-17,1.865318,98.651942,99.835902,1.865318,0,1.865317869875316,575.9545454545455,17.605403047082344,548,602,548,602,575.9545454545455,575.9545454545455,22,54,54,9.85401459854014,55.89,-3.8037865748709154,-47.99962783773726,12,0,0,98.651942,99.835902,1.865318,97.679681,96.827732,10.955497,98.789346,98.773853,5.495907,98.585275,98.632074,5.222734,101.235571,101.976876,-2.847571,2.134404,2.290562,2.562467,2.685641,3.208614,98.331106,98.71404,97.937823,97.77223,95.961058,99.835902,99.62933,99.62933,99.123231,98.007746,0.8660254037844386,0.49999999999999994,-2.4492935982947064e-16,-1,1,0.5000000000000001,0.8660254037844387,1,-1.8369701987210297e-16,6.123233995736766e-17,2.134404,2.290562,2.562467,2.685641,3.208614,0.20734054921378586,0,0.1557466010200237,0.15654406195633186,0.26415880947643355,2.134404080829766,2.2905611317217245,2.5624668095516334,2.685641315932452,3.208614913062191,542.4444444444445,725.1904761904761,909.6111111111111,1122.7272727272727,1484.142857142857,23.993190755178418,44.567498300464486,115.69541090542512,53.17104638015104,98.26102264595342,509,608,782,1038,1276,590,771,1137,1197,1621,590,771,1137,1151,1276,540,608,782,1063,1362,542.4444444444445,725.1904761904761,909.6111111111111,1122.7272727272727,1484.142857142857,542.4444444444445,725.1904761904761,909.6111111111111,1122.7272727272727,1484.142857142857,18,21,18,22,21,81,163,355,159,345,-50,-163,-355,-88,86,-8.47457627118644,-21.141374837872895,-31.222515391380824,-7.645525629887051,6.739811912225702,58.1,47.76,62.34,97.09,107.48,21.649916247906198,-23.387872954764198,-21.525679758308147,-4.4483810648558215,-1.3039485766758507,-46.648301193755735,-55.826859045504996,-43.716143011917666,-13.001792114695332,-0.9126947543099395,12,12,12,12,12,0,0,0,0,0,0,0,0,0,0,98.331106,98.71404,97.937823,97.77223,95.961058,99.835902,99.62933,99.62933,99.123231,98.007746,2.134404,2.290562,2.562467,2.685641,3.208614,96.598536,96.157799,95.578348,95.412472,91.880099,94.326158,93.101516,92.213176,92.143586,87.267179,8.696157,7.674199,7.710481,8.395393,8.286955,98.352608,98.518149,97.763725,97.59371,95.539062,98.062113,97.221561,96.58445,95.42699,93.628138,6.589649,6.497494,7.033889,8.35994,8.59217,97.327409,96.698475,96.855709,96.855709,94.654443,97.912131,97.480166,96.616236,96.472247,93.736467,6.084243,6.112853,7.017544,8.589951,7.781457,101.235571,101.235571,101.560565,102.535547,102.37305,102.152698,101.976876,101.625232,102.328521,104.965854,-2.842809,-2.847571,-2.693603,-3,-3.709677,2.0967613333333333,2.312037166666667,2.69106,99.76704466666666,99.60523033333334,99.1989735,614.5298220298221,864.3845164899512,915.9406403580317,53.916666666666664,65.16,85.46083333333334,12,12,12
2015-04-01,2015,4,0.8660254037844387,-0.49999999999999983,1.501628,99.697247,99.835902,1.501628,0,1.5016279611943961,591.35,8.474574977698383,578,601,596,591,591.35,591.35,20,23,-5,-0.8389261744966459,59.52,6.494900697799255,-44.766146993318486,12,0,0,99.697247,99.835902,1.501628,99.456056,100.619416,13.41956,99.281816,99.167177,5.184191,99.528675,99.208027,4.393939,100.26059,101.44941,-2.861953,1.865318,2.134404,2.290562,2.518408,3.241544,98.651942,98.331106,98.71404,97.886075,96.726925,99.835902,99.835902,99.62933,99.226516,98.358917,1,0.8660254037844386,0.49999999999999994,-0.8660254037844386,0.8660254037844387,6.123233995736766e-17,0.5000000000000001,0.8660254037844387,0.5000000000000001,-0.49999999999999983,1.865318,2.134404,2.290562,2.518408,3.241544,0,0.20734054921378586,0,0.1041985808553747,0.3583094340318782,1.865317869875316,2.134404080829766,2.2905611317217245,2.518407700877101,3.241544124238205,575.9545454545455,542.4444444444445,725.1904761904761,1100.9565217391305,1045.35,17.605403047082344,23.993190755178418,44.567498300464486,173.66830407963693,126.66710410820124,548,509,608,930,930,602,590,771,1428,1316,548,590,771,1055,1316,602,540,608,1428,943,575.9545454545455,542.4444444444445,725.1904761904761,1100.9565217391305,1045.35,575.9545454545455,542.4444444444445,725.1904761904761,1100.9565217391305,1045.35,22,18,21,23,20,54,81,163,498,386,54,-50,-163,373,-373,9.85401459854014,-8.47457627118644,-21.141374837872895,35.355450236966824,-28.34346504559271,55.89,58.1,47.76,87.43,107.76,-3.8037865748709154,21.649916247906198,-23.387872954764198,-9.949531362653207,0.2605135839225836,-47.99962783773726,-46.648301193755735,-55.826859045504996,-19.847818115144843,5.388753056234719,12,12,12,12,12,0,0,0,0,0,0,0,0,0,0,98.651942,98.331106,98.71404,97.886075,96.726925,99.835902,99.835902,99.62933,99.226516,98.358917,1.865318,2.134404,2.290562,2.518408,3.241544,97.679681,96.598536,96.157799,95.209233,92.878297,96.827732,94.326158,93.101516,91.730456,88.714342,10.955497,8.696157,7.674199,8.164692,8.086074,98.789346,98.352608,98.518149,97.710384,96.455378,98.773853,98.062113,97.221561,95.578833,94.279545,5.495907,6.589649,6.497494,7.458742,8.911426,98.585275,97.327409,96.698475,97.012942,95.283376,98.632074,97.912131,97.480166,96.472247,95.032363,5.222734,6.084243,6.112853,7.717042,8.731466,101.235571,101.235571,101.235571,102.37305,103.023037,101.976876,102.152698,101.976876,102.152698,104.438387,-2.847571,-2.842809,-2.847571,-3.166667,-3.727715,1.8337833333333333,2.1425738333333335,2.546067,99.835902,99.70679466666667,99.32205558333334,569.91632996633,779.4500962000963,878.1073070246983,57.836666666666666,60.50833333333333,81.44083333333333,12,12,12
2015-05-01,2015,5,0.49999999999999994,-0.8660254037844387,1.288228,99.86284,99.887545,1.288228,0.05172788442378007,1.28822851275201,597,22.360679774997898,573,637,587,589,597.3157894736842,597,19,64,2,0.34071550255536653,64.08,7.661290322580627,-41.500821617673914,12,0,0,99.86284,99.887545,1.288228,100.263556,101.682715,13.203172,99.65156,99.617657,4.475119,99.685908,99.783981,4.210526,100.098093,101.097765,-2.871622,1.501628,1.865318,2.134404,2.501064,3.188155,99.697247,98.651942,98.331106,98.165513,96.954616,99.835902,99.835902,99.835902,99.474402,98.617131,0.8660254037844387,1,0.8660254037844386,-0.5000000000000004,0.49999999999999994,-0.49999999999999983,6.123233995736766e-17,0.5000000000000001,0.8660254037844384,-0.8660254037844387,1.501628,1.865318,2.134404,2.501064,3.188155,0,0,0.20734054921378586,0.2498183046152569,0.26252220731548537,1.5016279611943961,1.865317869875316,2.134404080829766,2.501064713991874,3.1881547183036707,591.35,575.9545454545455,542.4444444444445,1332.15,992.6666666666666,8.474574977698383,17.605403047082344,23.993190755178418,93.4627846004128,28.448784391135824,578,548,509,1153,934,601,602,590,1484,1027,596,548,590,1456,993,591,602,540,1153,934,591.35,575.9545454545455,542.4444444444445,1332.15,992.6666666666666,591.35,575.9545454545455,542.4444444444445,1332.15,990.2857142857143,20,22,18,20,21,23,54,81,331,93,-5,54,-50,-303,-59,-0.8389261744966459,9.85401459854014,-8.47457627118644,-20.810439560439566,-5.941591137965762,59.52,55.89,58.1,79.44,109.54,6.494900697799255,-3.8037865748709154,21.649916247906198,-9.138739563079046,1.6518188567186343,-44.766146993318486,-47.99962783773726,-46.648301193755735,-26.301141107709437,6.805772230889229,12,12,12,12,12,0,0,0,0,0,0,0,0,0,0,99.697247,98.651942,98.331106,98.165513,96.954616,99.835902,99.835902,99.835902,99.474402,98.617131,1.501628,1.865318,2.134404,2.501064,3.188155,99.456056,97.679681,96.598536,95.166216,93.820432,100.619416,96.827732,94.326158,91.56579,89.823203,13.41956,10.955497,8.696157,7.538606,8.887154,99.281816,98.789346,98.352608,97.929002,96.742577,99.167177,98.773853,98.062113,96.096,95.350604,5.184191,5.495907,6.589649,7.225902,9.892779,99.528675,98.585275,97.327409,97.012942,95.440609,99.208027,98.632074,97.912131,96.904212,95.752305,4.393939,5.222734,6.084243,7.336523,9.555189,100.26059,101.235571,101.235571,101.723062,102.860541,101.44941,101.976876,102.152698,101.976876,104.086743,-2.861953,-2.847571,-2.842809,-2.684564,-3.739837,1.5517246666666666,1.9404344999999998,2.38773975,99.85311633333333,99.77565183333334,99.42792341666667,588.1015151515152,656.9250962000962,845.1350848024761,59.83,57.94833333333334,77.6525,12,12,12
2015-06-01,2015,6,1.2246467991473532e-16,-1,1.024783,100.256123,99.784259,1.024783,-0.10340228103513649,1.024782716893835,699.0454545454545,93.37098421158842,589,829,589,800,699.0454545454545,699.0454545454545,22,240,211,35.82342954159592,61.48,-4.057428214731584,-45.008944543828264,12,0,0,100.256123,99.784259,1.024783,100.558615,101.580835,13.385336,99.990365,99.75326,4.117052,100.157608,99.783981,4.054054,99.935596,100.570299,-3.378378,1.288228,1.501628,1.865318,2.562467,3.182995,99.86284,99.697247,98.651942,97.937823,97.223704,99.887545,99.835902,99.835902,99.62933,98.77206,0.49999999999999994,0.8660254037844387,1,-2.4492935982947064e-16,1.2246467991473532e-16,-0.8660254037844387,-0.49999999999999983,6.123233995736766e-17,1,-1,1.288228,1.501628,1.865318,2.562467,3.182995,0.05172788442378007,0,0,0.1557466010200237,0.15710150805339218,1.28822851275201,1.5016279611943961,1.865317869875316,2.5624668095516334,3.182995838720837,597,591.35,575.9545454545455,909.6111111111111,911.5714285714286,22.360679774997898,8.474574977698383,17.605403047082344,115.69541090542512,57.44264219947706,573,578,548,782,824,637,601,602,1137,1004,587,596,548,1137,934,589,591,602,782,850,597.3157894736842,591.35,575.9545454545455,909.6111111111111,911.5714285714286,597,591.35,575.9545454545455,909.6111111111111,911.5714285714286,19,20,22,18,21,64,23,54,355,180,2,-5,54,-355,-84,0.34071550255536653,-0.8389261744966459,9.85401459854014,-31.222515391380824,-8.993576017130621,64.08,59.52,55.89,62.34,111.8,7.661290322580627,6.494900697799255,-3.8037865748709154,-21.525679758308147,2.063173270038332,-41.500821617673914,-44.766146993318486,-47.99962783773726,-43.716143011917666,8.62806062961523,12,12,12,12,12,0,0,0,0,0,0,0,0,0,0,99.86284,99.697247,98.651942,97.937823,97.223704,99.887545,99.835902,99.835902,99.62933,98.77206,1.288228,1.501628,1.865318,2.562467,3.182995,100.263556,99.456056,97.679681,95.578348,93.95037,101.682715,100.619416,96.827732,92.213176,89.589041,13.203172,13.41956,10.955497,7.710481,8.409911,99.65156,99.281816,98.789346,97.763725,97.034639,99.617657,99.167177,98.773853,96.58445,95.808764,4.475119,5.184191,5.495907,7.033889,10.079457,99.685908,99.528675,98.585275,96.855709,95.755076,99.783981,99.208027,98.632074,96.616236,95.896293,4.210526,4.393939,5.222734,7.017544,9.719934,100.098093,100.26059,101.235571,101.560565,102.860541,101.097765,101.44941,101.976876,101.625232,104.086743,-2.871622,-2.861953,-2.847571,-2.693603,-3.425775,1.2715463333333332,1.6841538333333332,2.20788875,99.835902,99.80147333333333,99.51227333333334,629.1318181818182,621.8308201058201,827.4245869669783,61.693333333333335,57.805,73.45916666666666,12,12,12
2015-07-01,2015,7,-0.4999999999999998,-0.8660254037844388,0.981518,100.359619,99.887545,0.981518,0.10350931202485203,0.9815191999155592,975.3478260869565,128.10422202099642,794,1131,794,1131,975.3478260869565,975.3478260869565,23,337,337,42.44332493702772,56.56,-8.00260247234872,-47.026318254191246,12,0,0,100.359619,99.887545,0.981518,100.630721,100.968493,12.140679,100.387203,99.934346,5.293568,101.101008,99.783981,4.210526,99.935596,99.691188,-3.735144,1.024783,1.288228,1.501628,2.290562,3.222677,100.256123,99.86284,99.697247,98.71404,97.337549,99.784259,99.887545,99.835902,99.62933,98.916659,1.2246467991473532e-16,0.49999999999999994,0.8660254037844387,0.49999999999999994,-0.4999999999999998,-1,-0.8660254037844387,-0.49999999999999983,0.8660254037844387,-0.8660254037844388,1.024783,1.288228,1.501628,2.290562,3.222677,-0.10340228103513649,0.05172788442378007,0,0,0.14639666318592148,1.024782716893835,1.28822851275201,1.5016279611943961,2.2905611317217245,3.222676563201987,699.0454545454545,597,591.35,725.1904761904761,795.5652173913044,93.37098421158842,22.360679774997898,8.474574977698383,44.567498300464486,67.2166281422553,589,573,578,608,723,829,637,601,771,894,589,587,596,771,894,800,589,591,608,755,699.0454545454545,597.3157894736842,591.35,725.1904761904761,795.5652173913044,699.0454545454545,597,591.35,725.1904761904761,795.5652173913044,22,19,20,21,23,240,64,23,163,171,211,2,-5,-163,-139,35.82342954159592,0.34071550255536653,-0.8389261744966459,-21.141374837872895,-15.548098434004476,61.48,64.08,59.52,47.76,106.77,-4.057428214731584,7.661290322580627,6.494900697799255,-23.387872954764198,-4.4991055456171765,-45.008944543828264,-41.500821617673914,-44.766146993318486,-55.826859045504996,-1.0747706847030636,12,12,12,12,12,0,0,0,0,0,0,0,0,0,0,100.256123,99.86284,99.697247,98.71404,97.337549,99.784259,99.887545,99.835902,99.62933,98.916659,1.024783,1.288228,1.501628,2.290562,3.222677,100.558615,100.263556,99.456056,96.157799,94.38098,101.580835,101.682715,100.619416,93.101516,90.037347,13.385336,13.203172,13.41956,7.674199,9.058589,99.990365,99.65156,99.281816,98.518149,97.195964,99.75326,99.617657,99.167177,97.221561,94.910209,4.117052,4.475119,5.184191,6.497494,8.965907,100.157608,99.685908,99.528675,96.698475,96.541242,99.783981,99.783981,99.208027,97.480166,95.752305,4.054054,4.210526,4.393939,6.112853,9.195402,99.935596,100.098093,100.26059,101.235571,102.860541,100.570299,101.097765,101.44941,101.976876,103.559276,-3.378378,-2.871622,-2.861953,-2.847571,-2.805281,1.0981763333333334,1.4659798333333334,2.0211255,99.85311633333333,99.84450916666667,99.5931805,757.131093544137,663.5237117552335,842.4064710249493,60.70666666666666,59.27166666666667,69.275,12,12,12
2015-08-01,2015,8,-0.8660254037844384,-0.5000000000000004,1.085368,100.525211,100.042473,1.085368,0.15510242042688915,1.0853687274537727,1065.55,108.14633117849363,903,1222,1151,903,1065.55,1065.55,20,319,-248,-21.546481320590793,46.52,-17.751060820367748,-54.217104615687425,12,0,0,100.525211,100.042473,1.085368,100.837906,100.703442,9.927707,100.70495,100.445123,5.512752,101.101008,100.503923,4.179104,99.610602,98.987899,-3.59589,0.981518,1.024783,1.288228,2.134404,2.899485,100.359619,100.256123,99.86284,98.331106,97.606637,99.887545,99.784259,99.887545,99.835902,98.968302,-0.4999999999999998,1.2246467991473532e-16,0.49999999999999994,0.8660254037844386,-0.8660254037844384,-0.8660254037844388,-1,-0.8660254037844387,0.5000000000000001,-0.5000000000000004,0.981518,1.024783,1.288228,2.134404,2.899485,0.10350931202485203,-0.10340228103513649,0.05172788442378007,0.20734054921378586,0.05220859713832571,0.9815191999155592,1.024782716893835,1.28822851275201,2.134404080829766,2.899484183702583,975.3478260869565,699.0454545454545,597,542.4444444444445,937.1,128.10422202099642,93.37098421158842,22.360679774997898,23.993190755178418,149.73938763907884,794,589,573,509,751,1131,829,637,590,1147,794,589,587,590,751,1131,800,589,540,1147,975.3478260869565,699.0454545454545,597.3157894736842,542.4444444444445,937.1,975.3478260869565,699.0454545454545,597,542.4444444444445,937.1,23,22,19,18,20,337,240,64,81,396,337,211,2,-50,396,42.44332493702772,35.82342954159592,0.34071550255536653,-8.47457627118644,52.72969374167775,56.56,61.48,64.08,58.1,101.61,-8.00260247234872,-4.057428214731584,7.661290322580627,21.649916247906198,-4.832818207361611,-47.026318254191246,-45.008944543828264,-41.500821617673914,-46.648301193755735,-8.689791516894319,12,12,12,12,12,0,0,0,0,0,0,0,0,0,0,100.359619,100.256123,99.86284,98.331106,97.606637,99.887545,99.784259,99.887545,99.835902,98.968302,0.981518,1.024783,1.288228,2.134404,2.899485,100.630721,100.558615,100.263556,96.598536,95.272032,100.968493,101.580835,101.682715,94.326158,91.60879,12.140679,13.385336,13.203172,8.696157,10.853971,100.387203,99.990365,99.65156,98.352608,97.439992,99.934346,99.75326,99.617657,98.062113,95.197141,5.293568,4.117052,4.475119,6.589649,8.571439,101.101008,100.157608,99.685908,97.327409,96.855709,99.783981,99.783981,99.783981,97.912131,96.472247,4.210526,4.054054,4.210526,6.084243,9.477124,99.935596,99.935596,100.098093,101.235571,102.535547,99.691188,100.570299,101.097765,102.152698,102.680165,-3.735144,-3.378378,-2.871622,-2.842809,-2.828619,1.0305563333333334,1.2911405,1.8699490833333334,99.904759,99.87893766666667,99.68269475,913.3144268774703,750.7079710144927,853.1106376916159,54.85333333333333,57.34166666666667,64.68416666666667,12,12,12
2015-09-01,2015,9,-1,-1.8369701987210297e-16,1.073252,100.690804,100.187073,1.073252,0.14453861011611835,1.073251940304476,888.6818181818181,51.024164549410976,802,978,911,900,888.8636363636364,888.6818181818181,22,176,-11,-1.207464324917673,47.62,2.364574376612194,-50.95272427644454,12,0,0,100.690804,100.187073,1.073252,101.105731,101.184752,9.81204,100.837315,100.880078,5.714409,101.101008,100.647912,4.328358,99.285609,98.460432,-3.780069,1.085368,0.981518,1.024783,1.865318,2.685641,100.525211,100.359619,100.256123,98.651942,97.77223,100.042473,99.887545,99.784259,99.835902,99.123231,-0.8660254037844384,-0.4999999999999998,1.2246467991473532e-16,1,-1,-0.5000000000000004,-0.8660254037844388,-1,6.123233995736766e-17,-1.8369701987210297e-16,1.085368,0.981518,1.024783,1.865318,2.685641,0.15510242042688915,0.10350931202485203,-0.10340228103513649,0,0.15654406195633186,1.0853687274537727,0.9815191999155592,1.024782716893835,1.865317869875316,2.685641315932452,1065.55,975.3478260869565,699.0454545454545,575.9545454545455,1122.7272727272727,108.14633117849363,128.10422202099642,93.37098421158842,17.605403047082344,53.17104638015104,903,794,589,548,1038,1222,1131,829,602,1197,1151,794,589,548,1151,903,1131,800,602,1063,1065.55,975.3478260869565,699.0454545454545,575.9545454545455,1122.7272727272727,1065.55,975.3478260869565,699.0454545454545,575.9545454545455,1122.7272727272727,20,23,22,22,22,319,337,240,54,159,-248,337,211,54,-88,-21.546481320590793,42.44332493702772,35.82342954159592,9.85401459854014,-7.645525629887051,46.52,56.56,61.48,55.89,97.09,-17.751060820367748,-8.00260247234872,-4.057428214731584,-3.8037865748709154,-4.4483810648558215,-54.217104615687425,-47.026318254191246,-45.008944543828264,-47.99962783773726,-13.001792114695332,12,12,12,12,12,0,0,0,0,0,0,0,0,0,0,100.525211,100.359619,100.256123,98.651942,97.77223,100.042473,99.887545,99.784259,99.835902,99.123231,1.085368,0.981518,1.024783,1.865318,2.685641,100.837906,100.630721,100.558615,97.679681,95.412472,100.703442,100.968493,101.580835,96.827732,92.143586,9.927707,12.140679,13.385336,10.955497,8.395393,100.70495,100.387203,99.990365,98.789346,97.59371,100.445123,99.934346,99.75326,98.773853,95.42699,5.512752,5.293568,4.117052,5.495907,8.35994,101.101008,101.101008,100.157608,98.585275,96.855709,100.503923,99.783981,99.783981,98.632074,96.472247,4.179104,4.210526,4.054054,5.222734,8.589951,99.610602,99.935596,99.935596,101.235571,102.535547,98.987899,99.691188,100.570299,101.976876,102.328521,-3.59589,-3.735144,-3.378378,-2.847571,-3,1.0467126666666666,1.1591295,1.7355833333333333,100.03903033333333,99.93746616666667,99.77134825,976.5265480895915,802.8291831357049,833.606849812828,50.233333333333334,55.96333333333333,60.56166666666667,12,12,12
2015-10-01,2015,10,-0.8660254037844386,0.5000000000000001,1.176226,100.970242,100.393644,1.176226,0.2061852830055111,1.176225919289542,793,52.529356871499324,721,889,888,721,793,793,22,168,-167,-18.806306306306308,48.43,1.7009659806803912,-44.60711426283884,12,0,0,100.970242,100.393644,1.176226,101.608609,102.072152,11.274004,100.999887,101.650073,6.352075,101.415474,101.367854,5.0746270000000004,98.960615,97.932966,-4.130809,1.073252,1.085368,0.981518,1.501628,2.518408,100.690804,100.525211,100.359619,99.697247,97.886075,100.187073,100.042473,99.887545,99.835902,99.226516,-1,-0.8660254037844384,-0.4999999999999998,0.8660254037844387,-0.8660254037844386,-1.8369701987210297e-16,-0.5000000000000004,-0.8660254037844388,-0.49999999999999983,0.5000000000000001,1.073252,1.085368,0.981518,1.501628,2.518408,0.14453861011611835,0.15510242042688915,0.10350931202485203,0,0.1041985808553747,1.073251940304476,1.0853687274537727,0.9815191999155592,1.5016279611943961,2.518407700877101,888.6818181818181,1065.55,975.3478260869565,591.35,1100.9565217391305,51.024164549410976,108.14633117849363,128.10422202099642,8.474574977698383,173.66830407963693,802,903,794,578,930,978,1222,1131,601,1428,911,1151,794,596,1055,900,903,1131,591,1428,888.8636363636364,1065.55,975.3478260869565,591.35,1100.9565217391305,888.6818181818181,1065.55,975.3478260869565,591.35,1100.9565217391305,22,20,23,20,23,176,319,337,23,498,-11,-248,337,-5,373,-1.207464324917673,-21.546481320590793,42.44332493702772,-0.8389261744966459,35.355450236966824,47.62,46.52,56.56,59.52,87.43,2.364574376612194,-17.751060820367748,-8.00260247234872,6.494900697799255,-9.949531362653207,-50.95272427644454,-54.217104615687425,-47.026318254191246,-44.766146993318486,-19.847818115144843,12,12,12,12,12,0,0,0,0,0,0,0,0,0,0,100.690804,100.525211,100.359619,99.697247,97.886075,100.187073,100.042473,99.887545,99.835902,99.226516,1.073252,1.085368,0.981518,1.501628,2.518408,101.105731,100.837906,100.630721,99.456056,95.209233,101.184752,100.703442,100.968493,100.619416,91.730456,9.81204,9.927707,12.140679,13.41956,8.164692,100.837315,100.70495,100.387203,99.281816,97.710384,100.880078,100.445123,99.934346,99.167177,95.578833,5.714409,5.512752,5.293568,5.184191,7.458742,101.101008,101.101008,101.101008,99.528675,97.012942,100.647912,100.503923,99.783981,99.208027,96.472247,4.328358,4.179104,4.210526,4.393939,7.717042,99.285609,99.610602,99.935596,100.26059,102.37305,98.460432,98.987899,99.691188,101.44941,102.152698,-3.780069,-3.59589,-3.735144,-2.861953,-3.166667,1.1116153333333334,1.1048958333333334,1.6237348333333332,100.20773,100.03042316666667,99.86860891666667,915.7439393939394,836.4375164690382,807.9438063345672,47.52333333333333,54.115,57.31166666666667,12,12,12
2015-11-01,2015,11,-0.5000000000000004,0.8660254037844384,0.872184,101.02199,100.342001,0.872184,-0.05144050752854401,0.8721831773364164,582.2380952380952,59.15987217861848,498,706,706,584,583.3333333333334,582.2380952380952,21,208,-122,-17.280453257790374,44.27,-8.589717117489148,-44.27240684793554,12,0,0,101.02199,100.342001,0.872184,102.135072,103.170575,12.673713,101.172799,102.387582,6.547185,101.572708,102.231784,5.497771,99.123112,98.108788,-3.793103,1.176226,1.073252,1.085368,1.288228,2.501064,100.970242,100.690804,100.525211,99.86284,98.165513,100.393644,100.187073,100.042473,99.887545,99.474402,-0.8660254037844386,-1,-0.8660254037844384,0.49999999999999994,-0.5000000000000004,0.5000000000000001,-1.8369701987210297e-16,-0.5000000000000004,-0.8660254037844387,0.8660254037844384,1.176226,1.073252,1.085368,1.288228,2.501064,0.2061852830055111,0.14453861011611835,0.15510242042688915,0.05172788442378007,0.2498183046152569,1.176225919289542,1.073251940304476,1.0853687274537727,1.28822851275201,2.501064713991874,793,888.6818181818181,1065.55,597,1332.15,52.529356871499324,51.024164549410976,108.14633117849363,22.360679774997898,93.4627846004128,721,802,903,573,1153,889,978,1222,637,1484,888,911,1151,587,1456,721,900,903,589,1153,793,888.8636363636364,1065.55,597.3157894736842,1332.15,793,888.6818181818181,1065.55,597,1332.15,22,22,20,19,20,168,176,319,64,331,-167,-11,-248,2,-303,-18.806306306306308,-1.207464324917673,-21.546481320590793,0.34071550255536653,-20.810439560439566,48.43,47.62,46.52,64.08,79.44,1.7009659806803912,2.364574376612194,-17.751060820367748,7.661290322580627,-9.138739563079046,-44.60711426283884,-50.95272427644454,-54.217104615687425,-41.500821617673914,-26.301141107709437,12,12,12,12,12,0,0,0,0,0,0,0,0,0,0,100.970242,100.690804,100.525211,99.86284,98.165513,100.393644,100.187073,100.042473,99.887545,99.474402,1.176226,1.073252,1.085368,1.288228,2.501064,101.608609,101.105731,100.837906,100.263556,95.166216,102.072152,101.184752,100.703442,101.682715,91.56579,11.274004,9.81204,9.927707,13.203172,7.538606,100.999887,100.837315,100.70495,99.65156,97.929002,101.650073,100.880078,100.445123,99.617657,96.096,6.352075,5.714409,5.512752,4.475119,7.225902,101.415474,101.101008,101.101008,99.685908,97.012942,101.367854,100.647912,100.503923,99.783981,96.904212,5.0746270000000004,4.328358,4.179104,4.210526,7.336523,98.960615,99.285609,99.610602,100.098093,101.723062,97.932966,98.460432,98.987899,101.097765,101.976876,-4.130809,-3.780069,-3.59589,-2.871622,-2.684564,1.040554,1.0355551666666667,1.4879948333333333,100.30757266666666,100.10616583333334,99.94090883333334,754.6399711399711,833.9771990087207,745.4511476044084,46.77333333333333,50.81333333333333,54.380833333333335,12,12,12
2015-12-01,2015,12,-2.4492935982947064e-16,1,0.715322,100.970242,100.342001,0.715322,0,0.7153224858583274,519.1666666666666,44.91462489447913,471,598,598,478,519.1666666666666,519.1666666666666,18,127,-120,-20.06688963210702,38.01,-14.140501468262945,-39.027911453320506,12,0,0,100.970242,100.342001,0.715322,103.231327,104.438893,13.258103,101.377295,102.24893,5.864796,101.887174,102.807738,6.408346,99.123112,97.757143,-3.806228,0.872184,1.176226,1.073252,1.024783,2.562467,101.02199,100.970242,100.690804,100.256123,97.937823,100.342001,100.393644,100.187073,99.784259,99.62933,-0.5000000000000004,-0.8660254037844386,-1,1.2246467991473532e-16,-2.4492935982947064e-16,0.8660254037844384,0.5000000000000001,-1.8369701987210297e-16,-1,1,0.872184,1.176226,1.073252,1.024783,2.562467,-0.05144050752854401,0.2061852830055111,0.14453861011611835,-0.10340228103513649,0.1557466010200237,0.8721831773364164,1.176225919289542,1.073251940304476,1.024782716893835,2.5624668095516334,582.2380952380952,793,888.6818181818181,699.0454545454545,909.6111111111111,59.15987217861848,52.529356871499324,51.024164549410976,93.37098421158842,115.69541090542512,498,721,802,589,782,706,889,978,829,1137,706,888,911,589,1137,584,721,900,800,782,583.3333333333334,793,888.8636363636364,699.0454545454545,909.6111111111111,582.2380952380952,793,888.6818181818181,699.0454545454545,909.6111111111111,21,22,22,22,18,208,168,176,240,355,-122,-167,-11,211,-355,-17.280453257790374,-18.806306306306308,-1.207464324917673,35.82342954159592,-31.222515391380824,44.27,48.43,47.62,61.48,62.34,-8.589717117489148,1.7009659806803912,2.364574376612194,-4.057428214731584,-21.525679758308147,-44.27240684793554,-44.60711426283884,-50.95272427644454,-45.008944543828264,-43.716143011917666,12,12,12,12,12,0,0,0,0,0,0,0,0,0,0,101.02199,100.970242,100.690804,100.256123,97.937823,100.342001,100.393644,100.187073,99.784259,99.62933,0.872184,1.176226,1.073252,1.024783,2.562467,102.135072,101.608609,101.105731,100.558615,95.578348,103.170575,102.072152,101.184752,101.580835,92.213176,12.673713,11.274004,9.81204,13.385336,7.710481,101.172799,100.999887,100.837315,99.990365,97.763725,102.387582,101.650073,100.880078,99.75326,96.58445,6.547185,6.352075,5.714409,4.117052,7.033889,101.572708,101.415474,101.101008,100.157608,96.855709,102.231784,101.367854,100.647912,99.783981,96.616236,5.497771,5.0746270000000004,4.328358,4.054054,7.017544,99.123112,98.960615,99.285609,99.935596,101.560565,98.108788,97.932966,98.460432,100.570299,101.625232,-3.793103,-4.130809,-3.780069,-3.378378,-2.693603,0.921244,0.9839783333333334,1.3340660833333333,100.35921533333332,100.19912283333333,100.00029808333333,631.468253968254,803.9974010289227,712.9141105673714,43.57,46.90166666666667,52.35333333333333,12,12,12
2016-01-01,2016,1,0.49999999999999994,0.8660254037844387,1.17147,101.353176,100.796458,1.17147,0.4529080499401372,1.1714702889199513,386.3,48.50187191178674,317,473,473,317,386.3,386.3,20,156,-156,-32.98097251585623,30.7,-19.23178111023415,-35.72026800670016,12,0,0,101.353176,100.796458,1.17147,103.636514,104.931799,12.706863,103.778696,103.171547,6.120027,102.673341,104.535599,7.237814,99.123112,97.932966,-3.965517,0.715322,0.872184,1.176226,0.981518,2.290562,100.970242,101.02199,100.970242,100.359619,98.71404,100.342001,100.342001,100.393644,99.887545,99.62933,-2.4492935982947064e-16,-0.5000000000000004,-0.8660254037844386,-0.4999999999999998,0.49999999999999994,1,0.8660254037844384,0.5000000000000001,-0.8660254037844388,0.8660254037844387,0.715322,0.872184,1.176226,0.981518,2.290562,0,-0.05144050752854401,0.2061852830055111,0.10350931202485203,0,0.7153224858583274,0.8721831773364164,1.176225919289542,0.9815191999155592,2.2905611317217245,519.1666666666666,582.2380952380952,793,975.3478260869565,725.1904761904761,44.91462489447913,59.15987217861848,52.529356871499324,128.10422202099642,44.567498300464486,471,498,721,794,608,598,706,889,1131,771,598,706,888,794,771,478,584,721,1131,608,519.1666666666666,583.3333333333334,793,975.3478260869565,725.1904761904761,519.1666666666666,582.2380952380952,793,975.3478260869565,725.1904761904761,18,21,22,23,21,127,208,168,337,163,-120,-122,-167,337,-163,-20.06688963210702,-17.280453257790374,-18.806306306306308,42.44332493702772,-21.141374837872895,38.01,44.27,48.43,56.56,47.76,-14.140501468262945,-8.589717117489148,1.7009659806803912,-8.00260247234872,-23.387872954764198,-39.027911453320506,-44.27240684793554,-44.60711426283884,-47.026318254191246,-55.826859045504996,12,12,12,12,12,0,0,0,0,0,0,0,0,0,0,100.970242,101.02199,100.970242,100.359619,98.71404,100.342001,100.342001,100.393644,99.887545,99.62933,0.715322,0.872184,1.176226,0.981518,2.290562,103.231327,102.135072,101.608609,100.630721,96.157799,104.438893,103.170575,102.072152,100.968493,93.101516,13.258103,12.673713,11.274004,12.140679,7.674199,101.377295,101.172799,100.999887,100.387203,98.518149,102.24893,102.387582,101.650073,99.934346,97.221561,5.864796,6.547185,6.352075,5.293568,6.497494,101.887174,101.572708,101.415474,101.101008,96.698475,102.807738,102.231784,101.367854,99.783981,97.480166,6.408346,5.497771,5.0746270000000004,4.210526,6.112853,99.123112,99.123112,98.960615,99.935596,101.235571,97.757143,98.108788,97.932966,99.691188,101.976876,-3.806228,-3.793103,-4.130809,-3.735144,-2.847571,0.9196586666666666,1.0156370000000001,1.2408084166666666,100.49348666666667,100.35060833333333,100.09755875,495.90158730158726,705.8227633477633,684.6732375514985,37.66,42.59166666666667,50.931666666666665,12,12,12
2016-02-01,2016,2,0.8660254037844386,0.5000000000000001,1.572522,101.291078,101.405843,1.572522,0.6045698550240841,1.5725214762921658,306.9047619047619,13.144979124763804,290,329,314,329,306.9047619047619,306.9047619047619,21,39,15,4.777070063694278,32.18,4.820846905537457,-44.61273666092943,12,0,0,101.291078,101.405843,1.572522,103.202707,104.485058,10.769972,104.395931,105.152988,7.231003,104.08844,107.127391,9.411765,98.960615,97.932966,-4.130809,1.17147,0.715322,0.872184,1.085368,2.134404,101.353176,100.970242,101.02199,100.525211,98.331106,100.796458,100.342001,100.342001,100.042473,99.835902,0.49999999999999994,-2.4492935982947064e-16,-0.5000000000000004,-0.8660254037844384,0.8660254037844386,0.8660254037844387,1,0.8660254037844384,-0.5000000000000004,0.5000000000000001,1.17147,0.715322,0.872184,1.085368,2.134404,0.4529080499401372,0,-0.05144050752854401,0.15510242042688915,0.20734054921378586,1.1714702889199513,0.7153224858583274,0.8721831773364164,1.0853687274537727,2.134404080829766,386.3,519.1666666666666,582.2380952380952,1065.55,542.4444444444445,48.50187191178674,44.91462489447913,59.15987217861848,108.14633117849363,23.993190755178418,317,471,498,903,509,473,598,706,1222,590,473,598,706,1151,590,317,478,584,903,540,386.3,519.1666666666666,583.3333333333334,1065.55,542.4444444444445,386.3,519.1666666666666,582.2380952380952,1065.55,542.4444444444445,20,18,21,20,18,156,127,208,319,81,-156,-120,-122,-248,-50,-32.98097251585623,-20.06688963210702,-17.280453257790374,-21.546481320590793,-8.47457627118644,30.7,38.01,44.27,46.52,58.1,-19.23178111023415,-14.140501468262945,-8.589717117489148,-17.751060820367748,21.649916247906198,-35.72026800670016,-39.027911453320506,-44.27240684793554,-54.217104615687425,-46.648301193755735,12,12,12,12,12,0,0,0,0,0,0,0,0,0,0,101.353176,100.970242,101.02199,100.525211,98.331106,100.796458,100.342001,100.342001,100.042473,99.835902,1.17147,0.715322,0.872184,1.085368,2.134404,103.636514,103.231327,102.135072,100.837906,96.598536,104.931799,104.438893,103.170575,100.703442,94.326158,12.706863,13.258103,12.673713,9.927707,8.696157,103.778696,101.377295,101.172799,100.70495,98.352608,103.171547,102.24893,102.387582,100.445123,98.062113,6.120027,5.864796,6.547185,5.512752,6.589649,102.673341,101.887174,101.572708,101.101008,97.327409,104.535599,102.807738,102.231784,100.503923,97.912131,7.237814,6.408346,5.497771,4.179104,6.084243,99.123112,99.123112,99.123112,99.610602,101.235571,97.932966,97.757143,98.108788,98.987899,102.152698,-3.965517,-3.806228,-3.793103,-3.59589,-2.842809,1.1531046666666667,1.0968293333333334,1.1939849166666667,100.84810066666667,100.57783666666667,100.22838716666666,404.12380952380954,579.3818903318903,665.0449306731915,33.629999999999995,40.20166666666667,48.77166666666667,12,12,12
2016-03-01,2016,3,1,6.123233995736766e-17,1.882888,101.684361,101.7157,1.882888,0.3055612880216385,1.882887781191167,383.3333333333333,27.013576833387564,332,429,332,429,383.3333333333333,383.3333333333333,21,97,97,29.216867469879524,38.21,18.73834679925419,-31.633565933082842,12,0,0,101.684361,101.7157,1.882888,103.982687,105.939055,9.409829,105.206764,108.377746,9.723113,105.03184,109.143229,10.656934,98.798118,97.757143,-4.137931,1.572522,1.17147,0.715322,1.073252,1.865318,101.291078,101.353176,100.970242,100.690804,98.651942,101.405843,100.796458,100.342001,100.187073,99.835902,0.8660254037844386,0.49999999999999994,-2.4492935982947064e-16,-1,1,0.5000000000000001,0.8660254037844387,1,-1.8369701987210297e-16,6.123233995736766e-17,1.572522,1.17147,0.715322,1.073252,1.865318,0.6045698550240841,0.4529080499401372,0,0.14453861011611835,0,1.5725214762921658,1.1714702889199513,0.7153224858583274,1.073251940304476,1.865317869875316,306.9047619047619,386.3,519.1666666666666,888.6818181818181,575.9545454545455,13.144979124763804,48.50187191178674,44.91462489447913,51.024164549410976,17.605403047082344,290,317,471,802,548,329,473,598,978,602,314,473,598,911,548,329,317,478,900,602,306.9047619047619,386.3,519.1666666666666,888.8636363636364,575.9545454545455,306.9047619047619,386.3,519.1666666666666,888.6818181818181,575.9545454545455,21,20,18,22,22,39,156,127,176,54,15,-156,-120,-11,54,4.777070063694278,-32.98097251585623,-20.06688963210702,-1.207464324917673,9.85401459854014,32.18,30.7,38.01,47.62,55.89,4.820846905537457,-19.23178111023415,-14.140501468262945,2.364574376612194,-3.8037865748709154,-44.61273666092943,-35.72026800670016,-39.027911453320506,-50.95272427644454,-47.99962783773726,12,12,12,12,12,0,0,0,0,0,0,0,0,0,0,101.291078,101.353176,100.970242,100.690804,98.651942,101.405843,100.796458,100.342001,100.187073,99.835902,1.572522,1.17147,0.715322,1.073252,1.865318,103.202707,103.636514,103.231327,101.105731,97.679681,104.485058,104.931799,104.438893,101.184752,96.827732,10.769972,12.706863,13.258103,9.81204,10.955497,104.395931,103.778696,101.377295,100.837315,98.789346,105.152988,103.171547,102.24893,100.880078,98.773853,7.231003,6.120027,5.864796,5.714409,5.495907,104.08844,102.673341,101.887174,101.101008,98.585275,107.127391,104.535599,102.807738,100.647912,98.632074,9.411765,7.237814,6.408346,4.328358,5.222734,98.960615,99.123112,99.123112,99.285609,101.235571,97.932966,97.932966,97.757143,98.460432,101.976876,-4.130809,-3.965517,-3.806228,-3.780069,-2.847571,1.5422933333333333,1.2317686666666667,1.1954490833333333,101.30600033333333,100.83260783333333,100.385037,358.84603174603177,495.15714285714284,648.9931629964238,33.696666666666665,38.63333333333333,47.29833333333333,12,12,12
2016-04-01,2016,4,0.8660254037844387,-0.49999999999999983,2.679495,102.543374,102.511,2.679495,0.7818851956974182,2.679494997701326,607.4761904761905,88.90197919485205,450,715,450,703,607.4761904761905,607.4761904761905,21,265,253,56.222222222222214,41.58,8.819680711855526,-30.141129032258075,12,0,0,102.543374,102.511,2.679495,104.701968,107.501792,6.840008,105.839198,110.121522,11.046341,105.97524,111.447044,12.33672,98.635621,97.405499,-3.986135,1.882888,1.572522,1.17147,1.176226,1.501628,101.684361,101.291078,101.353176,100.970242,99.697247,101.7157,101.405843,100.796458,100.393644,99.835902,1,0.8660254037844386,0.49999999999999994,-0.8660254037844386,0.8660254037844387,6.123233995736766e-17,0.5000000000000001,0.8660254037844387,0.5000000000000001,-0.49999999999999983,1.882888,1.572522,1.17147,1.176226,1.501628,0.3055612880216385,0.6045698550240841,0.4529080499401372,0.2061852830055111,0,1.882887781191167,1.5725214762921658,1.1714702889199513,1.176225919289542,1.5016279611943961,383.3333333333333,306.9047619047619,386.3,793,591.35,27.013576833387564,13.144979124763804,48.50187191178674,52.529356871499324,8.474574977698383,332,290,317,721,578,429,329,473,889,601,332,314,473,888,596,429,329,317,721,591,383.3333333333333,306.9047619047619,386.3,793,591.35,383.3333333333333,306.9047619047619,386.3,793,591.35,21,21,20,22,20,97,39,156,168,23,97,15,-156,-167,-5,29.216867469879524,4.777070063694278,-32.98097251585623,-18.806306306306308,-0.8389261744966459,38.21,32.18,30.7,48.43,59.52,18.73834679925419,4.820846905537457,-19.23178111023415,1.7009659806803912,6.494900697799255,-31.633565933082842,-44.61273666092943,-35.72026800670016,-44.60711426283884,-44.766146993318486,12,12,12,12,12,0,0,0,0,0,0,0,0,0,0,101.684361,101.291078,101.353176,100.970242,99.697247,101.7157,101.405843,100.796458,100.393644,99.835902,1.882888,1.572522,1.17147,1.176226,1.501628,103.982687,103.202707,103.636514,101.608609,99.456056,105.939055,104.485058,104.931799,102.072152,100.619416,9.409829,10.769972,12.706863,11.274004,13.41956,105.206764,104.395931,103.778696,100.999887,99.281816,108.377746,105.152988,103.171547,101.650073,99.167177,9.723113,7.231003,6.120027,6.352075,5.184191,105.03184,104.08844,102.673341,101.415474,99.528675,109.143229,107.127391,104.535599,101.367854,99.208027,10.656934,9.411765,7.237814,5.0746270000000004,4.393939,98.798118,98.960615,99.123112,98.960615,100.26059,97.757143,97.932966,97.932966,97.932966,101.44941,-4.137931,-4.130809,-3.965517,-4.130809,-2.861953,2.0449683333333333,1.4823135,1.2936046666666667,101.87751433333334,101.1855005,100.60796183333333,432.57142857142856,464.2365079365079,650.337012202773,37.32333333333333,37.49166666666667,45.803333333333335,12,12,12
2016-05-01,2016,5,0.49999999999999994,-0.8660254037844387,2.719471,102.677919,102.603957,2.719471,0.09068002458272328,2.719470180191119,619.9,25.21048236453701,579,682,682,612,619.9,619.9,20,103,-70,-10.26392961876833,46.74,12.409812409812426,-27.059925093632952,12,0,0,102.677919,102.603957,2.719471,105.279235,108.381243,6.587677,106.37365,111.729197,12.158025,106.132473,111.735021,11.976912,98.310627,96.878032,-4.173913,2.679495,1.882888,1.572522,0.872184,1.288228,102.543374,101.684361,101.291078,101.02199,99.86284,102.511,101.7157,101.405843,100.342001,99.887545,0.8660254037844387,1,0.8660254037844386,-0.5000000000000004,0.49999999999999994,-0.49999999999999983,6.123233995736766e-17,0.5000000000000001,0.8660254037844384,-0.8660254037844387,2.679495,1.882888,1.572522,0.872184,1.288228,0.7818851956974182,0.3055612880216385,0.6045698550240841,-0.05144050752854401,0.05172788442378007,2.679494997701326,1.882887781191167,1.5725214762921658,0.8721831773364164,1.28822851275201,607.4761904761905,383.3333333333333,306.9047619047619,582.2380952380952,597,88.90197919485205,27.013576833387564,13.144979124763804,59.15987217861848,22.360679774997898,450,332,290,498,573,715,429,329,706,637,450,332,314,706,587,703,429,329,584,589,607.4761904761905,383.3333333333333,306.9047619047619,583.3333333333334,597.3157894736842,607.4761904761905,383.3333333333333,306.9047619047619,582.2380952380952,597,21,21,21,21,19,265,97,39,208,64,253,97,15,-122,2,56.222222222222214,29.216867469879524,4.777070063694278,-17.280453257790374,0.34071550255536653,41.58,38.21,32.18,44.27,64.08,8.819680711855526,18.73834679925419,4.820846905537457,-8.589717117489148,7.661290322580627,-30.141129032258075,-31.633565933082842,-44.61273666092943,-44.27240684793554,-41.500821617673914,12,12,12,12,12,0,0,0,0,0,0,0,0,0,0,102.543374,101.684361,101.291078,101.02199,99.86284,102.511,101.7157,101.405843,100.342001,99.887545,2.679495,1.882888,1.572522,0.872184,1.288228,104.701968,103.982687,103.202707,102.135072,100.263556,107.501792,105.939055,104.485058,103.170575,101.682715,6.840008,9.409829,10.769972,12.673713,13.203172,105.839198,105.206764,104.395931,101.172799,99.65156,110.121522,108.377746,105.152988,102.387582,99.617657,11.046341,9.723113,7.231003,6.547185,4.475119,105.97524,105.03184,104.08844,101.572708,99.685908,111.447044,109.143229,107.127391,102.231784,99.783981,12.33672,10.656934,9.411765,5.497771,4.210526,98.635621,98.798118,98.960615,99.123112,100.098093,97.405499,97.757143,97.932966,98.108788,101.097765,-3.986135,-4.137931,-4.130809,-3.793103,-2.871622,2.4272846666666665,1.7901946666666666,1.4128749166666668,102.27688566666666,101.56249316666667,100.8343295,536.9031746031746,470.51349206349204,652.2453455361064,42.17666666666667,37.903333333333336,44.358333333333334,12,12,12
2016-06-01,2016,6,1.2246467991473532e-16,-1,2.54632,102.895259,102.325086,2.54632,-0.27179361123469414,2.546320457217588,607.8636363636364,18.11417612322947,580,660,612,660,607.8636363636364,607.8636363636364,22,80,48,7.843137254901955,48.25,3.23063756953359,-21.519193233571887,12,0,0,102.895259,102.325086,2.54632,106.389016,110.612932,8.891537,106.721043,111.031687,11.306324,106.761406,111.735021,11.976912,98.635621,96.526388,-4.020979,2.719471,2.679495,1.882888,0.715322,1.024783,102.677919,102.543374,101.684361,100.970242,100.256123,102.603957,102.511,101.7157,100.342001,99.784259,0.49999999999999994,0.8660254037844387,1,-2.4492935982947064e-16,1.2246467991473532e-16,-0.8660254037844387,-0.49999999999999983,6.123233995736766e-17,1,-1,2.719471,2.679495,1.882888,0.715322,1.024783,0.09068002458272328,0.7818851956974182,0.3055612880216385,0,-0.10340228103513649,2.719470180191119,2.679494997701326,1.882887781191167,0.7153224858583274,1.024782716893835,619.9,607.4761904761905,383.3333333333333,519.1666666666666,699.0454545454545,25.21048236453701,88.90197919485205,27.013576833387564,44.91462489447913,93.37098421158842,579,450,332,471,589,682,715,429,598,829,682,450,332,598,589,612,703,429,478,800,619.9,607.4761904761905,383.3333333333333,519.1666666666666,699.0454545454545,619.9,607.4761904761905,383.3333333333333,519.1666666666666,699.0454545454545,20,21,21,18,22,103,265,97,127,240,-70,253,97,-120,211,-10.26392961876833,56.222222222222214,29.216867469879524,-20.06688963210702,35.82342954159592,46.74,41.58,38.21,38.01,61.48,12.409812409812426,8.819680711855526,18.73834679925419,-14.140501468262945,-4.057428214731584,-27.059925093632952,-30.141129032258075,-31.633565933082842,-39.027911453320506,-45.008944543828264,12,12,12,12,12,0,0,0,0,0,0,0,0,0,0,102.677919,102.543374,101.684361,100.970242,100.256123,102.603957,102.511,101.7157,100.342001,99.784259,2.719471,2.679495,1.882888,0.715322,1.024783,105.279235,104.701968,103.982687,103.231327,100.558615,108.381243,107.501792,105.939055,104.438893,101.580835,6.587677,6.840008,9.409829,13.258103,13.385336,106.37365,105.839198,105.206764,101.377295,99.990365,111.729197,110.121522,108.377746,102.24893,99.75326,12.158025,11.046341,9.723113,5.864796,4.117052,106.132473,105.97524,105.03184,101.887174,100.157608,111.735021,111.447044,109.143229,102.807738,99.783981,11.976912,12.33672,10.656934,6.408346,4.054054,98.310627,98.635621,98.798118,99.123112,99.935596,96.878032,97.405499,97.757143,97.757143,100.570299,-4.173913,-3.986135,-4.137931,-3.806228,-3.378378,2.6484286666666668,2.095361,1.5396696666666667,102.48001433333333,101.89300733333333,101.04606508333333,611.746608946609,485.29632034632033,644.6468606876216,45.52333333333333,39.61,43.255833333333335,12,12,12
2016-07-01,2016,7,-0.4999999999999998,-0.8660254037844388,2.68845,103.050502,102.572971,2.68845,0.24225242283206772,2.688449295655415,707.4285714285714,26.759244063634213,656,748,677,656,707.4285714285714,707.4285714285714,21,92,-21,-3.101920236336775,44.95,-6.839378238341965,-20.52687411598303,12,0,0,103.050502,102.572971,2.68845,107.066887,111.850218,10.777348,107.406923,112.163014,12.236703,107.704806,112.310974,12.554113,98.310627,95.998921,-3.703704,2.54632,2.719471,2.679495,1.17147,0.981518,102.895259,102.677919,102.543374,101.353176,100.359619,102.325086,102.603957,102.511,100.796458,99.887545,1.2246467991473532e-16,0.49999999999999994,0.8660254037844387,0.49999999999999994,-0.4999999999999998,-1,-0.8660254037844387,-0.49999999999999983,0.8660254037844387,-0.8660254037844388,2.54632,2.719471,2.679495,1.17147,0.981518,-0.27179361123469414,0.09068002458272328,0.7818851956974182,0.4529080499401372,0.10350931202485203,2.546320457217588,2.719470180191119,2.679494997701326,1.1714702889199513,0.9815191999155592,607.8636363636364,619.9,607.4761904761905,386.3,975.3478260869565,18.11417612322947,25.21048236453701,88.90197919485205,48.50187191178674,128.10422202099642,580,579,450,317,794,660,682,715,473,1131,612,682,450,473,794,660,612,703,317,1131,607.8636363636364,619.9,607.4761904761905,386.3,975.3478260869565,607.8636363636364,619.9,607.4761904761905,386.3,975.3478260869565,22,20,21,20,23,80,103,265,156,337,48,-70,253,-156,337,7.843137254901955,-10.26392961876833,56.222222222222214,-32.98097251585623,42.44332493702772,48.25,46.74,41.58,30.7,56.56,3.23063756953359,12.409812409812426,8.819680711855526,-19.23178111023415,-8.00260247234872,-21.519193233571887,-27.059925093632952,-30.141129032258075,-35.72026800670016,-47.026318254191246,12,12,12,12,12,0,0,0,0,0,0,0,0,0,0,102.895259,102.677919,102.543374,101.353176,100.359619,102.325086,102.603957,102.511,100.796458,99.887545,2.54632,2.719471,2.679495,1.17147,0.981518,106.389016,105.279235,104.701968,103.636514,100.630721,110.612932,108.381243,107.501792,104.931799,100.968493,8.891537,6.587677,6.840008,12.706863,12.140679,106.721043,106.37365,105.839198,103.778696,100.387203,111.031687,111.729197,110.121522,103.171547,99.934346,11.306324,12.158025,11.046341,6.120027,5.293568,106.761406,106.132473,105.97524,102.673341,101.101008,111.735021,111.735021,111.447044,104.535599,99.783981,11.976912,11.976912,12.33672,7.237814,4.210526,98.635621,98.310627,98.635621,99.123112,99.935596,96.526388,96.878032,97.405499,97.932966,99.691188,-4.020979,-4.173913,-3.986135,-3.965517,-3.735144,2.6514136666666666,2.348191,1.6819140000000001,102.50067133333333,102.18909283333333,101.26985058333334,645.0640692640693,538.8177489177489,622.3202561327561,46.64666666666667,41.985,42.288333333333334,12,12,12
2016-08-01,2016,8,-0.8660254037844384,-0.5000000000000004,2.89077,103.216095,102.934471,2.89077,0.3524320261719005,2.890770203171611,672.9090909090909,30.480140436667302,631,720,650,711,672.9090909090909,672.9090909090909,22,89,61,9.38461538461539,45.84,1.979977753058959,-1.4617368873602765,12,0,0,103.216095,102.934471,2.89077,107.1462,111.633061,10.853272,107.585073,111.967371,11.471187,107.547573,113.318893,12.750716,98.310627,95.647277,-3.374778,2.68845,2.54632,2.719471,1.572522,1.085368,103.050502,102.895259,102.677919,101.291078,100.525211,102.572971,102.325086,102.603957,101.405843,100.042473,-0.4999999999999998,1.2246467991473532e-16,0.49999999999999994,0.8660254037844386,-0.8660254037844384,-0.8660254037844388,-1,-0.8660254037844387,0.5000000000000001,-0.5000000000000004,2.68845,2.54632,2.719471,1.572522,1.085368,0.24225242283206772,-0.27179361123469414,0.09068002458272328,0.6045698550240841,0.15510242042688915,2.688449295655415,2.546320457217588,2.719470180191119,1.5725214762921658,1.0853687274537727,707.4285714285714,607.8636363636364,619.9,306.9047619047619,1065.55,26.759244063634213,18.11417612322947,25.21048236453701,13.144979124763804,108.14633117849363,656,580,579,290,903,748,660,682,329,1222,677,612,682,314,1151,656,660,612,329,903,707.4285714285714,607.8636363636364,619.9,306.9047619047619,1065.55,707.4285714285714,607.8636363636364,619.9,306.9047619047619,1065.55,21,22,20,21,20,92,80,103,39,319,-21,48,-70,15,-248,-3.101920236336775,7.843137254901955,-10.26392961876833,4.777070063694278,-21.546481320590793,44.95,48.25,46.74,32.18,46.52,-6.839378238341965,3.23063756953359,12.409812409812426,4.820846905537457,-17.751060820367748,-20.52687411598303,-21.519193233571887,-27.059925093632952,-44.61273666092943,-54.217104615687425,12,12,12,12,12,0,0,0,0,0,0,0,0,0,0,103.050502,102.895259,102.677919,101.291078,100.525211,102.572971,102.325086,102.603957,101.405843,100.042473,2.68845,2.54632,2.719471,1.572522,1.085368,107.066887,106.389016,105.279235,103.202707,100.837906,111.850218,110.612932,108.381243,104.485058,100.703442,10.777348,8.891537,6.587677,10.769972,9.927707,107.406923,106.721043,106.37365,104.395931,100.70495,112.163014,111.031687,111.729197,105.152988,100.445123,12.236703,11.306324,12.158025,7.231003,5.512752,107.704806,106.761406,106.132473,104.08844,101.101008,112.310974,111.735021,111.735021,107.127391,100.503923,12.554113,11.976912,11.976912,9.411765,4.179104,98.310627,98.635621,98.310627,98.960615,99.610602,95.998921,96.526388,96.878032,97.932966,98.987899,-3.703704,-4.020979,-4.173913,-4.130809,-3.59589,2.7085133333333333,2.567899,1.8323641666666666,102.61084266666667,102.44386416666666,101.51085041666667,662.7337662337662,599.8184704184704,589.6001803751803,46.34666666666667,44.26166666666667,42.23166666666667,12,12,12
2016-09-01,2016,9,-1,-1.8369701987210297e-16,3.092784,103.495533,103.285642,3.092784,0.3411597656143739,3.0927832376139053,827.7727272727273,77.335959613563,712,941,712,875,827.7727272727273,827.7727272727273,22,229,163,22.8932584269663,46.57,1.5924956369982368,-2.2049559008819775,12,0,0,103.495533,103.285642,3.092784,107.515433,112.251405,10.937076,107.798854,112.93708,11.951817,107.704806,113.462882,12.732475,97.985633000000007,95.647277,-2.857143,2.89077,2.68845,2.54632,1.882888,1.073252,103.216095,103.050502,102.895259,101.684361,100.690804,102.934471,102.572971,102.325086,101.7157,100.187073,-0.8660254037844384,-0.4999999999999998,1.2246467991473532e-16,1,-1,-0.5000000000000004,-0.8660254037844388,-1,6.123233995736766e-17,-1.8369701987210297e-16,2.89077,2.68845,2.54632,1.882888,1.073252,0.3524320261719005,0.24225242283206772,-0.27179361123469414,0.3055612880216385,0.14453861011611835,2.890770203171611,2.688449295655415,2.546320457217588,1.882887781191167,1.073251940304476,672.9090909090909,707.4285714285714,607.8636363636364,383.3333333333333,888.6818181818181,30.480140436667302,26.759244063634213,18.11417612322947,27.013576833387564,51.024164549410976,631,656,580,332,802,720,748,660,429,978,650,677,612,332,911,711,656,660,429,900,672.9090909090909,707.4285714285714,607.8636363636364,383.3333333333333,888.8636363636364,672.9090909090909,707.4285714285714,607.8636363636364,383.3333333333333,888.6818181818181,22,21,22,21,22,89,92,80,97,176,61,-21,48,97,-11,9.38461538461539,-3.101920236336775,7.843137254901955,29.216867469879524,-1.207464324917673,45.84,44.95,48.25,38.21,47.62,1.979977753058959,-6.839378238341965,3.23063756953359,18.73834679925419,2.364574376612194,-1.4617368873602765,-20.52687411598303,-21.519193233571887,-31.633565933082842,-50.95272427644454,12,12,12,12,12,0,0,0,0,0,0,0,0,0,0,103.216095,103.050502,102.895259,101.684361,100.690804,102.934471,102.572971,102.325086,101.7157,100.187073,2.89077,2.68845,2.54632,1.882888,1.073252,107.1462,107.066887,106.389016,103.982687,101.105731,111.633061,111.850218,110.612932,105.939055,101.184752,10.853272,10.777348,8.891537,9.409829,9.81204,107.585073,107.406923,106.721043,105.206764,100.837315,111.967371,112.163014,111.031687,108.377746,100.880078,11.471187,12.236703,11.306324,9.723113,5.714409,107.547573,107.704806,106.761406,105.03184,101.101008,113.318893,112.310974,111.735021,109.143229,100.647912,12.750716,12.554113,11.976912,10.656934,4.328358,98.310627,98.310627,98.635621,98.798118,99.285609,95.647277,95.998921,96.526388,97.757143,98.460432,-3.374778,-3.703704,-4.020979,-4.137931,-3.780069,2.890668,2.7695483333333333,2.0006585,102.931028,102.70552116666667,101.7690645,736.0367965367965,673.8917027417027,584.5244227994228,45.78666666666667,45.655,42.14416666666667,12,12,12
2016-10-01,2016,10,-0.8660254037844386,0.5000000000000001,3.261317,103.702524,103.667799,3.261317,0.3700001206363268,3.2613170212249853,868.4761904761905,38.97129590816688,798,922,864,857,868.4761904761905,868.4761904761905,21,124,-7,-0.810185185185186,49.52,6.334550139574846,2.2506710716498013,12,0,0,103.702524,103.667799,3.261317,108.184969,113.332912,11.032157,108.330633,113.564839,11.721356,108.176506,114.326812,12.784091,98.14813,95.998921,-1.974865,3.092784,2.89077,2.68845,2.679495,1.176226,103.495533,103.216095,103.050502,102.543374,100.970242,103.285642,102.934471,102.572971,102.511,100.393644,-1,-0.8660254037844384,-0.4999999999999998,0.8660254037844387,-0.8660254037844386,-1.8369701987210297e-16,-0.5000000000000004,-0.8660254037844388,-0.49999999999999983,0.5000000000000001,3.092784,2.89077,2.68845,2.679495,1.176226,0.3411597656143739,0.3524320261719005,0.24225242283206772,0.7818851956974182,0.2061852830055111,3.0927832376139053,2.890770203171611,2.688449295655415,2.679494997701326,1.176225919289542,827.7727272727273,672.9090909090909,707.4285714285714,607.4761904761905,793,77.335959613563,30.480140436667302,26.759244063634213,88.90197919485205,52.529356871499324,712,631,656,450,721,941,720,748,715,889,712,650,677,450,888,875,711,656,703,721,827.7727272727273,672.9090909090909,707.4285714285714,607.4761904761905,793,827.7727272727273,672.9090909090909,707.4285714285714,607.4761904761905,793,22,22,21,21,22,229,89,92,265,168,163,61,-21,253,-167,22.8932584269663,9.38461538461539,-3.101920236336775,56.222222222222214,-18.806306306306308,46.57,45.84,44.95,41.58,48.43,1.5924956369982368,1.979977753058959,-6.839378238341965,8.819680711855526,1.7009659806803912,-2.2049559008819775,-1.4617368873602765,-20.52687411598303,-30.141129032258075,-44.60711426283884,12,12,12,12,12,0,0,0,0,0,0,0,0,0,0,103.495533,103.216095,103.050502,102.543374,100.970242,103.285642,102.934471,102.572971,102.511,100.393644,3.092784,2.89077,2.68845,2.679495,1.176226,107.515433,107.1462,107.066887,104.701968,101.608609,112.251405,111.633061,111.850218,107.501792,102.072152,10.937076,10.853272,10.777348,6.840008,11.274004,107.798854,107.585073,107.406923,105.839198,100.999887,112.93708,111.967371,112.163014,110.121522,101.650073,11.951817,11.471187,12.236703,11.046341,6.352075,107.704806,107.547573,107.704806,105.97524,101.415474,113.462882,113.318893,112.310974,111.447044,101.367854,12.732475,12.750716,12.554113,12.33672,5.0746270000000004,97.985633000000007,98.310627,98.310627,98.635621,98.960615,95.647277,95.647277,95.998921,97.405499,97.932966,-2.857143,-3.374778,-3.703704,-3.986135,-4.130809,3.0816236666666668,2.866518666666667,2.1744160833333335,103.29597066666666,102.898321,102.04191075,789.7193362193362,717.3917027417027,590.8141053391054,47.31,46.97833333333334,42.235,12,12,12
2016-11-01,2016,11,-0.5000000000000004,0.8660254037844384,3.82913,103.909515,104.184227,3.82913,0.49815661659800003,3.8291303359597295,1071.8181818181818,156.83556337576607,834,1257,838,1204,1071.8181818181818,1071.8181818181818,22,423,366,43.67541766109786,44.73,-9.672859450726989,1.0390783826518923,12,0,0,103.909515,104.184227,3.82913,108.955478,114.656475,11.132922,108.598174,114.266276,11.601694,108.648206,114.902766,12.394366,98.14813,96.526388,-1.612903,3.261317,3.092784,2.89077,2.719471,0.872184,103.702524,103.495533,103.216095,102.677919,101.02199,103.667799,103.285642,102.934471,102.603957,100.342001,-0.8660254037844386,-1,-0.8660254037844384,0.49999999999999994,-0.5000000000000004,0.5000000000000001,-1.8369701987210297e-16,-0.5000000000000004,-0.8660254037844387,0.8660254037844384,3.261317,3.092784,2.89077,2.719471,0.872184,0.3700001206363268,0.3411597656143739,0.3524320261719005,0.09068002458272328,-0.05144050752854401,3.2613170212249853,3.0927832376139053,2.890770203171611,2.719470180191119,0.8721831773364164,868.4761904761905,827.7727272727273,672.9090909090909,619.9,582.2380952380952,38.97129590816688,77.335959613563,30.480140436667302,25.21048236453701,59.15987217861848,798,712,631,579,498,922,941,720,682,706,864,712,650,682,706,857,875,711,612,584,868.4761904761905,827.7727272727273,672.9090909090909,619.9,583.3333333333334,868.4761904761905,827.7727272727273,672.9090909090909,619.9,582.2380952380952,21,22,22,20,21,124,229,89,103,208,-7,163,61,-70,-122,-0.810185185185186,22.8932584269663,9.38461538461539,-10.26392961876833,-17.280453257790374,49.52,46.57,45.84,46.74,44.27,6.334550139574846,1.5924956369982368,1.979977753058959,12.409812409812426,-8.589717117489148,2.2506710716498013,-2.2049559008819775,-1.4617368873602765,-27.059925093632952,-44.27240684793554,12,12,12,12,12,0,0,0,0,0,0,0,0,0,0,103.702524,103.495533,103.216095,102.677919,101.02199,103.667799,103.285642,102.934471,102.603957,100.342001,3.261317,3.092784,2.89077,2.719471,0.872184,108.184969,107.515433,107.1462,105.279235,102.135072,113.332912,112.251405,111.633061,108.381243,103.170575,11.032157,10.937076,10.853272,6.587677,12.673713,108.330633,107.798854,107.585073,106.37365,101.172799,113.564839,112.93708,111.967371,111.729197,102.387582,11.721356,11.951817,11.471187,12.158025,6.547185,108.176506,107.704806,107.547573,106.132473,101.572708,114.326812,113.462882,113.318893,111.735021,102.231784,12.784091,12.732475,12.750716,11.976912,5.497771,98.14813,97.985633000000007,98.310627,98.310627,99.123112,95.998921,95.647277,95.647277,96.878032,98.108788,-1.974865,-2.857143,-3.374778,-4.173913,-3.793103,3.3944103333333335,3.051461833333333,2.42082825,103.712556,103.16169933333333,102.36209625,922.6890331890331,792.7113997113997,631.6124458874459,46.94,46.64333333333333,42.27333333333333,12,12,12
2016-12-01,2016,12,-2.4492935982947064e-16,1,3.962944,104.013011,104.318499,3.962944,0.1288793936149224,3.962944689532355,1049.5294117647059,110.28605852909222,914,1198,1196,961,1049.5294117647059,1049.4705882352941,17,284,-235,-19.64882943143813,53.31,19.181757209926232,40.25256511444357,12,0,0,104.013011,104.318499,3.962944,109.786108,116.160845,11.223742,108.775601,114.988466,12.459334,108.962672,115.910685,12.745098,98.14813,96.878032,-0.899281,3.82913,3.261317,3.092784,2.54632,0.715322,103.909515,103.702524,103.495533,102.895259,100.970242,104.184227,103.667799,103.285642,102.325086,100.342001,-0.5000000000000004,-0.8660254037844386,-1,1.2246467991473532e-16,-2.4492935982947064e-16,0.8660254037844384,0.5000000000000001,-1.8369701987210297e-16,-1,1,3.82913,3.261317,3.092784,2.54632,0.715322,0.49815661659800003,0.3700001206363268,0.3411597656143739,-0.27179361123469414,0,3.8291303359597295,3.2613170212249853,3.0927832376139053,2.546320457217588,0.7153224858583274,1071.8181818181818,868.4761904761905,827.7727272727273,607.8636363636364,519.1666666666666,156.83556337576607,38.97129590816688,77.335959613563,18.11417612322947,44.91462489447913,834,798,712,580,471,1257,922,941,660,598,838,864,712,612,598,1204,857,875,660,478,1071.8181818181818,868.4761904761905,827.7727272727273,607.8636363636364,519.1666666666666,1071.8181818181818,868.4761904761905,827.7727272727273,607.8636363636364,519.1666666666666,22,21,22,22,18,423,124,229,80,127,366,-7,163,48,-120,43.67541766109786,-0.810185185185186,22.8932584269663,7.843137254901955,-20.06688963210702,44.73,49.52,46.57,48.25,38.01,-9.672859450726989,6.334550139574846,1.5924956369982368,3.23063756953359,-14.140501468262945,1.0390783826518923,2.2506710716498013,-2.2049559008819775,-21.519193233571887,-39.027911453320506,12,12,12,12,12,0,0,0,0,0,0,0,0,0,0,103.909515,103.702524,103.495533,102.895259,100.970242,104.184227,103.667799,103.285642,102.325086,100.342001,3.82913,3.261317,3.092784,2.54632,0.715322,108.955478,108.184969,107.515433,106.389016,103.231327,114.656475,113.332912,112.251405,110.612932,104.438893,11.132922,11.032157,10.937076,8.891537,13.258103,108.598174,108.330633,107.798854,106.721043,101.377295,114.266276,113.564839,112.93708,111.031687,102.24893,11.601694,11.721356,11.951817,11.306324,5.864796,108.648206,108.176506,107.704806,106.761406,101.887174,114.902766,114.326812,113.462882,111.735021,102.807738,12.394366,12.784091,12.732475,11.976912,6.408346,98.14813,98.14813,97.985633000000007,98.635621,99.123112,96.526388,95.998921,95.647277,96.526388,97.757143,-1.612903,-1.974865,-2.857143,-4.020979,-3.806228,3.684463666666667,3.2875658333333333,2.6914634166666667,104.05684166666667,103.49393483333333,102.69347108333334,996.6079280196927,866.3223622782446,675.8093413122825,49.18666666666667,47.486666666666665,43.54833333333333,12,12,12
2017-01-01,2017,1,0.49999999999999994,0.8660254037844387,4.416436,104.530489,105.248069,4.416436,0.8910883581635831,4.416435942620134,907.1428571428571,52.27646288176518,800,983,953,800,907.1428571428571,907.1428571428571,21,183,-153,-16.054564533053515,54.58,2.3822922528606183,77.78501628664496,12,0,0,104.530489,105.248069,4.416436,110.883813,118.09099,12.540708,112.286795,116.835519,13.243934,109.748839,117.638546,12.534435,98.473124,97.757143,-0.179533,3.962944,3.82913,3.261317,2.68845,1.17147,104.013011,103.909515,103.702524,103.050502,101.353176,104.318499,104.184227,103.667799,102.572971,100.796458,-2.4492935982947064e-16,-0.5000000000000004,-0.8660254037844386,-0.4999999999999998,0.49999999999999994,1,0.8660254037844384,0.5000000000000001,-0.8660254037844388,0.8660254037844387,3.962944,3.82913,3.261317,2.68845,1.17147,0.1288793936149224,0.49815661659800003,0.3700001206363268,0.24225242283206772,0.4529080499401372,3.962944689532355,3.8291303359597295,3.2613170212249853,2.688449295655415,1.1714702889199513,1049.5294117647059,1071.8181818181818,868.4761904761905,707.4285714285714,386.3,110.28605852909222,156.83556337576607,38.97129590816688,26.759244063634213,48.50187191178674,914,834,798,656,317,1198,1257,922,748,473,1196,838,864,677,473,961,1204,857,656,317,1049.5294117647059,1071.8181818181818,868.4761904761905,707.4285714285714,386.3,1049.4705882352941,1071.8181818181818,868.4761904761905,707.4285714285714,386.3,17,22,21,21,20,284,423,124,92,156,-235,366,-7,-21,-156,-19.64882943143813,43.67541766109786,-0.810185185185186,-3.101920236336775,-32.98097251585623,53.31,44.73,49.52,44.95,30.7,19.181757209926232,-9.672859450726989,6.334550139574846,-6.839378238341965,-19.23178111023415,40.25256511444357,1.0390783826518923,2.2506710716498013,-20.52687411598303,-35.72026800670016,12,12,12,12,12,0,0,0,0,0,0,0,0,0,0,104.013011,103.909515,103.702524,103.050502,101.353176,104.318499,104.184227,103.667799,102.572971,100.796458,3.962944,3.82913,3.261317,2.68845,1.17147,109.786108,108.955478,108.184969,107.066887,103.636514,116.160845,114.656475,113.332912,111.850218,104.931799,11.223742,11.132922,11.032157,10.777348,12.706863,108.775601,108.598174,108.330633,107.406923,103.778696,114.988466,114.266276,113.564839,112.163014,103.171547,12.459334,11.601694,11.721356,12.236703,6.120027,108.962672,108.648206,108.176506,107.704806,102.673341,115.910685,114.902766,114.326812,112.310974,104.535599,12.745098,12.394366,12.784091,12.554113,7.237814,98.14813,98.14813,98.14813,98.310627,99.123112,96.878032,96.526388,95.998921,95.998921,97.932966,-0.899281,-1.612903,-1.974865,-3.703704,-3.965517,4.0695033333333335,3.5755635,2.96187725,104.58359833333334,103.9397845,103.06443866666666,1009.4968169085815,899.6080765639589,719.2129127408539,50.873333333333335,49.09166666666667,45.538333333333334,12,12,12
2017-02-01,2017,2,0.8660254037844386,0.5000000000000001,4.196374,104.73748,105.661212,4.196374,0.392542118753747,4.19637456196682,759.45,65.12374859894773,685,878,786,859,759.45,759.45,20,193,73,9.287531806615767,54.87,0.5313301575668783,70.50963331261653,12,0,0,104.73748,105.661212,4.196374,112.79381,121.730132,16.504823,112.489156,117.081753,11.344201,110.849472,118.358488,10.483871,98.960615,99.163721,1.256732,4.416436,3.962944,3.82913,2.89077,1.572522,104.530489,104.013011,103.909515,103.216095,101.291078,105.248069,104.318499,104.184227,102.934471,101.405843,0.49999999999999994,-2.4492935982947064e-16,-0.5000000000000004,-0.8660254037844384,0.8660254037844386,0.8660254037844387,1,0.8660254037844384,-0.5000000000000004,0.5000000000000001,4.416436,3.962944,3.82913,2.89077,1.572522,0.8910883581635831,0.1288793936149224,0.49815661659800003,0.3524320261719005,0.6045698550240841,4.416435942620134,3.962944689532355,3.8291303359597295,2.890770203171611,1.5725214762921658,907.1428571428571,1049.5294117647059,1071.8181818181818,672.9090909090909,306.9047619047619,52.27646288176518,110.28605852909222,156.83556337576607,30.480140436667302,13.144979124763804,800,914,834,631,290,983,1198,1257,720,329,953,1196,838,650,314,800,961,1204,711,329,907.1428571428571,1049.5294117647059,1071.8181818181818,672.9090909090909,306.9047619047619,907.1428571428571,1049.4705882352941,1071.8181818181818,672.9090909090909,306.9047619047619,21,17,22,22,21,183,284,423,89,39,-153,-235,366,61,15,-16.054564533053515,-19.64882943143813,43.67541766109786,9.38461538461539,4.777070063694278,54.58,53.31,44.73,45.84,32.18,2.3822922528606183,19.181757209926232,-9.672859450726989,1.979977753058959,4.820846905537457,77.78501628664496,40.25256511444357,1.0390783826518923,-1.4617368873602765,-44.61273666092943,12,12,12,12,12,0,0,0,0,0,0,0,0,0,0,104.530489,104.013011,103.909515,103.216095,101.291078,105.248069,104.318499,104.184227,102.934471,101.405843,4.416436,3.962944,3.82913,2.89077,1.572522,110.883813,109.786108,108.955478,107.1462,103.202707,118.09099,116.160845,114.656475,111.633061,104.485058,12.540708,11.223742,11.132922,10.853272,10.769972,112.286795,108.775601,108.598174,107.585073,104.395931,116.835519,114.988466,114.266276,111.967371,105.152988,13.243934,12.459334,11.601694,11.471187,7.231003,109.748839,108.962672,108.648206,107.547573,104.08844,117.638546,115.910685,114.902766,113.318893,107.127391,12.534435,12.745098,12.394366,12.750716,9.411765,98.473124,98.14813,98.14813,98.310627,98.960615,97.757143,96.878032,96.526388,95.647277,97.932966,-0.179533,-0.899281,-1.612903,-3.374778,-4.130809,4.191917999999999,3.7931641666666667,3.1805315833333334,105.07592666666667,104.39424133333334,103.41905275,905.3740896358544,914.0315614124438,756.925015915457,54.25333333333333,50.596666666666664,47.42916666666667,12,12,12
2017-03-01,2017,3,1,6.123233995736766e-17,4.386677,105.254957,106.17764,4.386677,0.4887583534438189,4.38667776950854,1141.391304347826,136.30805323051925,871,1338,871,1297,1141.391304347826,1141.391304347826,23,467,426,48.90929965556832,51.59,-5.977765627847631,35.017011253598554,12,0,0,105.254957,106.17764,4.386677,114.67302,125.597199,18.556088,112.621624,116.330686,7.338167,111.478405,118.934442,8.970976,98.960615,98.987899,1.258993,4.196374,4.416436,3.962944,3.092784,1.882888,104.73748,104.530489,104.013011,103.495533,101.684361,105.661212,105.248069,104.318499,103.285642,101.7157,0.8660254037844386,0.49999999999999994,-2.4492935982947064e-16,-1,1,0.5000000000000001,0.8660254037844387,1,-1.8369701987210297e-16,6.123233995736766e-17,4.196374,4.416436,3.962944,3.092784,1.882888,0.392542118753747,0.8910883581635831,0.1288793936149224,0.3411597656143739,0.3055612880216385,4.19637456196682,4.416435942620134,3.962944689532355,3.0927832376139053,1.882887781191167,759.45,907.1428571428571,1049.5294117647059,827.7727272727273,383.3333333333333,65.12374859894773,52.27646288176518,110.28605852909222,77.335959613563,27.013576833387564,685,800,914,712,332,878,983,1198,941,429,786,953,1196,712,332,859,800,961,875,429,759.45,907.1428571428571,1049.5294117647059,827.7727272727273,383.3333333333333,759.45,907.1428571428571,1049.4705882352941,827.7727272727273,383.3333333333333,20,21,17,22,21,193,183,284,229,97,73,-153,-235,163,97,9.287531806615767,-16.054564533053515,-19.64882943143813,22.8932584269663,29.216867469879524,54.87,54.58,53.31,46.57,38.21,0.5313301575668783,2.3822922528606183,19.181757209926232,1.5924956369982368,18.73834679925419,70.50963331261653,77.78501628664496,40.25256511444357,-2.2049559008819775,-31.633565933082842,12,12,12,12,12,0,0,0,0,0,0,0,0,0,0,104.73748,104.530489,104.013011,103.495533,101.684361,105.661212,105.248069,104.318499,103.285642,101.7157,4.196374,4.416436,3.962944,3.092784,1.882888,112.79381,110.883813,109.786108,107.515433,103.982687,121.730132,118.09099,116.160845,112.251405,105.939055,16.504823,12.540708,11.223742,10.937076,9.409829,112.489156,112.286795,108.775601,107.798854,105.206764,117.081753,116.835519,114.988466,112.93708,108.377746,11.344201,13.243934,12.459334,11.951817,9.723113,110.849472,109.748839,108.962672,107.704806,105.03184,118.358488,117.638546,115.910685,113.462882,109.143229,10.483871,12.534435,12.745098,12.732475,10.656934,98.960615,98.473124,98.14813,97.985633000000007,98.798118,99.163721,97.757143,96.878032,95.647277,97.757143,1.256732,-0.179533,-0.899281,-2.857143,-4.137931,4.333162333333333,4.008813,3.3891806666666664,105.69564033333333,104.87624100000001,103.79088108333333,935.9947204968944,966.3013242582936,820.0965134999981,53.68,51.43333333333334,48.54416666666667,12,12,12
2017-04-01,2017,4,0.8660254037844387,-0.49999999999999983,3.879093,106.082922,106.487497,3.879093,0.2918288634028876,3.879092975388021,1221.8333333333333,58.63772124614987,1109,1296,1282,1109,1221.8333333333333,1221.8333333333333,18,187,-173,-13.494539781591264,52.31,1.395619306067064,25.80567580567581,12,0,0,106.082922,106.487497,3.879093,116.721269,130.060276,20.984286,112.914536,116.492871,5.785744,111.635638,118.790454,6.589147,99.123112,98.636254,1.263538,4.386677,4.196374,4.416436,3.261317,2.679495,105.254957,104.73748,104.530489,103.702524,102.543374,106.17764,105.661212,105.248069,103.667799,102.511,1,0.8660254037844386,0.49999999999999994,-0.8660254037844386,0.8660254037844387,6.123233995736766e-17,0.5000000000000001,0.8660254037844387,0.5000000000000001,-0.49999999999999983,4.386677,4.196374,4.416436,3.261317,2.679495,0.4887583534438189,0.392542118753747,0.8910883581635831,0.3700001206363268,0.7818851956974182,4.38667776950854,4.19637456196682,4.416435942620134,3.2613170212249853,2.679494997701326,1141.391304347826,759.45,907.1428571428571,868.4761904761905,607.4761904761905,136.30805323051925,65.12374859894773,52.27646288176518,38.97129590816688,88.90197919485205,871,685,800,798,450,1338,878,983,922,715,871,786,953,864,450,1297,859,800,857,703,1141.391304347826,759.45,907.1428571428571,868.4761904761905,607.4761904761905,1141.391304347826,759.45,907.1428571428571,868.4761904761905,607.4761904761905,23,20,21,21,21,467,193,183,124,265,426,73,-153,-7,253,48.90929965556832,9.287531806615767,-16.054564533053515,-0.810185185185186,56.222222222222214,51.59,54.87,54.58,49.52,41.58,-5.977765627847631,0.5313301575668783,2.3822922528606183,6.334550139574846,8.819680711855526,35.017011253598554,70.50963331261653,77.78501628664496,2.2506710716498013,-30.141129032258075,12,12,12,12,12,0,0,0,0,0,0,0,0,0,0,105.254957,104.73748,104.530489,103.702524,102.543374,106.17764,105.661212,105.248069,103.667799,102.511,4.386677,4.196374,4.416436,3.261317,2.679495,114.67302,112.79381,110.883813,108.184969,104.701968,125.597199,121.730132,118.09099,113.332912,107.501792,18.556088,16.504823,12.540708,11.032157,6.840008,112.621624,112.489156,112.286795,108.330633,105.839198,116.330686,117.081753,116.835519,113.564839,110.121522,7.338167,11.344201,13.243934,11.721356,11.046341,111.478405,110.849472,109.748839,108.176506,105.97524,118.934442,118.358488,117.638546,114.326812,111.447044,8.970976,10.483871,12.534435,12.784091,12.33672,98.960615,98.960615,98.473124,98.14813,98.635621,98.987899,99.163721,97.757143,95.998921,97.405499,1.258993,1.256732,-0.179533,-1.974865,-3.986135,4.1540479999999995,4.1117756666666665,3.4891471666666667,106.108783,105.34619066666667,104.12225583333333,1040.8915458937197,1025.1941814011507,871.2929420714268,52.92333333333333,51.89833333333333,49.43833333333333,12,12,12
2017-05-01,2017,5,0.49999999999999994,-0.8660254037844387,4.086974,106.289913,106.797354,4.086974,0.29097970064972944,4.086973955595119,973.1428571428571,47.984670171092894,878,1073,1073,878,973.1428571428571,973.1428571428571,21,195,-195,-18.17334575955266,50.33,-3.785127126744414,7.680787334189132,12,0,0,106.289913,106.797354,4.086974,117.592508,131.704737,21.519862,113.054839,115.9022,3.734926,111.792872,119.366407,6.829897,99.123112,98.636254,1.814882,3.879093,4.386677,4.196374,3.82913,2.719471,106.082922,105.254957,104.73748,103.909515,102.677919,106.487497,106.17764,105.661212,104.184227,102.603957,0.8660254037844387,1,0.8660254037844386,-0.5000000000000004,0.49999999999999994,-0.49999999999999983,6.123233995736766e-17,0.5000000000000001,0.8660254037844384,-0.8660254037844387,3.879093,4.386677,4.196374,3.82913,2.719471,0.2918288634028876,0.4887583534438189,0.392542118753747,0.49815661659800003,0.09068002458272328,3.879092975388021,4.38667776950854,4.19637456196682,3.8291303359597295,2.719470180191119,1221.8333333333333,1141.391304347826,759.45,1071.8181818181818,619.9,58.63772124614987,136.30805323051925,65.12374859894773,156.83556337576607,25.21048236453701,1109,871,685,834,579,1296,1338,878,1257,682,1282,871,786,838,682,1109,1297,859,1204,612,1221.8333333333333,1141.391304347826,759.45,1071.8181818181818,619.9,1221.8333333333333,1141.391304347826,759.45,1071.8181818181818,619.9,18,23,20,22,20,187,467,193,423,103,-173,426,73,366,-70,-13.494539781591264,48.90929965556832,9.287531806615767,43.67541766109786,-10.26392961876833,52.31,51.59,54.87,44.73,46.74,1.395619306067064,-5.977765627847631,0.5313301575668783,-9.672859450726989,12.409812409812426,25.80567580567581,35.017011253598554,70.50963331261653,1.0390783826518923,-27.059925093632952,12,12,12,12,12,0,0,0,0,0,0,0,0,0,0,106.082922,105.254957,104.73748,103.909515,102.677919,106.487497,106.17764,105.661212,104.184227,102.603957,3.879093,4.386677,4.196374,3.82913,2.719471,116.721269,114.67302,112.79381,108.955478,105.279235,130.060276,125.597199,121.730132,114.656475,108.381243,20.984286,18.556088,16.504823,11.132922,6.587677,112.914536,112.621624,112.489156,108.598174,106.37365,116.492871,116.330686,117.081753,114.266276,111.729197,5.785744,7.338167,11.344201,11.601694,12.158025,111.635638,111.478405,110.849472,108.648206,106.132473,118.790454,118.934442,118.358488,114.902766,111.735021,6.589147,8.970976,10.483871,12.394366,11.976912,99.123112,98.960615,98.960615,98.14813,98.310627,98.636254,98.987899,99.163721,96.526388,96.878032,1.263538,1.258993,1.256732,-1.612903,-4.173913,4.117581333333333,4.154749666666667,3.60310575,106.487497,105.78171183333333,104.47170558333333,1112.1224982746721,1008.7482939552632,900.7298468333315,51.410000000000004,52.83166666666666,49.7375,12,12,12
2017-06-01,2017,6,1.2246467991473532e-16,-1,4.269708,106.496904,106.694068,4.269708,-0.09671213389799149,4.2697076257526945,860.2272727272727,31.4065989701919,818,929,850,901,860.2272727272727,860.2272727272727,22,111,51,6.000000000000005,46.37,-7.868070733161137,-3.8963730569948285,12,0,0,106.496904,106.694068,4.269708,116.183544,128.101772,15.810845,113.210756,116.139596,4.600407,112.107338,119.366407,6.829897,98.798118,98.28461,1.821494,4.086974,3.879093,4.386677,3.962944,2.54632,106.289913,106.082922,105.254957,104.013011,102.895259,106.797354,106.487497,106.17764,104.318499,102.325086,0.49999999999999994,0.8660254037844387,1,-2.4492935982947064e-16,1.2246467991473532e-16,-0.8660254037844387,-0.49999999999999983,6.123233995736766e-17,1,-1,4.086974,3.879093,4.386677,3.962944,2.54632,0.29097970064972944,0.2918288634028876,0.4887583534438189,0.1288793936149224,-0.27179361123469414,4.086973955595119,3.879092975388021,4.38667776950854,3.962944689532355,2.546320457217588,973.1428571428571,1221.8333333333333,1141.391304347826,1049.5294117647059,607.8636363636364,47.984670171092894,58.63772124614987,136.30805323051925,110.28605852909222,18.11417612322947,878,1109,871,914,580,1073,1296,1338,1198,660,1073,1282,871,1196,612,878,1109,1297,961,660,973.1428571428571,1221.8333333333333,1141.391304347826,1049.5294117647059,607.8636363636364,973.1428571428571,1221.8333333333333,1141.391304347826,1049.4705882352941,607.8636363636364,21,18,23,17,22,195,187,467,284,80,-195,-173,426,-235,48,-18.17334575955266,-13.494539781591264,48.90929965556832,-19.64882943143813,7.843137254901955,50.33,52.31,51.59,53.31,48.25,-3.785127126744414,1.395619306067064,-5.977765627847631,19.181757209926232,3.23063756953359,7.680787334189132,25.80567580567581,35.017011253598554,40.25256511444357,-21.519193233571887,12,12,12,12,12,0,0,0,0,0,0,0,0,0,0,106.289913,106.082922,105.254957,104.013011,102.895259,106.797354,106.487497,106.17764,104.318499,102.325086,4.086974,3.879093,4.386677,3.962944,2.54632,117.592508,116.721269,114.67302,109.786108,106.389016,131.704737,130.060276,125.597199,116.160845,110.612932,21.519862,20.984286,18.556088,11.223742,8.891537,113.054839,112.914536,112.621624,108.775601,106.721043,115.9022,116.492871,116.330686,114.988466,111.031687,3.734926,5.785744,7.338167,12.459334,11.306324,111.792872,111.635638,111.478405,108.962672,106.761406,119.366407,118.790454,118.934442,115.910685,111.735021,6.829897,6.589147,8.970976,12.745098,11.976912,99.123112,99.123112,98.960615,98.14813,98.635621,98.636254,98.636254,98.987899,96.878032,96.526388,1.814882,1.263538,1.258993,-0.899281,-4.020979,4.078591666666666,4.205877,3.7467214166666665,106.65963966666666,106.17764,104.83578741666666,1018.4011544011544,977.1979374490244,921.7601498636345,49.67,51.675,49.58083333333333,12,12,12
2017-07-01,2017,7,-0.4999999999999998,-0.8660254037844388,4.319807,106.600399,107.003925,4.319807,0.2904163331742149,4.319806628200329,906.047619047619,56.069132497726585,820,980,882,946,906.047619047619,906.047619047619,21,160,64,7.256235827664392,48.48,4.550355833513042,7.85317018909899,12,0,0,106.600399,107.003925,4.319807,115.063281,125.481947,12.187486,113.255995,116.952617,4.270216,112.264572,119.510396,6.410256,98.473124,97.932966,2.014652,4.269708,4.086974,3.879093,4.416436,2.68845,106.496904,106.289913,106.082922,104.530489,103.050502,106.694068,106.797354,106.487497,105.248069,102.572971,1.2246467991473532e-16,0.49999999999999994,0.8660254037844387,0.49999999999999994,-0.4999999999999998,-1,-0.8660254037844387,-0.49999999999999983,0.8660254037844387,-0.8660254037844388,4.269708,4.086974,3.879093,4.416436,2.68845,-0.09671213389799149,0.29097970064972944,0.2918288634028876,0.8910883581635831,0.24225242283206772,4.2697076257526945,4.086973955595119,3.879092975388021,4.416435942620134,2.688449295655415,860.2272727272727,973.1428571428571,1221.8333333333333,907.1428571428571,707.4285714285714,31.4065989701919,47.984670171092894,58.63772124614987,52.27646288176518,26.759244063634213,818,878,1109,800,656,929,1073,1296,983,748,850,1073,1282,953,677,901,878,1109,800,656,860.2272727272727,973.1428571428571,1221.8333333333333,907.1428571428571,707.4285714285714,860.2272727272727,973.1428571428571,1221.8333333333333,907.1428571428571,707.4285714285714,22,21,18,21,21,111,195,187,183,92,51,-195,-173,-153,-21,6.000000000000005,-18.17334575955266,-13.494539781591264,-16.054564533053515,-3.101920236336775,46.37,50.33,52.31,54.58,44.95,-7.868070733161137,-3.785127126744414,1.395619306067064,2.3822922528606183,-6.839378238341965,-3.8963730569948285,7.680787334189132,25.80567580567581,77.78501628664496,-20.52687411598303,12,12,12,12,12,0,0,0,0,0,0,0,0,0,0,106.496904,106.289913,106.082922,104.530489,103.050502,106.694068,106.797354,106.487497,105.248069,102.572971,4.269708,4.086974,3.879093,4.416436,2.68845,116.183544,117.592508,116.721269,110.883813,107.066887,128.101772,131.704737,130.060276,118.09099,111.850218,15.810845,21.519862,20.984286,12.540708,10.777348,113.210756,113.054839,112.914536,112.286795,107.406923,116.139596,115.9022,116.492871,116.835519,112.163014,4.600407,3.734926,5.785744,13.243934,12.236703,112.107338,111.792872,111.635638,109.748839,107.704806,119.366407,119.366407,118.790454,117.638546,112.310974,6.829897,6.829897,6.589147,12.534435,12.554113,98.798118,99.123112,99.123112,98.473124,98.310627,98.28461,98.636254,98.636254,97.757143,95.998921,1.821494,1.814882,1.263538,-0.179533,-3.703704,4.225496333333333,4.189772166666667,3.882667833333333,106.83178233333334,106.47028266666666,105.20503358333333,913.1392496392497,977.0153977664847,938.3117371652218,48.39333333333333,50.65833333333333,49.875,12,12,12
2017-08-01,2017,8,-0.8660254037844384,-0.5000000000000004,3.853101,106.703895,106.90064,3.853101,-0.09652449664813156,3.8531008723015514,1141.7727272727273,95.36343105553607,965,1266,965,1184,1141.7727272727273,1141.7727272727273,22,301,219,22.694300518134725,51.7,6.6419141914191515,12.78359511343805,12,0,0,106.703895,106.90064,3.853101,115.766777,126.784539,13.572573,113.354718,117.108431,4.59157,112.421805,119.222419,5.209657,98.473124,97.405499,1.838235,4.319807,4.269708,4.086974,4.196374,2.89077,106.600399,106.496904,106.289913,104.73748,103.216095,107.003925,106.694068,106.797354,105.661212,102.934471,-0.4999999999999998,1.2246467991473532e-16,0.49999999999999994,0.8660254037844386,-0.8660254037844384,-0.8660254037844388,-1,-0.8660254037844387,0.5000000000000001,-0.5000000000000004,4.319807,4.269708,4.086974,4.196374,2.89077,0.2904163331742149,-0.09671213389799149,0.29097970064972944,0.392542118753747,0.3524320261719005,4.319806628200329,4.2697076257526945,4.086973955595119,4.19637456196682,2.890770203171611,906.047619047619,860.2272727272727,973.1428571428571,759.45,672.9090909090909,56.069132497726585,31.4065989701919,47.984670171092894,65.12374859894773,30.480140436667302,820,818,878,685,631,980,929,1073,878,720,882,850,1073,786,650,946,901,878,859,711,906.047619047619,860.2272727272727,973.1428571428571,759.45,672.9090909090909,906.047619047619,860.2272727272727,973.1428571428571,759.45,672.9090909090909,21,22,21,20,22,160,111,195,193,89,64,51,-195,73,61,7.256235827664392,6.000000000000005,-18.17334575955266,9.287531806615767,9.38461538461539,48.48,46.37,50.33,54.87,45.84,4.550355833513042,-7.868070733161137,-3.785127126744414,0.5313301575668783,1.979977753058959,7.85317018909899,-3.8963730569948285,7.680787334189132,70.50963331261653,-1.4617368873602765,12,12,12,12,12,0,0,0,0,0,0,0,0,0,0,106.600399,106.496904,106.289913,104.73748,103.216095,107.003925,106.694068,106.797354,105.661212,102.934471,4.319807,4.269708,4.086974,4.196374,2.89077,115.063281,116.183544,117.592508,112.79381,107.1462,125.481947,128.101772,131.704737,121.730132,111.633061,12.187486,15.810845,21.519862,16.504823,10.853272,113.255995,113.210756,113.054839,112.489156,107.585073,116.952617,116.139596,115.9022,117.081753,111.967371,4.270216,4.600407,3.734926,11.344201,11.471187,112.264572,112.107338,111.792872,110.849472,107.547573,119.510396,119.366407,119.366407,118.358488,113.318893,6.410256,6.829897,6.829897,10.483871,12.750716,98.473124,98.798118,99.123112,98.960615,98.310627,97.932966,98.28461,98.636254,99.163721,95.647277,2.014652,1.821494,1.814882,1.256732,-3.374778,4.147538666666667,4.13256,3.9628620833333335,106.86621099999999,106.67685399999999,105.53554766666667,969.3492063492064,1040.7358523119392,977.3837068621915,48.85,50.13,50.36333333333333,12,12,12
2017-09-01,2017,9,-1,-1.8369701987210297e-16,2.8,106.80739,106.17764,2.8,-0.6763289723990429,2.8000000232365263,1363.5238095238096,96.10807408725816,1183,1503,1183,1356,1363.5238095238096,1363.5238095238096,21,320,173,14.623837700760767,56.15,8.607350096711786,20.57118316512776,12,0,0,106.80739,106.17764,2.8,115.101198,125.157872,11.497822,113.797533,117.684754,4.203822,112.893505,119.222419,5.076142,98.798118,98.108788,2.573529,3.853101,4.319807,4.269708,4.386677,3.092784,106.703895,106.600399,106.496904,105.254957,103.495533,106.90064,107.003925,106.694068,106.17764,103.285642,-0.8660254037844384,-0.4999999999999998,1.2246467991473532e-16,1,-1,-0.5000000000000004,-0.8660254037844388,-1,6.123233995736766e-17,-1.8369701987210297e-16,3.853101,4.319807,4.269708,4.386677,3.092784,-0.09652449664813156,0.2904163331742149,-0.09671213389799149,0.4887583534438189,0.3411597656143739,3.8531008723015514,4.319806628200329,4.2697076257526945,4.38667776950854,3.0927832376139053,1141.7727272727273,906.047619047619,860.2272727272727,1141.391304347826,827.7727272727273,95.36343105553607,56.069132497726585,31.4065989701919,136.30805323051925,77.335959613563,965,820,818,871,712,1266,980,929,1338,941,965,882,850,871,712,1184,946,901,1297,875,1141.7727272727273,906.047619047619,860.2272727272727,1141.391304347826,827.7727272727273,1141.7727272727273,906.047619047619,860.2272727272727,1141.391304347826,827.7727272727273,22,21,22,23,22,301,160,111,467,229,219,64,51,426,163,22.694300518134725,7.256235827664392,6.000000000000005,48.90929965556832,22.8932584269663,51.7,48.48,46.37,51.59,46.57,6.6419141914191515,4.550355833513042,-7.868070733161137,-5.977765627847631,1.5924956369982368,12.78359511343805,7.85317018909899,-3.8963730569948285,35.017011253598554,-2.2049559008819775,12,12,12,12,12,0,0,0,0,0,0,0,0,0,0,106.703895,106.600399,106.496904,105.254957,103.495533,106.90064,107.003925,106.694068,106.17764,103.285642,3.853101,4.319807,4.269708,4.386677,3.092784,115.766777,115.063281,116.183544,114.67302,107.515433,126.784539,125.481947,128.101772,125.597199,112.251405,13.572573,12.187486,15.810845,18.556088,10.937076,113.354718,113.255995,113.210756,112.621624,107.798854,117.108431,116.952617,116.139596,116.330686,112.93708,4.59157,4.270216,4.600407,7.338167,11.951817,112.421805,112.264572,112.107338,111.478405,107.704806,119.222419,119.510396,119.366407,118.934442,113.462882,5.209657,6.410256,6.829897,8.970976,12.732475,98.473124,98.473124,98.798118,98.960615,97.985633000000007,97.405499,97.932966,98.28461,98.987899,95.647277,1.838235,2.014652,1.821494,1.258993,-2.857143,3.657636,3.868113833333333,3.9384634166666666,106.69406833333333,106.67685399999999,105.7765475,1137.1147186147186,1077.7579365079364,1022.029630383115,52.11,50.89,51.16166666666667,12,12,12
2017-10-01,2017,10,-0.8660254037844386,0.5000000000000001,2.421042,106.80739,106.17764,2.421042,0,2.421042044116306,1484.2272727272727,93.88287120925472,1308,1588,1328,1522,1484.2272727272727,1484.2272727272727,22,280,194,14.608433734939762,57.51,2.4220837043633203,16.134894991922444,12,0,0,106.80739,106.17764,2.421042,114.375152,122.930872,8.46882,113.924883,117.816751,3.744039,113.365205,119.942361,4.911839,100.26059,100.218654,4.395604,2.8,3.853101,4.319807,3.879093,3.261317,106.80739,106.703895,106.600399,106.082922,103.702524,106.17764,106.90064,107.003925,106.487497,103.667799,-1,-0.8660254037844384,-0.4999999999999998,0.8660254037844387,-0.8660254037844386,-1.8369701987210297e-16,-0.5000000000000004,-0.8660254037844388,-0.49999999999999983,0.5000000000000001,2.8,3.853101,4.319807,3.879093,3.261317,-0.6763289723990429,-0.09652449664813156,0.2904163331742149,0.2918288634028876,0.3700001206363268,2.8000000232365263,3.8531008723015514,4.319806628200329,3.879092975388021,3.2613170212249853,1363.5238095238096,1141.7727272727273,906.047619047619,1221.8333333333333,868.4761904761905,96.10807408725816,95.36343105553607,56.069132497726585,58.63772124614987,38.97129590816688,1183,965,820,1109,798,1503,1266,980,1296,922,1183,965,882,1282,864,1356,1184,946,1109,857,1363.5238095238096,1141.7727272727273,906.047619047619,1221.8333333333333,868.4761904761905,1363.5238095238096,1141.7727272727273,906.047619047619,1221.8333333333333,868.4761904761905,21,22,21,18,21,320,301,160,187,124,173,219,64,-173,-7,14.623837700760767,22.694300518134725,7.256235827664392,-13.494539781591264,-0.810185185185186,56.15,51.7,48.48,52.31,49.52,8.607350096711786,6.6419141914191515,4.550355833513042,1.395619306067064,6.334550139574846,20.57118316512776,12.78359511343805,7.85317018909899,25.80567580567581,2.2506710716498013,12,12,12,12,12,0,0,0,0,0,0,0,0,0,0,106.80739,106.703895,106.600399,106.082922,103.702524,106.17764,106.90064,107.003925,106.487497,103.667799,2.8,3.853101,4.319807,3.879093,3.261317,115.101198,115.766777,115.063281,116.721269,108.184969,125.157872,126.784539,125.481947,130.060276,113.332912,11.497822,13.572573,12.187486,20.984286,11.032157,113.797533,113.354718,113.255995,112.914536,108.330633,117.684754,117.108431,116.952617,116.492871,113.564839,4.203822,4.59157,4.270216,5.785744,11.721356,112.893505,112.421805,112.264572,111.635638,108.176506,119.222419,119.222419,119.510396,118.790454,114.326812,5.076142,5.209657,6.410256,6.589147,12.784091,98.798118,98.473124,98.473124,99.123112,98.14813,98.108788,97.405499,97.932966,98.636254,95.998921,2.573529,1.838235,2.014652,1.263538,-1.974865,3.0247143333333333,3.625105333333333,3.8684404999999997,106.41864,106.62521116666666,105.98570091666667,1329.8412698412699,1121.4902597402597,1073.3422205707052,55.12,51.75666666666667,51.8275,12,12,12
2017-11-01,2017,11,-0.5000000000000004,0.8660254037844384,1.715079,107.014381,105.971069,1.715079,-0.1945522616626172,1.7150791933216558,1453.8636363636363,55.81883574782284,1361,1578,1496,1578,1453.8636363636363,1453.8636363636363,22,217,82,5.481283422459904,62.71,9.041905755520773,40.196735971383866,12,0,0,107.014381,105.971069,1.715079,114.111091,121.290851,5.786307,114.219298,117.646377,2.958092,113.365205,120.374326,4.761905,101.073075,101.976876,5.64663,2.421042,2.8,3.853101,4.086974,3.82913,106.80739,106.80739,106.703895,106.289913,103.909515,106.17764,106.17764,106.90064,106.797354,104.184227,-0.8660254037844386,-1,-0.8660254037844384,0.49999999999999994,-0.5000000000000004,0.5000000000000001,-1.8369701987210297e-16,-0.5000000000000004,-0.8660254037844387,0.8660254037844384,2.421042,2.8,3.853101,4.086974,3.82913,0,-0.6763289723990429,-0.09652449664813156,0.29097970064972944,0.49815661659800003,2.421042044116306,2.8000000232365263,3.8531008723015514,4.086973955595119,3.8291303359597295,1484.2272727272727,1363.5238095238096,1141.7727272727273,973.1428571428571,1071.8181818181818,93.88287120925472,96.10807408725816,95.36343105553607,47.984670171092894,156.83556337576607,1308,1183,965,878,834,1588,1503,1266,1073,1257,1328,1183,965,1073,838,1522,1356,1184,878,1204,1484.2272727272727,1363.5238095238096,1141.7727272727273,973.1428571428571,1071.8181818181818,1484.2272727272727,1363.5238095238096,1141.7727272727273,973.1428571428571,1071.8181818181818,22,21,22,21,22,280,320,301,195,423,194,173,219,-195,366,14.608433734939762,14.623837700760767,22.694300518134725,-18.17334575955266,43.67541766109786,57.51,56.15,51.7,50.33,44.73,2.4220837043633203,8.607350096711786,6.6419141914191515,-3.785127126744414,-9.672859450726989,16.134894991922444,20.57118316512776,12.78359511343805,7.680787334189132,1.0390783826518923,12,12,12,12,12,0,0,0,0,0,0,0,0,0,0,106.80739,106.80739,106.703895,106.289913,103.909515,106.17764,106.17764,106.90064,106.797354,104.184227,2.421042,2.8,3.853101,4.086974,3.82913,114.375152,115.101198,115.766777,117.592508,108.955478,122.930872,125.157872,126.784539,131.704737,114.656475,8.46882,11.497822,13.572573,21.519862,11.132922,113.924883,113.797533,113.354718,113.054839,108.598174,117.816751,117.684754,117.108431,115.9022,114.266276,3.744039,4.203822,4.59157,3.734926,11.601694,113.365205,112.893505,112.421805,111.792872,108.648206,119.942361,119.222419,119.222419,119.366407,114.902766,4.911839,5.076142,5.209657,6.829897,12.394366,100.26059,98.798118,98.473124,99.123112,98.14813,100.218654,98.108788,97.405499,98.636254,96.526388,4.395604,2.573529,1.838235,1.814882,-1.612903,2.312040333333333,3.2297895,3.692269583333333,106.108783,106.48749699999999,106.13460441666666,1433.8715728715729,1201.6103896103896,1105.1793417828264,58.79,53.82,53.325833333333335,12,12,12
2017-12-01,2017,12,-2.4492935982947064e-16,1,1.089109,107.324868,105.454641,1.089109,-0.4873292351141645,1.0891088454023867,1618.6875,111.13998305440457,1366,1743,1626,1366,1618.6875,1618.6875,16,377,-260,-15.990159901599021,64.37,2.6471057247647867,20.746576627274436,12,0,0,107.324868,105.454641,1.089109,114.721597,121.591737,4.675321,114.39646,117.774322,2.422727,113.836904,120.806292,4.223602,101.560565,103.383454,6.715064,1.715079,2.421042,2.8,4.269708,3.962944,107.014381,106.80739,106.80739,106.496904,104.013011,105.971069,106.17764,106.17764,106.694068,104.318499,-0.5000000000000004,-0.8660254037844386,-1,1.2246467991473532e-16,-2.4492935982947064e-16,0.8660254037844384,0.5000000000000001,-1.8369701987210297e-16,-1,1,1.715079,2.421042,2.8,4.269708,3.962944,-0.1945522616626172,0,-0.6763289723990429,-0.09671213389799149,0.1288793936149224,1.7150791933216558,2.421042044116306,2.8000000232365263,4.2697076257526945,3.962944689532355,1453.8636363636363,1484.2272727272727,1363.5238095238096,860.2272727272727,1049.5294117647059,55.81883574782284,93.88287120925472,96.10807408725816,31.4065989701919,110.28605852909222,1361,1308,1183,818,914,1578,1588,1503,929,1198,1496,1328,1183,850,1196,1578,1522,1356,901,961,1453.8636363636363,1484.2272727272727,1363.5238095238096,860.2272727272727,1049.5294117647059,1453.8636363636363,1484.2272727272727,1363.5238095238096,860.2272727272727,1049.4705882352941,22,22,21,22,17,217,280,320,111,284,82,194,173,51,-235,5.481283422459904,14.608433734939762,14.623837700760767,6.000000000000005,-19.64882943143813,62.71,57.51,56.15,46.37,53.31,9.041905755520773,2.4220837043633203,8.607350096711786,-7.868070733161137,19.181757209926232,40.196735971383866,16.134894991922444,20.57118316512776,-3.8963730569948285,40.25256511444357,12,12,12,12,12,0,0,0,0,0,0,0,0,0,0,107.014381,106.80739,106.80739,106.496904,104.013011,105.971069,106.17764,106.17764,106.694068,104.318499,1.715079,2.421042,2.8,4.269708,3.962944,114.111091,114.375152,115.101198,116.183544,109.786108,121.290851,122.930872,125.157872,128.101772,116.160845,5.786307,8.46882,11.497822,15.810845,11.223742,114.219298,113.924883,113.797533,113.210756,108.775601,117.646377,117.816751,117.684754,116.139596,114.988466,2.958092,3.744039,4.203822,4.600407,12.459334,113.365205,113.365205,112.893505,112.107338,108.962672,120.374326,119.942361,119.222419,119.366407,115.910685,4.761905,4.911839,5.076142,6.829897,12.745098,101.073075,100.26059,98.798118,98.798118,98.14813,101.976876,100.218654,98.108788,98.28461,96.878032,5.64663,4.395604,2.573529,1.821494,-0.899281,1.7417433333333334,2.6996896666666665,3.4527833333333335,105.86778333333334,106.28092583333333,106.22928291666666,1518.9261363636363,1328.0204274891776,1152.609182469101,61.53,56.82,54.2475,12,12,12
2018-01-01,2018,1,0.49999999999999994,0.8660254037844387,0.392542,107.73885,105.661212,0.392542,0.1958861156238889,0.392542118753747,1242,86.46882179639748,1125,1395,1230,1152,1242,1242,22,270,-78,-6.341463414634141,69.08,7.317073170731692,26.566507878343714,12,0,0,107.73885,105.661212,0.392542,116.234886,123.648316,4.70597,116.278845,119.151934,1.982629,114.465838,122.246176,3.916769,101.885559,103.735098,6.115108,1.089109,1.715079,2.421042,4.319807,4.416436,107.324868,107.014381,106.80739,106.600399,104.530489,105.454641,105.971069,106.17764,107.003925,105.248069,-2.4492935982947064e-16,-0.5000000000000004,-0.8660254037844386,-0.4999999999999998,0.49999999999999994,1,0.8660254037844384,0.5000000000000001,-0.8660254037844388,0.8660254037844387,1.089109,1.715079,2.421042,4.319807,4.416436,-0.4873292351141645,-0.1945522616626172,0,0.2904163331742149,0.8910883581635831,1.0891088454023867,1.7150791933216558,2.421042044116306,4.319806628200329,4.416435942620134,1618.6875,1453.8636363636363,1484.2272727272727,906.047619047619,907.1428571428571,111.13998305440457,55.81883574782284,93.88287120925472,56.069132497726585,52.27646288176518,1366,1361,1308,820,800,1743,1578,1588,980,983,1626,1496,1328,882,953,1366,1578,1522,946,800,1618.6875,1453.8636363636363,1484.2272727272727,906.047619047619,907.1428571428571,1618.6875,1453.8636363636363,1484.2272727272727,906.047619047619,907.1428571428571,16,22,22,21,21,377,217,280,160,183,-260,82,194,64,-153,-15.990159901599021,5.481283422459904,14.608433734939762,7.256235827664392,-16.054564533053515,64.37,62.71,57.51,48.48,54.58,2.6471057247647867,9.041905755520773,2.4220837043633203,4.550355833513042,2.3822922528606183,20.746576627274436,40.196735971383866,16.134894991922444,7.85317018909899,77.78501628664496,12,12,12,12,12,0,0,0,0,0,0,0,0,0,0,107.324868,107.014381,106.80739,106.600399,104.530489,105.454641,105.971069,106.17764,107.003925,105.248069,1.089109,1.715079,2.421042,4.319807,4.416436,114.721597,114.111091,114.375152,115.063281,110.883813,121.591737,121.290851,122.930872,125.481947,118.09099,4.675321,5.786307,8.46882,12.187486,12.540708,114.39646,114.219298,113.924883,113.255995,112.286795,117.774322,117.646377,117.816751,116.952617,116.835519,2.422727,2.958092,3.744039,4.270216,13.243934,113.836904,113.365205,113.365205,112.264572,109.748839,120.806292,120.374326,119.942361,119.510396,117.638546,4.223602,4.761905,4.911839,6.410256,12.534435,101.560565,101.073075,100.26059,98.473124,98.473124,103.383454,101.976876,100.218654,97.932966,97.757143,6.715064,5.64663,4.395604,2.014652,-0.179533,1.0655766666666666,2.0451455,3.117458833333333,105.69564066666666,106.05714033333334,106.2637115,1438.183712121212,1384.012490981241,1180.5139443738628,65.38666666666667,60.25333333333333,55.45583333333333,12,12,12
2018-02-01,2018,2,0.8660254037844386,0.5000000000000001,0.391007,108.049337,106.074354,0.391007,0.3910063041866252,0.3910063041866252,1124.6,39.09556442737126,1082,1192,1114,1192,1124.6,1124.6,20,110,78,7.001795332136451,65.32,-5.442964678633477,19.04501549116091,12,0,0,108.049337,106.074354,0.391007,117.820223,126.397944,3.834557,116.448257,119.457584,2.029206,115.094771,122.390164,3.406326,101.885559,103.559276,4.432624,0.392542,1.089109,1.715079,3.853101,4.196374,107.73885,107.324868,107.014381,106.703895,104.73748,105.661212,105.454641,105.971069,106.90064,105.661212,0.49999999999999994,-2.4492935982947064e-16,-0.5000000000000004,-0.8660254037844384,0.8660254037844386,0.8660254037844387,1,0.8660254037844384,-0.5000000000000004,0.5000000000000001,0.392542,1.089109,1.715079,3.853101,4.196374,0.1958861156238889,-0.4873292351141645,-0.1945522616626172,-0.09652449664813156,0.392542118753747,0.392542118753747,1.0891088454023867,1.7150791933216558,3.8531008723015514,4.19637456196682,1242,1618.6875,1453.8636363636363,1141.7727272727273,759.45,86.46882179639748,111.13998305440457,55.81883574782284,95.36343105553607,65.12374859894773,1125,1366,1361,965,685,1395,1743,1578,1266,878,1230,1626,1496,965,786,1152,1366,1578,1184,859,1242,1618.6875,1453.8636363636363,1141.7727272727273,759.45,1242,1618.6875,1453.8636363636363,1141.7727272727273,759.45,22,16,22,22,20,270,377,217,301,193,-78,-260,82,219,73,-6.341463414634141,-15.990159901599021,5.481283422459904,22.694300518134725,9.287531806615767,69.08,64.37,62.71,51.7,54.87,7.317073170731692,2.6471057247647867,9.041905755520773,6.6419141914191515,0.5313301575668783,26.566507878343714,20.746576627274436,40.196735971383866,12.78359511343805,70.50963331261653,12,12,12,12,12,0,0,0,0,0,0,0,0,0,0,107.73885,107.324868,107.014381,106.703895,104.73748,105.661212,105.454641,105.971069,106.90064,105.661212,0.392542,1.089109,1.715079,3.853101,4.196374,116.234886,114.721597,114.111091,115.766777,112.79381,123.648316,121.591737,121.290851,126.784539,121.730132,4.70597,4.675321,5.786307,13.572573,16.504823,116.278845,114.39646,114.219298,113.354718,112.489156,119.151934,117.774322,117.646377,117.108431,117.081753,1.982629,2.422727,2.958092,4.59157,11.344201,114.465838,113.836904,113.365205,112.421805,110.849472,122.246176,120.806292,120.374326,119.222419,118.358488,3.916769,4.223602,4.761905,5.209657,10.483871,101.885559,101.560565,101.073075,98.473124,98.960615,103.735098,103.383454,101.976876,97.405499,99.163721,6.115108,6.715064,5.64663,1.838235,1.256732,0.6242193333333333,1.4681298333333332,2.8003449166666665,105.730069,105.919426,106.29814,1328.4291666666666,1381.1503697691198,1210.9431110405294,66.25666666666666,62.52333333333333,56.32666666666667,12,12,12
2018-03-01,2018,3,1,6.123233995736766e-17,0,108.256328,106.17764,0,0.09737132125262615,0,1154.2380952380952,45.53559570479425,1055,1212,1196,1055,1154.2380952380952,1154.2380952380952,21,157,-141,-11.789297658862875,66.02,1.0716472749540795,27.97053692576079,12,0,0,108.256328,106.17764,0,119.461382,128.349124,2.191072,116.579616,119.520224,2.741786,115.566471,122.390164,2.905569,101.723062,103.559276,4.618117,0.391007,0.392542,1.089109,2.8,4.386677,108.049337,107.73885,107.324868,106.80739,105.254957,106.074354,105.661212,105.454641,106.17764,106.17764,0.8660254037844386,0.49999999999999994,-2.4492935982947064e-16,-1,1,0.5000000000000001,0.8660254037844387,1,-1.8369701987210297e-16,6.123233995736766e-17,0.391007,0.392542,1.089109,2.8,4.386677,0.3910063041866252,0.1958861156238889,-0.4873292351141645,-0.6763289723990429,0.4887583534438189,0.3910063041866252,0.392542118753747,1.0891088454023867,2.8000000232365263,4.38667776950854,1124.6,1242,1618.6875,1363.5238095238096,1141.391304347826,39.09556442737126,86.46882179639748,111.13998305440457,96.10807408725816,136.30805323051925,1082,1125,1366,1183,871,1192,1395,1743,1503,1338,1114,1230,1626,1183,871,1192,1152,1366,1356,1297,1124.6,1242,1618.6875,1363.5238095238096,1141.391304347826,1124.6,1242,1618.6875,1363.5238095238096,1141.391304347826,20,22,16,21,23,110,270,377,320,467,78,-78,-260,173,426,7.001795332136451,-6.341463414634141,-15.990159901599021,14.623837700760767,48.90929965556832,65.32,69.08,64.37,56.15,51.59,-5.442964678633477,7.317073170731692,2.6471057247647867,8.607350096711786,-5.977765627847631,19.04501549116091,26.566507878343714,20.746576627274436,20.57118316512776,35.017011253598554,12,12,12,12,12,0,0,0,0,0,0,0,0,0,0,108.049337,107.73885,107.324868,106.80739,105.254957,106.074354,105.661212,105.454641,106.17764,106.17764,0.391007,0.392542,1.089109,2.8,4.386677,117.820223,116.234886,114.721597,115.101198,114.67302,126.397944,123.648316,121.591737,125.157872,125.597199,3.834557,4.70597,4.675321,11.497822,18.556088,116.448257,116.278845,114.39646,113.797533,112.621624,119.457584,119.151934,117.774322,117.684754,116.330686,2.029206,1.982629,2.422727,4.203822,7.338167,115.094771,114.465838,113.836904,112.893505,111.478405,122.390164,122.246176,120.806292,119.222419,118.934442,3.406326,3.916769,4.223602,5.076142,8.970976,101.885559,101.885559,101.560565,98.798118,98.960615,103.559276,103.735098,103.383454,98.108788,98.987899,4.432624,6.115108,6.715064,2.573529,1.258993,0.261183,1.0014631666666665,2.4347885000000002,105.97106866666667,105.919426,106.29814,1173.6126984126984,1346.2694173881673,1212.0136769480519,66.80666666666666,64.16833333333334,57.52916666666667,12,12,12
2018-04-01,2018,4,0.8660254037844387,-0.49999999999999983,-0.193986,109.705265,106.280926,-0.193986,0.09727660174025932,-0.19398615407404396,1128.9,169.56070175293382,948,1376,1016,1341,1128.9,1128.9,20,428,325,31.988188976377963,72.11,9.224477431081501,37.851271267444076,12,0,0,109.705265,106.280926,-0.193986,121.069261,130.392453,0.255402,116.957926,119.828905,2.863723,116.352637,122.82213,3.393939,101.723062,103.559276,4.991087,0,0.391007,0.392542,2.421042,3.879093,108.256328,108.049337,107.73885,106.80739,106.082922,106.17764,106.074354,105.661212,106.17764,106.487497,1,0.8660254037844386,0.49999999999999994,-0.8660254037844386,0.8660254037844387,6.123233995736766e-17,0.5000000000000001,0.8660254037844387,0.5000000000000001,-0.49999999999999983,0,0.391007,0.392542,2.421042,3.879093,0.09737132125262615,0.3910063041866252,0.1958861156238889,0,0.2918288634028876,0,0.3910063041866252,0.392542118753747,2.421042044116306,3.879092975388021,1154.2380952380952,1124.6,1242,1484.2272727272727,1221.8333333333333,45.53559570479425,39.09556442737126,86.46882179639748,93.88287120925472,58.63772124614987,1055,1082,1125,1308,1109,1212,1192,1395,1588,1296,1196,1114,1230,1328,1282,1055,1192,1152,1522,1109,1154.2380952380952,1124.6,1242,1484.2272727272727,1221.8333333333333,1154.2380952380952,1124.6,1242,1484.2272727272727,1221.8333333333333,21,20,22,22,18,157,110,270,280,187,-141,78,-78,194,-173,-11.789297658862875,7.001795332136451,-6.341463414634141,14.608433734939762,-13.494539781591264,66.02,65.32,69.08,57.51,52.31,1.0716472749540795,-5.442964678633477,7.317073170731692,2.4220837043633203,1.395619306067064,27.97053692576079,19.04501549116091,26.566507878343714,16.134894991922444,25.80567580567581,12,12,12,12,12,0,0,0,0,0,0,0,0,0,0,108.256328,108.049337,107.73885,106.80739,106.082922,106.17764,106.074354,105.661212,106.17764,106.487497,0,0.391007,0.392542,2.421042,3.879093,119.461382,117.820223,116.234886,114.375152,116.721269,128.349124,126.397944,123.648316,122.930872,130.060276,2.191072,3.834557,4.70597,8.46882,20.984286,116.579616,116.448257,116.278845,113.924883,112.914536,119.520224,119.457584,119.151934,117.816751,116.492871,2.741786,2.029206,1.982629,3.744039,5.785744,115.566471,115.094771,114.465838,113.365205,111.635638,122.390164,122.390164,122.246176,119.942361,118.790454,2.905569,3.406326,3.916769,4.911839,6.589147,101.723062,101.885559,101.885559,100.26059,99.123112,103.559276,103.559276,103.735098,100.218654,98.636254,4.618117,4.432624,6.115108,4.395604,1.263538,0.06567366666666666,0.5656251666666667,2.09536525,106.17764,105.93664033333333,106.28092575,1135.9126984126983,1287.0482052669552,1204.2692325036076,67.81666666666666,66.60166666666666,59.17916666666667,12,12,12
2018-05-01,2018,5,0.49999999999999994,-0.8660254037844387,-0.483559,109.808761,106.280926,-0.483559,0,-0.4835587967844224,1293.095238095238,153.58545007972103,1042,1476,1327,1090,1293.095238095238,1293.095238095238,21,434,-237,-17.85983421250942,76.98,6.75357093329636,52.95052652493544,12,0,0,109.808761,106.280926,-0.483559,122.23989,132.156543,0.343044,117.398838,120.424798,3.902082,116.667104,122.678141,2.774427,101.723062,103.559276,4.991087,-0.193986,0,0.391007,1.715079,4.086974,109.705265,108.256328,108.049337,107.014381,106.289913,106.280926,106.17764,106.074354,105.971069,106.797354,0.8660254037844387,1,0.8660254037844386,-0.5000000000000004,0.49999999999999994,-0.49999999999999983,6.123233995736766e-17,0.5000000000000001,0.8660254037844384,-0.8660254037844387,-0.193986,0,0.391007,1.715079,4.086974,0.09727660174025932,0.09737132125262615,0.3910063041866252,-0.1945522616626172,0.29097970064972944,-0.19398615407404396,0,0.3910063041866252,1.7150791933216558,4.086973955595119,1128.9,1154.2380952380952,1124.6,1453.8636363636363,973.1428571428571,169.56070175293382,45.53559570479425,39.09556442737126,55.81883574782284,47.984670171092894,948,1055,1082,1361,878,1376,1212,1192,1578,1073,1016,1196,1114,1496,1073,1341,1055,1192,1578,878,1128.9,1154.2380952380952,1124.6,1453.8636363636363,973.1428571428571,1128.9,1154.2380952380952,1124.6,1453.8636363636363,973.1428571428571,20,21,20,22,21,428,157,110,217,195,325,-141,78,82,-195,31.988188976377963,-11.789297658862875,7.001795332136451,5.481283422459904,-18.17334575955266,72.11,66.02,65.32,62.71,50.33,9.224477431081501,1.0716472749540795,-5.442964678633477,9.041905755520773,-3.785127126744414,37.851271267444076,27.97053692576079,19.04501549116091,40.196735971383866,7.680787334189132,12,12,12,12,12,0,0,0,0,0,0,0,0,0,0,109.705265,108.256328,108.049337,107.014381,106.289913,106.280926,106.17764,106.074354,105.971069,106.797354,-0.193986,0,0.391007,1.715079,4.086974,121.069261,119.461382,117.820223,114.111091,117.592508,130.392453,128.349124,126.397944,121.290851,131.704737,0.255402,2.191072,3.834557,5.786307,21.519862,116.957926,116.579616,116.448257,114.219298,113.054839,119.828905,119.520224,119.457584,117.646377,115.9022,2.863723,2.741786,2.029206,2.958092,3.734926,116.352637,115.566471,115.094771,113.365205,111.792872,122.82213,122.390164,122.390164,120.374326,119.366407,3.393939,2.905569,3.406326,4.761905,6.829897,101.723062,101.723062,101.885559,101.073075,99.123112,103.559276,103.559276,103.559276,101.976876,98.636254,4.991087,4.618117,4.432624,5.64663,1.814882,-0.22584833333333332,0.19918550000000002,1.7144875000000002,106.24649733333332,105.98828316666666,106.23789008333333,1192.0777777777778,1260.2534722222222,1230.9319309163059,71.70333333333333,68.98,61.4,12,12,12
2018-06-01,2018,6,1.2246467991473532e-16,-1,-0.677638,109.808761,105.971069,-0.677638,-0.29154525808327003,-0.6776374859003398,1351.6190476190477,76.23809821242669,1156,1445,1156,1385,1351.6190476190477,1351.6190476190477,21,289,229,19.809688581314887,74.41,-3.338529488178754,60.47013155057148,12,0,0,109.808761,105.971069,-0.677638,121.151678,129.255026,0.900264,117.692046,120.579651,3.823032,116.98157,122.82213,2.895054,101.723062,103.207632,5.008945,-0.483559,-0.193986,0,1.089109,4.269708,109.808761,109.705265,108.256328,107.324868,106.496904,106.280926,106.280926,106.17764,105.454641,106.694068,0.49999999999999994,0.8660254037844387,1,-2.4492935982947064e-16,1.2246467991473532e-16,-0.8660254037844387,-0.49999999999999983,6.123233995736766e-17,1,-1,-0.483559,-0.193986,0,1.089109,4.269708,0,0.09727660174025932,0.09737132125262615,-0.4873292351141645,-0.09671213389799149,-0.4835587967844224,-0.19398615407404396,0,1.0891088454023867,4.2697076257526945,1293.095238095238,1128.9,1154.2380952380952,1618.6875,860.2272727272727,153.58545007972103,169.56070175293382,45.53559570479425,111.13998305440457,31.4065989701919,1042,948,1055,1366,818,1476,1376,1212,1743,929,1327,1016,1196,1626,850,1090,1341,1055,1366,901,1293.095238095238,1128.9,1154.2380952380952,1618.6875,860.2272727272727,1293.095238095238,1128.9,1154.2380952380952,1618.6875,860.2272727272727,21,20,21,16,22,434,428,157,377,111,-237,325,-141,-260,51,-17.85983421250942,31.988188976377963,-11.789297658862875,-15.990159901599021,6.000000000000005,76.98,72.11,66.02,64.37,46.37,6.75357093329636,9.224477431081501,1.0716472749540795,2.6471057247647867,-7.868070733161137,52.95052652493544,37.851271267444076,27.97053692576079,20.746576627274436,-3.8963730569948285,12,12,12,12,12,0,0,0,0,0,0,0,0,0,0,109.808761,109.705265,108.256328,107.324868,106.496904,106.280926,106.280926,106.17764,105.454641,106.694068,-0.483559,-0.193986,0,1.089109,4.269708,122.23989,121.069261,119.461382,114.721597,116.183544,132.156543,130.392453,128.349124,121.591737,128.101772,0.343044,0.255402,2.191072,4.675321,15.810845,117.398838,116.957926,116.579616,114.39646,113.210756,120.424798,119.828905,119.520224,117.774322,116.139596,3.902082,2.863723,2.741786,2.422727,4.600407,116.667104,116.352637,115.566471,113.836904,112.107338,122.678141,122.82213,122.390164,120.806292,119.366407,2.774427,3.393939,2.905569,4.223602,6.829897,101.723062,101.723062,101.723062,101.560565,98.798118,103.559276,103.559276,103.559276,103.383454,98.28461,4.991087,4.991087,4.618117,6.715064,1.821494,-0.45172766666666664,-0.09527233333333333,1.3022086666666666,106.17764033333333,106.0743545,106.17764016666666,1257.8714285714286,1215.7420634920636,1271.8812454906206,74.5,70.65333333333334,63.736666666666665,12,12,12
2018-07-01,2018,7,-0.4999999999999998,-0.8660254037844388,-1.158301,109.912256,105.764498,-1.158301,-0.19493150531491032,-1.1583005015937453,1649.7727272727273,89.43735866818253,1422,1774,1422,1747,1649.7727272727273,1649.7727272727273,22,352,325,22.855133614627277,74.25,-0.21502486224969086,53.155940594059416,12,0,0,109.912256,105.764498,-1.158301,120.06973,126.148926,0.531533,118.312599,120.399937,2.947621,117.92497,123.110106,3.012048,102.698044,104.086743,6.283662,-0.677638,-0.483559,-0.193986,0.392542,4.319807,109.808761,109.808761,109.705265,107.73885,106.600399,105.971069,106.280926,106.280926,105.661212,107.003925,1.2246467991473532e-16,0.49999999999999994,0.8660254037844387,0.49999999999999994,-0.4999999999999998,-1,-0.8660254037844387,-0.49999999999999983,0.8660254037844387,-0.8660254037844388,-0.677638,-0.483559,-0.193986,0.392542,4.319807,-0.29154525808327003,0,0.09727660174025932,0.1958861156238889,0.2904163331742149,-0.6776374859003398,-0.4835587967844224,-0.19398615407404396,0.392542118753747,4.319806628200329,1351.6190476190477,1293.095238095238,1128.9,1242,906.047619047619,76.23809821242669,153.58545007972103,169.56070175293382,86.46882179639748,56.069132497726585,1156,1042,948,1125,820,1445,1476,1376,1395,980,1156,1327,1016,1230,882,1385,1090,1341,1152,946,1351.6190476190477,1293.095238095238,1128.9,1242,906.047619047619,1351.6190476190477,1293.095238095238,1128.9,1242,906.047619047619,21,21,20,22,21,289,434,428,270,160,229,-237,325,-78,64,19.809688581314887,-17.85983421250942,31.988188976377963,-6.341463414634141,7.256235827664392,74.41,76.98,72.11,69.08,48.48,-3.338529488178754,6.75357093329636,9.224477431081501,7.317073170731692,4.550355833513042,60.47013155057148,52.95052652493544,37.851271267444076,26.566507878343714,7.85317018909899,12,12,12,12,12,0,0,0,0,0,0,0,0,0,0,109.808761,109.808761,109.705265,107.73885,106.600399,105.971069,106.280926,106.280926,105.661212,107.003925,-0.677638,-0.483559,-0.193986,0.392542,4.319807,121.151678,122.23989,121.069261,116.234886,115.063281,129.255026,132.156543,130.392453,123.648316,125.481947,0.900264,0.343044,0.255402,4.70597,12.187486,117.692046,117.398838,116.957926,116.278845,113.255995,120.579651,120.424798,119.828905,119.151934,116.952617,3.823032,3.902082,2.863723,1.982629,4.270216,116.98157,116.667104,116.352637,114.465838,112.264572,122.82213,122.678141,122.82213,122.246176,119.510396,2.895054,2.774427,3.393939,3.916769,6.410256,101.723062,101.723062,101.723062,101.885559,98.473124,103.207632,103.559276,103.559276,103.735098,97.932966,5.008945,4.991087,4.991087,6.115108,2.014652,-0.773166,-0.3537461666666667,0.8456996666666667,106.00549766666667,106.09156883333333,106.07435458333333,1431.495670995671,1283.7041847041846,1333.858337842713,75.21333333333334,71.515,65.88416666666667,12,12,12
2018-08-01,2018,8,-0.8660254037844384,-0.5000000000000004,-1.352657,109.912256,105.454641,-1.352657,-0.292968818326933,-1.352657009349989,1710.409090909091,46.64216270705446,1579,1773,1760,1579,1710.409090909091,1710.409090909091,22,194,-181,-10.284090909090903,72.53,-2.3164983164983166,40.29013539651838,12,0,0,109.912256,105.454641,-1.352657,120.440575,125.320207,-1.154977,118.353098,120.219862,2.65688,117.767737,122.966118,3.140097,103.185534,104.790031,7.581227,-1.158301,-0.677638,-0.483559,0.391007,3.853101,109.912256,109.808761,109.808761,108.049337,106.703895,105.764498,105.971069,106.280926,106.074354,106.90064,-0.4999999999999998,1.2246467991473532e-16,0.49999999999999994,0.8660254037844386,-0.8660254037844384,-0.8660254037844388,-1,-0.8660254037844387,0.5000000000000001,-0.5000000000000004,-1.158301,-0.677638,-0.483559,0.391007,3.853101,-0.19493150531491032,-0.29154525808327003,0,0.3910063041866252,-0.09652449664813156,-1.1583005015937453,-0.6776374859003398,-0.4835587967844224,0.3910063041866252,3.8531008723015514,1649.7727272727273,1351.6190476190477,1293.095238095238,1124.6,1141.7727272727273,89.43735866818253,76.23809821242669,153.58545007972103,39.09556442737126,95.36343105553607,1422,1156,1042,1082,965,1774,1445,1476,1192,1266,1422,1156,1327,1114,965,1747,1385,1090,1192,1184,1649.7727272727273,1351.6190476190477,1293.095238095238,1124.6,1141.7727272727273,1649.7727272727273,1351.6190476190477,1293.095238095238,1124.6,1141.7727272727273,22,21,21,20,22,352,289,434,110,301,325,229,-237,78,219,22.855133614627277,19.809688581314887,-17.85983421250942,7.001795332136451,22.694300518134725,74.25,74.41,76.98,65.32,51.7,-0.21502486224969086,-3.338529488178754,6.75357093329636,-5.442964678633477,6.6419141914191515,53.155940594059416,60.47013155057148,52.95052652493544,19.04501549116091,12.78359511343805,12,12,12,12,12,0,0,0,0,0,0,0,0,0,0,109.912256,109.808761,109.808761,108.049337,106.703895,105.764498,105.971069,106.280926,106.074354,106.90064,-1.158301,-0.677638,-0.483559,0.391007,3.853101,120.06973,121.151678,122.23989,117.820223,115.766777,126.148926,129.255026,132.156543,126.397944,126.784539,0.531533,0.900264,0.343044,3.834557,13.572573,118.312599,117.692046,117.398838,116.448257,113.354718,120.399937,120.579651,120.424798,119.457584,117.108431,2.947621,3.823032,3.902082,2.029206,4.59157,117.92497,116.98157,116.667104,115.094771,112.421805,123.110106,122.82213,122.678141,122.390164,119.222419,3.012048,2.895054,2.774427,3.406326,5.209657,102.698044,101.723062,101.723062,101.885559,98.473124,104.086743,103.207632,103.559276,103.559276,97.405499,6.283662,5.008945,4.991087,4.432624,1.838235,-1.0628653333333333,-0.6443568333333333,0.41188649999999993,105.73006933333333,105.98828333333333,105.95385466666667,1570.6002886002886,1381.3390331890332,1381.2447014790764,73.73,72.71666666666667,67.62,12,12,12
2018-09-01,2018,9,-1,-1.8369701987210297e-16,-0.972763,109.912256,105.144784,-0.972763,-0.2938296475733071,-0.9727622501309985,1447.35,63.845434243054605,1356,1557,1557,1540,1447.35,1447.35,20,201,-17,-1.0918432883750828,78.89,8.768785330208196,40.49866429207481,12,0,0,109.912256,105.144784,-0.972763,121.666865,125.786003,0.501871,119.245734,120.640458,2.511544,118.39667,123.398083,3.502415,104.160516,105.844965,7.885305,-1.352657,-1.158301,-0.677638,0,2.8,109.912256,109.912256,109.808761,108.256328,106.80739,105.454641,105.764498,105.971069,106.17764,106.17764,-0.8660254037844384,-0.4999999999999998,1.2246467991473532e-16,1,-1,-0.5000000000000004,-0.8660254037844388,-1,6.123233995736766e-17,-1.8369701987210297e-16,-1.352657,-1.158301,-0.677638,0,2.8,-0.292968818326933,-0.19493150531491032,-0.29154525808327003,0.09737132125262615,-0.6763289723990429,-1.352657009349989,-1.1583005015937453,-0.6776374859003398,0,2.8000000232365263,1710.409090909091,1649.7727272727273,1351.6190476190477,1154.2380952380952,1363.5238095238096,46.64216270705446,89.43735866818253,76.23809821242669,45.53559570479425,96.10807408725816,1579,1422,1156,1055,1183,1773,1774,1445,1212,1503,1760,1422,1156,1196,1183,1579,1747,1385,1055,1356,1710.409090909091,1649.7727272727273,1351.6190476190477,1154.2380952380952,1363.5238095238096,1710.409090909091,1649.7727272727273,1351.6190476190477,1154.2380952380952,1363.5238095238096,22,22,21,21,21,194,352,289,157,320,-181,325,229,-141,173,-10.284090909090903,22.855133614627277,19.809688581314887,-11.789297658862875,14.623837700760767,72.53,74.25,74.41,66.02,56.15,-2.3164983164983166,-0.21502486224969086,-3.338529488178754,1.0716472749540795,8.607350096711786,40.29013539651838,53.155940594059416,60.47013155057148,27.97053692576079,20.57118316512776,12,12,12,12,12,0,0,0,0,0,0,0,0,0,0,109.912256,109.912256,109.808761,108.256328,106.80739,105.454641,105.764498,105.971069,106.17764,106.17764,-1.352657,-1.158301,-0.677638,0,2.8,120.440575,120.06973,121.151678,119.461382,115.101198,125.320207,126.148926,129.255026,128.349124,125.157872,-1.154977,0.531533,0.900264,2.191072,11.497822,118.353098,118.312599,117.692046,116.579616,113.797533,120.219862,120.399937,120.579651,119.520224,117.684754,2.65688,2.947621,3.823032,2.741786,4.203822,117.767737,117.92497,116.98157,115.566471,112.893505,122.966118,123.110106,122.82213,122.390164,119.222419,3.140097,3.012048,2.895054,2.905569,5.076142,103.185534,102.698044,101.723062,101.723062,98.798118,104.790031,104.086743,103.207632,103.559276,98.108788,7.581227,6.283662,5.008945,4.618117,2.573529,-1.1612403333333334,-0.806484,0.09748958333333334,105.454641,105.81614066666667,105.86778333333334,1602.510606060606,1430.1910173160172,1388.2302173520923,75.22333333333333,74.86166666666666,69.515,12,12,12
2018-10-01,2018,10,-0.8660254037844386,0.5000000000000001,-1.116245,110.615405,104.992437,-1.116245,-0.14489258925103332,-1.1162453789705595,1544.695652173913,30.750365530138893,1490,1584,1555,1490,1544.695652173913,1544.695652173913,23,94,-65,-4.180064308681675,81.03,2.712637850171129,40.89723526343245,12,0,0,110.615405,104.992437,-1.116245,120.70083,123.566063,0.516706,119.752667,121.364875,3.011562,119.025603,123.542072,3.0012,121.222691,127.119451,26.842105,-0.972763,-1.352657,-1.158301,-0.193986,2.421042,109.912256,109.912256,109.912256,109.705265,106.80739,105.144784,105.454641,105.764498,106.280926,106.17764,-1,-0.8660254037844384,-0.4999999999999998,0.8660254037844387,-0.8660254037844386,-1.8369701987210297e-16,-0.5000000000000004,-0.8660254037844388,-0.49999999999999983,0.5000000000000001,-0.972763,-1.352657,-1.158301,-0.193986,2.421042,-0.2938296475733071,-0.292968818326933,-0.19493150531491032,0.09727660174025932,0,-0.9727622501309985,-1.352657009349989,-1.1583005015937453,-0.19398615407404396,2.421042044116306,1447.35,1710.409090909091,1649.7727272727273,1128.9,1484.2272727272727,63.845434243054605,46.64216270705446,89.43735866818253,169.56070175293382,93.88287120925472,1356,1579,1422,948,1308,1557,1773,1774,1376,1588,1557,1760,1422,1016,1328,1540,1579,1747,1341,1522,1447.35,1710.409090909091,1649.7727272727273,1128.9,1484.2272727272727,1447.35,1710.409090909091,1649.7727272727273,1128.9,1484.2272727272727,20,22,22,20,22,201,194,352,428,280,-17,-181,325,325,194,-1.0918432883750828,-10.284090909090903,22.855133614627277,31.988188976377963,14.608433734939762,78.89,72.53,74.25,72.11,57.51,8.768785330208196,-2.3164983164983166,-0.21502486224969086,9.224477431081501,2.4220837043633203,40.49866429207481,40.29013539651838,53.155940594059416,37.851271267444076,16.134894991922444,12,12,12,12,12,0,0,0,0,0,0,0,0,0,0,109.912256,109.912256,109.912256,109.705265,106.80739,105.144784,105.454641,105.764498,106.280926,106.17764,-0.972763,-1.352657,-1.158301,-0.193986,2.421042,121.666865,120.440575,120.06973,121.069261,114.375152,125.786003,125.320207,126.148926,130.392453,122.930872,0.501871,-1.154977,0.531533,0.255402,8.46882,119.245734,118.353098,118.312599,116.957926,113.924883,120.640458,120.219862,120.399937,119.828905,117.816751,2.511544,2.65688,2.947621,2.863723,3.744039,118.39667,117.767737,117.92497,116.352637,113.365205,123.398083,122.966118,123.110106,122.82213,119.942361,3.502415,3.140097,3.012048,3.393939,4.911839,104.160516,103.185534,102.698044,101.723062,100.26059,105.844965,104.790031,104.086743,103.559276,100.218654,7.885305,7.581227,6.283662,4.991087,4.395604,-1.1472216666666666,-0.9601938333333333,-0.1972843333333333,105.19728733333334,105.6013925,105.76901641666666,1567.4849143610013,1499.4902926783361,1393.2692489726458,77.48333333333333,76.34833333333333,71.475,12,12,12
2018-11-01,2018,11,-0.5000000000000004,0.8660254037844384,-0.779727,111.050707,105.144784,-0.779727,0.14510283250213085,-0.7797269649134075,1192,163.1980975612738,1003,1470,1470,1231,1192,1192,22,467,-239,-16.258503401360546,64.75,-20.091324200913242,3.2530696858555253,12,0,0,111.050707,105.144784,-0.779727,120.483799,123.382419,1.724423,120.564744,123.194378,4.715829,119.182836,124.118025,3.110048,132.434977,145.580782,42.758621,-1.116245,-0.972763,-1.352657,-0.483559,1.715079,110.615405,109.912256,109.912256,109.808761,107.014381,104.992437,105.144784,105.454641,106.280926,105.971069,-0.8660254037844386,-1,-0.8660254037844384,0.49999999999999994,-0.5000000000000004,0.5000000000000001,-1.8369701987210297e-16,-0.5000000000000004,-0.8660254037844387,0.8660254037844384,-1.116245,-0.972763,-1.352657,-0.483559,1.715079,-0.14489258925103332,-0.2938296475733071,-0.292968818326933,0,-0.1945522616626172,-1.1162453789705595,-0.9727622501309985,-1.352657009349989,-0.4835587967844224,1.7150791933216558,1544.695652173913,1447.35,1710.409090909091,1293.095238095238,1453.8636363636363,30.750365530138893,63.845434243054605,46.64216270705446,153.58545007972103,55.81883574782284,1490,1356,1579,1042,1361,1584,1557,1773,1476,1578,1555,1557,1760,1327,1496,1490,1540,1579,1090,1578,1544.695652173913,1447.35,1710.409090909091,1293.095238095238,1453.8636363636363,1544.695652173913,1447.35,1710.409090909091,1293.095238095238,1453.8636363636363,23,20,22,21,22,94,201,194,434,217,-65,-17,-181,-237,82,-4.180064308681675,-1.0918432883750828,-10.284090909090903,-17.85983421250942,5.481283422459904,81.03,78.89,72.53,76.98,62.71,2.712637850171129,8.768785330208196,-2.3164983164983166,6.75357093329636,9.041905755520773,40.89723526343245,40.49866429207481,40.29013539651838,52.95052652493544,40.196735971383866,12,12,12,12,12,0,0,0,0,0,0,0,0,0,0,110.615405,109.912256,109.912256,109.808761,107.014381,104.992437,105.144784,105.454641,106.280926,105.971069,-1.116245,-0.972763,-1.352657,-0.483559,1.715079,120.70083,121.666865,120.440575,122.23989,114.111091,123.566063,125.786003,125.320207,132.156543,121.290851,0.516706,0.501871,-1.154977,0.343044,5.786307,119.752667,119.245734,118.353098,117.398838,114.219298,121.364875,120.640458,120.219862,120.424798,117.646377,3.011562,2.511544,2.65688,3.902082,2.958092,119.025603,118.39667,117.767737,116.667104,113.365205,123.542072,123.398083,122.966118,122.678141,120.374326,3.0012,3.502415,3.140097,2.774427,4.761905,121.222691,104.160516,103.185534,101.723062,101.073075,127.119451,105.844965,104.790031,103.559276,101.976876,26.842105,7.885305,7.581227,4.991087,5.64663,-0.956245,-1.0095551666666667,-0.4051848333333333,105.09400166666667,105.4120355,105.70015933333333,1394.681884057971,1482.6410863291298,1371.447279275676,74.89,74.31,71.645,12,12,12
2018-12-01,2018,12,-2.4492935982947064e-16,1,-0.195886,111.154203,105.248069,-0.195886,0.09823121611054475,-0.19588706389886967,1335.125,61.57150314877817,1203,1406,1203,1271,1335.125,1335.125,16,203,68,5.652535328345798,57.36,-11.41312741312741,-10.89016622650304,12,0,0,111.154203,105.248069,-0.195886,121.272867,124.678383,2.538532,120.287543,123.856492,5.164258,119.025603,124.118025,2.741359,144.297251,158.767447,53.571429,-0.779727,-1.116245,-0.972763,-0.677638,1.089109,111.050707,110.615405,109.912256,109.808761,107.324868,105.144784,104.992437,105.144784,105.971069,105.454641,-0.5000000000000004,-0.8660254037844386,-1,1.2246467991473532e-16,-2.4492935982947064e-16,0.8660254037844384,0.5000000000000001,-1.8369701987210297e-16,-1,1,-0.779727,-1.116245,-0.972763,-0.677638,1.089109,0.14510283250213085,-0.14489258925103332,-0.2938296475733071,-0.29154525808327003,-0.4873292351141645,-0.7797269649134075,-1.1162453789705595,-0.9727622501309985,-0.6776374859003398,1.0891088454023867,1192,1544.695652173913,1447.35,1351.6190476190477,1618.6875,163.1980975612738,30.750365530138893,63.845434243054605,76.23809821242669,111.13998305440457,1003,1490,1356,1156,1366,1470,1584,1557,1445,1743,1470,1555,1557,1156,1626,1231,1490,1540,1385,1366,1192,1544.695652173913,1447.35,1351.6190476190477,1618.6875,1192,1544.695652173913,1447.35,1351.6190476190477,1618.6875,22,23,20,21,16,467,94,201,289,377,-239,-65,-17,229,-260,-16.258503401360546,-4.180064308681675,-1.0918432883750828,19.809688581314887,-15.990159901599021,64.75,81.03,78.89,74.41,64.37,-20.091324200913242,2.712637850171129,8.768785330208196,-3.338529488178754,2.6471057247647867,3.2530696858555253,40.89723526343245,40.49866429207481,60.47013155057148,20.746576627274436,12,12,12,12,12,0,0,0,0,0,0,0,0,0,0,111.050707,110.615405,109.912256,109.808761,107.324868,105.144784,104.992437,105.144784,105.971069,105.454641,-0.779727,-1.116245,-0.972763,-0.677638,1.089109,120.483799,120.70083,121.666865,121.151678,114.721597,123.382419,123.566063,125.786003,129.255026,121.591737,1.724423,0.516706,0.501871,0.900264,4.675321,120.564744,119.752667,119.245734,117.692046,114.39646,123.194378,121.364875,120.640458,120.579651,117.774322,4.715829,3.011562,2.511544,3.823032,2.422727,119.182836,119.025603,118.39667,116.98157,113.836904,124.118025,123.542072,123.398083,122.82213,120.806292,3.110048,3.0012,3.502415,2.895054,4.223602,132.434977,121.222691,104.160516,101.723062,101.560565,145.580782,127.119451,105.844965,103.207632,103.383454,42.758621,26.842105,7.885305,5.008945,6.715064,-0.697286,-0.9292631666666666,-0.51226775,105.12843,105.2915355,105.682945,1357.2735507246377,1479.892078392622,1347.8170709423428,67.71333333333334,71.46833333333333,71.06083333333333,12,12,12
2019-01-01,2019,1,0.49999999999999994,0.8660254037844387,0.007429,111.487665,105.669062,0.007429,0.4000006878986051,0.00742940559870231,1063.3181818181818,183.50045708095047,668,1282,1282,668,1063.3181818181818,1063.3181818181818,22,614,-614,-47.893915756630264,59.41,3.5739191073919097,-13.998262883613199,12,0,0,111.487665,105.669062,0.007429,121.695471,125.645336,1.615081,121.695136,125.999054,5.746545,118.86837,125.845887,2.944641,159.896954,169.844245,63.728814,-0.195886,-0.779727,-1.116245,-1.158301,0.392542,111.154203,111.050707,110.615405,109.912256,107.73885,105.248069,105.144784,104.992437,105.764498,105.661212,-2.4492935982947064e-16,-0.5000000000000004,-0.8660254037844386,-0.4999999999999998,0.49999999999999994,1,0.8660254037844384,0.5000000000000001,-0.8660254037844388,0.8660254037844387,-0.195886,-0.779727,-1.116245,-1.158301,0.392542,0.09823121611054475,0.14510283250213085,-0.14489258925103332,-0.19493150531491032,0.1958861156238889,-0.19588706389886967,-0.7797269649134075,-1.1162453789705595,-1.1583005015937453,0.392542118753747,1335.125,1192,1544.695652173913,1649.7727272727273,1242,61.57150314877817,163.1980975612738,30.750365530138893,89.43735866818253,86.46882179639748,1203,1003,1490,1422,1125,1406,1470,1584,1774,1395,1203,1470,1555,1422,1230,1271,1231,1490,1747,1152,1335.125,1192,1544.695652173913,1649.7727272727273,1242,1335.125,1192,1544.695652173913,1649.7727272727273,1242,16,22,23,22,22,203,467,94,352,270,68,-239,-65,325,-78,5.652535328345798,-16.258503401360546,-4.180064308681675,22.855133614627277,-6.341463414634141,57.36,64.75,81.03,74.25,69.08,-11.41312741312741,-20.091324200913242,2.712637850171129,-0.21502486224969086,7.317073170731692,-10.89016622650304,3.2530696858555253,40.89723526343245,53.155940594059416,26.566507878343714,12,12,12,12,12,0,0,0,0,0,0,0,0,0,0,111.154203,111.050707,110.615405,109.912256,107.73885,105.248069,105.144784,104.992437,105.764498,105.661212,-0.195886,-0.779727,-1.116245,-1.158301,0.392542,121.272867,120.483799,120.70083,120.06973,116.234886,124.678383,123.382419,123.566063,126.148926,123.648316,2.538532,1.724423,0.516706,0.531533,4.70597,120.287543,120.564744,119.752667,118.312599,116.278845,123.856492,123.194378,121.364875,120.399937,119.151934,5.164258,4.715829,3.011562,2.947621,1.982629,119.025603,119.182836,119.025603,117.92497,114.465838,124.118025,124.118025,123.542072,123.110106,122.246176,2.741359,3.110048,3.0012,3.012048,3.916769,144.297251,132.434977,121.222691,102.698044,101.885559,158.767447,145.580782,127.119451,104.086743,103.735098,53.571429,42.758621,26.842105,6.283662,6.115108,-0.32272799999999996,-0.7349748333333332,-0.5443605,105.35397166666667,105.2756295,105.68359916666667,1196.814393939394,1382.1496541501976,1332.9269194271913,60.50666666666667,68.995,70.255,12,12,12
2019-02-01,2019,2,0.8660254037844386,0.5000000000000001,-0.183642,111.709974,105.879558,-0.183642,0.1992030552897317,-0.18364099582449667,628.75,18.034688796871432,595,658,645,658,628.75,628.75,20,63,13,2.0155038759689825,63.96,7.658643326039405,-2.0820575627679028,12,0,0,111.709974,105.879558,-0.183642,122.694026,127.781673,1.09474,121.590915,126.487766,5.885086,119.81177,125.845887,2.823529,162.496904,175.8222,69.779287,0.007429,-0.195886,-0.779727,-1.352657,0.391007,111.487665,111.154203,111.050707,109.912256,108.049337,105.669062,105.248069,105.144784,105.454641,106.074354,0.49999999999999994,-2.4492935982947064e-16,-0.5000000000000004,-0.8660254037844384,0.8660254037844386,0.8660254037844387,1,0.8660254037844384,-0.5000000000000004,0.5000000000000001,0.007429,-0.195886,-0.779727,-1.352657,0.391007,0.4000006878986051,0.09823121611054475,0.14510283250213085,-0.292968818326933,0.3910063041866252,0.00742940559870231,-0.19588706389886967,-0.7797269649134075,-1.352657009349989,0.3910063041866252,1063.3181818181818,1335.125,1192,1710.409090909091,1124.6,183.50045708095047,61.57150314877817,163.1980975612738,46.64216270705446,39.09556442737126,668,1203,1003,1579,1082,1282,1406,1470,1773,1192,1282,1203,1470,1760,1114,668,1271,1231,1579,1192,1063.3181818181818,1335.125,1192,1710.409090909091,1124.6,1063.3181818181818,1335.125,1192,1710.409090909091,1124.6,22,16,22,22,20,614,203,467,194,110,-614,68,-239,-181,78,-47.893915756630264,5.652535328345798,-16.258503401360546,-10.284090909090903,7.001795332136451,59.41,57.36,64.75,72.53,65.32,3.5739191073919097,-11.41312741312741,-20.091324200913242,-2.3164983164983166,-5.442964678633477,-13.998262883613199,-10.89016622650304,3.2530696858555253,40.29013539651838,19.04501549116091,12,12,12,12,12,0,0,0,0,0,0,0,0,0,0,111.487665,111.154203,111.050707,109.912256,108.049337,105.669062,105.248069,105.144784,105.454641,106.074354,0.007429,-0.195886,-0.779727,-1.352657,0.391007,121.695471,121.272867,120.483799,120.440575,117.820223,125.645336,124.678383,123.382419,125.320207,126.397944,1.615081,2.538532,1.724423,-1.154977,3.834557,121.695136,120.287543,120.564744,118.353098,116.448257,125.999054,123.856492,123.194378,120.219862,119.457584,5.746545,5.164258,4.715829,2.65688,2.029206,118.86837,119.025603,119.182836,117.767737,115.094771,125.845887,124.118025,124.118025,122.966118,122.390164,2.944641,2.741359,3.110048,3.140097,3.406326,159.896954,144.297251,132.434977,103.185534,101.885559,169.844245,158.767447,145.580782,104.790031,103.559276,63.728814,53.571429,42.758621,7.581227,4.432624,-0.124033,-0.540139,-0.5922479166666667,105.59889633333333,105.346449,105.66736616666667,1009.0643939393939,1201.8731389986824,1291.6060860938578,60.24333333333333,67.56666666666666,70.14166666666667,12,12,12
2019-03-01,2019,3,1,6.123233995736766e-17,0.115759,111.821128,106.30055,0.115759,0.39761405124112414,0.11575883585281943,680.4285714285714,24.691236154902064,645,730,664,689,680.4285714285714,680.4285714285714,21,85,25,3.765060240963858,66.14,3.408380237648534,0.18176310209028212,12,0,0,111.821128,106.30055,0.115759,124.586199,132.560364,3.281082,121.822809,126.484702,5.827029,120.755169,126.277852,3.176471,169.646768,184.789132,78.438031,-0.183642,0.007429,-0.195886,-0.972763,0,111.709974,111.487665,111.154203,109.912256,108.256328,105.879558,105.669062,105.248069,105.144784,106.17764,0.8660254037844386,0.49999999999999994,-2.4492935982947064e-16,-1,1,0.5000000000000001,0.8660254037844387,1,-1.8369701987210297e-16,6.123233995736766e-17,-0.183642,0.007429,-0.195886,-0.972763,0,0.1992030552897317,0.4000006878986051,0.09823121611054475,-0.2938296475733071,0.09737132125262615,-0.18364099582449667,0.00742940559870231,-0.19588706389886967,-0.9727622501309985,0,628.75,1063.3181818181818,1335.125,1447.35,1154.2380952380952,18.034688796871432,183.50045708095047,61.57150314877817,63.845434243054605,45.53559570479425,595,668,1203,1356,1055,658,1282,1406,1557,1212,645,1282,1203,1557,1196,658,668,1271,1540,1055,628.75,1063.3181818181818,1335.125,1447.35,1154.2380952380952,628.75,1063.3181818181818,1335.125,1447.35,1154.2380952380952,20,22,16,20,21,63,614,203,201,157,13,-614,68,-17,-141,2.0155038759689825,-47.893915756630264,5.652535328345798,-1.0918432883750828,-11.789297658862875,63.96,59.41,57.36,78.89,66.02,7.658643326039405,3.5739191073919097,-11.41312741312741,8.768785330208196,1.0716472749540795,-2.0820575627679028,-13.998262883613199,-10.89016622650304,40.49866429207481,27.97053692576079,12,12,12,12,12,0,0,0,0,0,0,0,0,0,0,111.709974,111.487665,111.154203,109.912256,108.256328,105.879558,105.669062,105.248069,105.144784,106.17764,-0.183642,0.007429,-0.195886,-0.972763,0,122.694026,121.695471,121.272867,121.666865,119.461382,127.781673,125.645336,124.678383,125.786003,128.349124,1.09474,1.615081,2.538532,0.501871,2.191072,121.590915,121.695136,120.287543,119.245734,116.579616,126.487766,125.999054,123.856492,120.640458,119.520224,5.885086,5.746545,5.164258,2.511544,2.741786,119.81177,118.86837,119.025603,118.39667,115.566471,125.845887,125.845887,124.118025,123.398083,122.390164,2.823529,2.944641,2.741359,3.502415,2.905569,162.496904,159.896954,144.297251,104.160516,101.723062,175.8222,169.844245,158.767447,105.844965,103.559276,69.779287,63.728814,53.571429,7.885305,4.618117,-0.020151333333333337,-0.35871866666666663,-0.5826013333333333,105.94972333333334,105.53907666666666,105.67760866666667,790.8322510822511,1074.0529009034444,1252.1219591097308,63.17,65.44166666666666,70.15166666666667,12,12,12
2019-04-01,2019,4,0.8660254037844387,-0.49999999999999983,0.414577,112.488053,106.721542,0.414577,0.39603934316425615,0.4145767416441348,773.25,91.15624238808766,672,1011,685,1011,773.25,773.25,20,339,326,47.5912408759124,71.23,7.695796794677956,-1.220357786714732,12,0,0,112.488053,106.721542,0.414577,125.569699,135.11998,3.625614,122.255103,126.190736,5.309096,121.384103,126.565829,3.048066,178.909092,199.206553,92.359932,0.115759,-0.183642,0.007429,-1.116245,-0.193986,111.821128,111.709974,111.487665,110.615405,109.705265,106.30055,105.879558,105.669062,104.992437,106.280926,1,0.8660254037844386,0.49999999999999994,-0.8660254037844386,0.8660254037844387,6.123233995736766e-17,0.5000000000000001,0.8660254037844387,0.5000000000000001,-0.49999999999999983,0.115759,-0.183642,0.007429,-1.116245,-0.193986,0.39761405124112414,0.1992030552897317,0.4000006878986051,-0.14489258925103332,0.09727660174025932,0.11575883585281943,-0.18364099582449667,0.00742940559870231,-1.1162453789705595,-0.19398615407404396,680.4285714285714,628.75,1063.3181818181818,1544.695652173913,1128.9,24.691236154902064,18.034688796871432,183.50045708095047,30.750365530138893,169.56070175293382,645,595,668,1490,948,730,658,1282,1584,1376,664,645,1282,1555,1016,689,658,668,1490,1341,680.4285714285714,628.75,1063.3181818181818,1544.695652173913,1128.9,680.4285714285714,628.75,1063.3181818181818,1544.695652173913,1128.9,21,20,22,23,20,85,63,614,94,428,25,13,-614,-65,325,3.765060240963858,2.0155038759689825,-47.893915756630264,-4.180064308681675,31.988188976377963,66.14,63.96,59.41,81.03,72.11,3.408380237648534,7.658643326039405,3.5739191073919097,2.712637850171129,9.224477431081501,0.18176310209028212,-2.0820575627679028,-13.998262883613199,40.89723526343245,37.851271267444076,12,12,12,12,12,0,0,0,0,0,0,0,0,0,0,111.821128,111.709974,111.487665,110.615405,109.705265,106.30055,105.879558,105.669062,104.992437,106.280926,0.115759,-0.183642,0.007429,-1.116245,-0.193986,124.586199,122.694026,121.695471,120.70083,121.069261,132.560364,127.781673,125.645336,123.566063,130.392453,3.281082,1.09474,1.615081,0.516706,0.255402,121.822809,121.590915,121.695136,119.752667,116.957926,126.484702,126.487766,125.999054,121.364875,119.828905,5.827029,5.885086,5.746545,3.011562,2.863723,120.755169,119.81177,118.86837,119.025603,116.352637,126.277852,125.845887,125.845887,123.542072,122.82213,3.176471,2.823529,2.944641,3.0012,3.393939,169.646768,162.496904,159.896954,121.222691,101.723062,184.789132,175.8222,169.844245,127.119451,103.559276,78.438031,69.779287,63.728814,26.842105,4.991087,0.11556466666666666,-0.10358166666666664,-0.53188775,106.30055,105.82726083333333,105.71432666666666,694.1428571428571,945.4786255411256,1222.4844591097308,67.11,63.80833333333334,70.07833333333333,12,12,12
2019-05-01,2019,5,0.49999999999999994,-0.8660254037844387,1.008746,112.599207,107.353031,1.008746,0.5917165252353751,1.0087463859695944,1035.6666666666667,46.66404754554981,936,1107,1031,1096,1035.6666666666667,1035.6666666666667,21,171,65,6.304558680892347,71.32,0.12635125649302914,-7.35255910626138,12,0,0,112.599207,107.353031,1.008746,126.504351,137.441731,3.999188,122.183785,125.782452,4.448962,121.855802,126.997794,3.521127,201.496161,234.370993,126.315789,0.414577,0.115759,-0.183642,-0.779727,-0.483559,112.488053,111.821128,111.709974,111.050707,109.808761,106.721542,106.30055,105.879558,105.144784,106.280926,0.8660254037844387,1,0.8660254037844386,-0.5000000000000004,0.49999999999999994,-0.49999999999999983,6.123233995736766e-17,0.5000000000000001,0.8660254037844384,-0.8660254037844387,0.414577,0.115759,-0.183642,-0.779727,-0.483559,0.39603934316425615,0.39761405124112414,0.1992030552897317,0.14510283250213085,0,0.4145767416441348,0.11575883585281943,-0.18364099582449667,-0.7797269649134075,-0.4835587967844224,773.25,680.4285714285714,628.75,1192,1293.095238095238,91.15624238808766,24.691236154902064,18.034688796871432,163.1980975612738,153.58545007972103,672,645,595,1003,1042,1011,730,658,1470,1476,685,664,645,1470,1327,1011,689,658,1231,1090,773.25,680.4285714285714,628.75,1192,1293.095238095238,773.25,680.4285714285714,628.75,1192,1293.095238095238,20,21,20,22,21,339,85,63,467,434,326,25,13,-239,-237,47.5912408759124,3.765060240963858,2.0155038759689825,-16.258503401360546,-17.85983421250942,71.23,66.14,63.96,64.75,76.98,7.695796794677956,3.408380237648534,7.658643326039405,-20.091324200913242,6.75357093329636,-1.220357786714732,0.18176310209028212,-2.0820575627679028,3.2530696858555253,52.95052652493544,12,12,12,12,12,0,0,0,0,0,0,0,0,0,0,112.488053,111.821128,111.709974,111.050707,109.808761,106.721542,106.30055,105.879558,105.144784,106.280926,0.414577,0.115759,-0.183642,-0.779727,-0.483559,125.569699,124.586199,122.694026,120.483799,122.23989,135.11998,132.560364,127.781673,123.382419,132.156543,3.625614,3.281082,1.09474,1.724423,0.343044,122.255103,121.822809,121.590915,120.564744,117.398838,126.190736,126.484702,126.487766,123.194378,120.424798,5.309096,5.827029,5.885086,4.715829,3.902082,121.384103,120.755169,119.81177,119.182836,116.667104,126.565829,126.277852,125.845887,124.118025,122.678141,3.048066,3.176471,2.823529,3.110048,2.774427,178.909092,169.646768,162.496904,132.434977,101.723062,199.206553,184.789132,175.8222,145.580782,103.559276,92.359932,78.438031,69.779287,42.758621,4.991087,0.5130273333333333,0.19449716666666664,-0.407529,106.79170766666667,106.195302,105.80366875,829.781746031746,919.42306998557,1201.0320781573498,69.56333333333333,64.90333333333334,69.60666666666667,12,12,12
2019-06-01,2019,6,1.2246467991473532e-16,-1,1.304094,112.821516,107.353031,1.304094,0,1.304093667300843,1174.4,91.56958814849071,1062,1354,1103,1354,1174.4,1174.4,20,292,251,22.756119673617413,64.22,-9.955131800336503,-13.694395914527613,12,0,0,112.821516,107.353031,1.304094,127.011235,138.516917,7.165594,122.32845,125.29609,3.911472,122.170269,127.429759,3.751465,280.469657,363.424488,252.129472,1.008746,0.414577,0.115759,-0.195886,-0.677638,112.599207,112.488053,111.821128,111.154203,109.808761,107.353031,106.721542,106.30055,105.248069,105.971069,0.49999999999999994,0.8660254037844387,1,-2.4492935982947064e-16,1.2246467991473532e-16,-0.8660254037844387,-0.49999999999999983,6.123233995736766e-17,1,-1,1.008746,0.414577,0.115759,-0.195886,-0.677638,0.5917165252353751,0.39603934316425615,0.39761405124112414,0.09823121611054475,-0.29154525808327003,1.0087463859695944,0.4145767416441348,0.11575883585281943,-0.19588706389886967,-0.6776374859003398,1035.6666666666667,773.25,680.4285714285714,1335.125,1351.6190476190477,46.66404754554981,91.15624238808766,24.691236154902064,61.57150314877817,76.23809821242669,936,672,645,1203,1156,1107,1011,730,1406,1445,1031,685,664,1203,1156,1096,1011,689,1271,1385,1035.6666666666667,773.25,680.4285714285714,1335.125,1351.6190476190477,1035.6666666666667,773.25,680.4285714285714,1335.125,1351.6190476190477,21,20,21,16,21,171,339,85,203,289,65,326,25,68,229,6.304558680892347,47.5912408759124,3.765060240963858,5.652535328345798,19.809688581314887,71.32,71.23,66.14,57.36,74.41,0.12635125649302914,7.695796794677956,3.408380237648534,-11.41312741312741,-3.338529488178754,-7.35255910626138,-1.220357786714732,0.18176310209028212,-10.89016622650304,60.47013155057148,12,12,12,12,12,0,0,0,0,0,0,0,0,0,0,112.599207,112.488053,111.821128,111.154203,109.808761,107.353031,106.721542,106.30055,105.248069,105.971069,1.008746,0.414577,0.115759,-0.195886,-0.677638,126.504351,125.569699,124.586199,121.272867,121.151678,137.441731,135.11998,132.560364,124.678383,129.255026,3.999188,3.625614,3.281082,2.538532,0.900264,122.183785,122.255103,121.822809,120.287543,117.692046,125.782452,126.190736,126.484702,123.856492,120.579651,4.448962,5.309096,5.827029,5.164258,3.823032,121.855802,121.384103,120.755169,119.025603,116.98157,126.997794,126.565829,126.277852,124.118025,122.82213,3.521127,3.048066,3.176471,2.741359,2.895054,201.496161,178.909092,169.646768,144.297251,101.723062,234.370993,199.206553,184.789132,158.767447,103.207632,126.315789,92.359932,78.438031,53.571429,5.008945,0.909139,0.44449383333333337,-0.24238466666666664,107.14253466666666,106.54612900000001,105.91883225,994.438888888889,892.63556998557,1186.2638241890959,68.92333333333333,66.04666666666667,68.7575,12,12,12
2019-07-01,2019,7,-0.4999999999999998,-0.8660254037844388,1.601465,113.043824,107.458279,1.601465,0.0980391508461409,1.6014646048809311,1869.7391304347825,219.08097660066332,1381,2191,1381,1868,1869.7391304347825,1869.7391304347825,23,810,487,35.26430123099205,63.92,-0.46714419184054057,-13.91245791245791,12,0,0,113.043824,107.458279,1.601465,127.389809,139.270295,10.401491,122.618252,124.53519,3.434597,122.641969,127.429759,3.508772,339.456033,435.863234,318.75,1.304094,1.008746,0.414577,0.007429,-1.158301,112.821516,112.599207,112.488053,111.487665,109.912256,107.353031,107.353031,106.721542,105.669062,105.764498,1.2246467991473532e-16,0.49999999999999994,0.8660254037844387,0.49999999999999994,-0.4999999999999998,-1,-0.8660254037844387,-0.49999999999999983,0.8660254037844387,-0.8660254037844388,1.304094,1.008746,0.414577,0.007429,-1.158301,0,0.5917165252353751,0.39603934316425615,0.4000006878986051,-0.19493150531491032,1.304093667300843,1.0087463859695944,0.4145767416441348,0.00742940559870231,-1.1583005015937453,1174.4,1035.6666666666667,773.25,1063.3181818181818,1649.7727272727273,91.56958814849071,46.66404754554981,91.15624238808766,183.50045708095047,89.43735866818253,1062,936,672,668,1422,1354,1107,1011,1282,1774,1103,1031,685,1282,1422,1354,1096,1011,668,1747,1174.4,1035.6666666666667,773.25,1063.3181818181818,1649.7727272727273,1174.4,1035.6666666666667,773.25,1063.3181818181818,1649.7727272727273,20,21,20,22,22,292,171,339,614,352,251,65,326,-614,325,22.756119673617413,6.304558680892347,47.5912408759124,-47.893915756630264,22.855133614627277,64.22,71.32,71.23,59.41,74.25,-9.955131800336503,0.12635125649302914,7.695796794677956,3.5739191073919097,-0.21502486224969086,-13.694395914527613,-7.35255910626138,-1.220357786714732,-13.998262883613199,53.155940594059416,12,12,12,12,12,0,0,0,0,0,0,0,0,0,0,112.821516,112.599207,112.488053,111.487665,109.912256,107.353031,107.353031,106.721542,105.669062,105.764498,1.304094,1.008746,0.414577,0.007429,-1.158301,127.011235,126.504351,125.569699,121.695471,120.06973,138.516917,137.441731,135.11998,125.645336,126.148926,7.165594,3.999188,3.625614,1.615081,0.531533,122.32845,122.183785,122.255103,121.695136,118.312599,125.29609,125.782452,126.190736,125.999054,120.399937,3.911472,4.448962,5.309096,5.746545,2.947621,122.170269,121.855802,121.384103,118.86837,117.92497,127.429759,126.997794,126.565829,125.845887,123.110106,3.751465,3.521127,3.048066,2.944641,3.012048,280.469657,201.496161,178.909092,159.896954,102.698044,363.424488,234.370993,199.206553,169.844245,104.086743,252.129472,126.315789,92.359932,63.728814,6.283662,1.3047683333333333,0.7101664999999999,-0.012404166666666624,107.38811366666667,106.84433183333334,106.05998066666666,1359.9352657004831,1027.03906142167,1204.5943577859339,66.48666666666666,66.79833333333333,67.89666666666666,12,12,12
2019-08-01,2019,8,-0.8660254037844384,-0.5000000000000004,1.9,113.043824,107.458279,1.9,0,1.8999998302587917,1981.857142857143,211.20967916132201,1712,2378,1812,2378,1981.857142857143,1981.857142857143,21,666,566,31.23620309050772,59.04,-7.634543178973718,-18.59920033089756,12,0,0,113.043824,107.458279,1.9,127.649129,139.456685,11.280287,122.738577,125.156087,4.105997,122.956435,128.149701,4.215457,400.879863,516.741447,393.120805,1.601465,1.304094,1.008746,-0.183642,-1.352657,113.043824,112.821516,112.599207,111.709974,109.912256,107.458279,107.353031,107.353031,105.879558,105.454641,-0.4999999999999998,1.2246467991473532e-16,0.49999999999999994,0.8660254037844386,-0.8660254037844384,-0.8660254037844388,-1,-0.8660254037844387,0.5000000000000001,-0.5000000000000004,1.601465,1.304094,1.008746,-0.183642,-1.352657,0.0980391508461409,0,0.5917165252353751,0.1992030552897317,-0.292968818326933,1.6014646048809311,1.304093667300843,1.0087463859695944,-0.18364099582449667,-1.352657009349989,1869.7391304347825,1174.4,1035.6666666666667,628.75,1710.409090909091,219.08097660066332,91.56958814849071,46.66404754554981,18.034688796871432,46.64216270705446,1381,1062,936,595,1579,2191,1354,1107,658,1773,1381,1103,1031,645,1760,1868,1354,1096,658,1579,1869.7391304347825,1174.4,1035.6666666666667,628.75,1710.409090909091,1869.7391304347825,1174.4,1035.6666666666667,628.75,1710.409090909091,23,20,21,20,22,810,292,171,63,194,487,251,65,13,-181,35.26430123099205,22.756119673617413,6.304558680892347,2.0155038759689825,-10.284090909090903,63.92,64.22,71.32,63.96,72.53,-0.46714419184054057,-9.955131800336503,0.12635125649302914,7.658643326039405,-2.3164983164983166,-13.91245791245791,-13.694395914527613,-7.35255910626138,-2.0820575627679028,40.29013539651838,12,12,12,12,12,0,0,0,0,0,0,0,0,0,0,113.043824,112.821516,112.599207,111.709974,109.912256,107.458279,107.353031,107.353031,105.879558,105.454641,1.601465,1.304094,1.008746,-0.183642,-1.352657,127.389809,127.011235,126.504351,122.694026,120.440575,139.270295,138.516917,137.441731,127.781673,125.320207,10.401491,7.165594,3.999188,1.09474,-1.154977,122.618252,122.32845,122.183785,121.590915,118.353098,124.53519,125.29609,125.782452,126.487766,120.219862,3.434597,3.911472,4.448962,5.885086,2.65688,122.641969,122.170269,121.855802,119.81177,117.767737,127.429759,127.429759,126.997794,125.845887,122.966118,3.508772,3.751465,3.521127,2.823529,3.140097,339.456033,280.469657,201.496161,162.496904,103.185534,435.863234,363.424488,234.370993,175.8222,104.790031,318.75,252.129472,126.315789,69.779287,7.581227,1.601853,1.0574401666666666,0.25865058333333324,107.42319633333334,107.107452,106.2269505,1675.3320910973084,1252.5569185645272,1227.2150287816048,62.39333333333333,65.97833333333334,66.7725,12,12,12
2019-09-01,2019,9,-1,-1.8369701987210297e-16,2.500589,113.154978,107.774023,2.500589,0.29382938470472464,2.500589092465111,2254.714285714286,208.65381445282586,1823,2518,2442,1823,2254.714285714286,2254.714285714286,21,695,-619,-25.348075348075348,62.83,6.419376693766932,-20.35745975408797,12,0,0,113.154978,107.774023,2.500589,127.842997,139.907076,11.226267,123.1319,125.90393,4.362941,123.270902,128.437678,4.084014,471.89101,617.66339,483.554817,1.9,1.601465,1.304094,0.115759,-0.972763,113.043824,113.043824,112.821516,111.821128,109.912256,107.458279,107.458279,107.353031,106.30055,105.144784,-0.8660254037844384,-0.4999999999999998,1.2246467991473532e-16,1,-1,-0.5000000000000004,-0.8660254037844388,-1,6.123233995736766e-17,-1.8369701987210297e-16,1.9,1.601465,1.304094,0.115759,-0.972763,0,0.0980391508461409,0,0.39761405124112414,-0.2938296475733071,1.8999998302587917,1.6014646048809311,1.304093667300843,0.11575883585281943,-0.9727622501309985,1981.857142857143,1869.7391304347825,1174.4,680.4285714285714,1447.35,211.20967916132201,219.08097660066332,91.56958814849071,24.691236154902064,63.845434243054605,1712,1381,1062,645,1356,2378,2191,1354,730,1557,1812,1381,1103,664,1557,2378,1868,1354,689,1540,1981.857142857143,1869.7391304347825,1174.4,680.4285714285714,1447.35,1981.857142857143,1869.7391304347825,1174.4,680.4285714285714,1447.35,21,23,20,21,20,666,810,292,85,201,566,487,251,25,-17,31.23620309050772,35.26430123099205,22.756119673617413,3.765060240963858,-1.0918432883750828,59.04,63.92,64.22,66.14,78.89,-7.634543178973718,-0.46714419184054057,-9.955131800336503,3.408380237648534,8.768785330208196,-18.59920033089756,-13.91245791245791,-13.694395914527613,0.18176310209028212,40.49866429207481,12,12,12,12,12,0,0,0,0,0,0,0,0,0,0,113.043824,113.043824,112.821516,111.821128,109.912256,107.458279,107.458279,107.353031,106.30055,105.144784,1.9,1.601465,1.304094,0.115759,-0.972763,127.649129,127.389809,127.011235,124.586199,121.666865,139.456685,139.270295,138.516917,132.560364,125.786003,11.280287,10.401491,7.165594,3.281082,0.501871,122.738577,122.618252,122.32845,121.822809,119.245734,125.156087,124.53519,125.29609,126.484702,120.640458,4.105997,3.434597,3.911472,5.827029,2.511544,122.956435,122.641969,122.170269,120.755169,118.39667,128.149701,127.429759,127.429759,126.277852,123.398083,4.215457,3.508772,3.751465,3.176471,3.502415,400.879863,339.456033,280.469657,169.646768,104.160516,516.741447,435.863234,363.424488,184.789132,105.844965,393.120805,318.75,252.129472,78.438031,7.885305,2.0006846666666664,1.4549118333333333,0.5480965833333332,107.56352700000001,107.35303083333334,106.44605375,2035.4368530020704,1514.9378709454797,1294.495385924462,61.93,65.42666666666666,65.43416666666667,12,12,12
2019-10-01,2019,10,-0.8660254037844386,0.5000000000000001,2.549077,113.266133,107.668775,2.549077,-0.0976561856654512,2.549076939703765,1825.8695652173913,57.60942500843392,1731,1929,1809,1731,1825.8695652173913,1825.8695652173913,23,198,-78,-4.311774461028195,59.71,-4.965780678020049,-26.311242749598918,12,0,0,113.266133,107.668775,2.549077,128.267449,140.711417,13.875456,123.369205,126.189771,3.975529,123.270902,128.29369,3.846154,654.700028,916.385308,620.885201,2.500589,1.9,1.601465,0.414577,-1.116245,113.154978,113.043824,113.043824,112.488053,110.615405,107.774023,107.458279,107.458279,106.721542,104.992437,-1,-0.8660254037844384,-0.4999999999999998,0.8660254037844387,-0.8660254037844386,-1.8369701987210297e-16,-0.5000000000000004,-0.8660254037844388,-0.49999999999999983,0.5000000000000001,2.500589,1.9,1.601465,0.414577,-1.116245,0.29382938470472464,0,0.0980391508461409,0.39603934316425615,-0.14489258925103332,2.500589092465111,1.8999998302587917,1.6014646048809311,0.4145767416441348,-1.1162453789705595,2254.714285714286,1981.857142857143,1869.7391304347825,773.25,1544.695652173913,208.65381445282586,211.20967916132201,219.08097660066332,91.15624238808766,30.750365530138893,1823,1712,1381,672,1490,2518,2378,2191,1011,1584,2442,1812,1381,685,1555,1823,2378,1868,1011,1490,2254.714285714286,1981.857142857143,1869.7391304347825,773.25,1544.695652173913,2254.714285714286,1981.857142857143,1869.7391304347825,773.25,1544.695652173913,21,21,23,20,23,695,666,810,339,94,-619,566,487,326,-65,-25.348075348075348,31.23620309050772,35.26430123099205,47.5912408759124,-4.180064308681675,62.83,59.04,63.92,71.23,81.03,6.419376693766932,-7.634543178973718,-0.46714419184054057,7.695796794677956,2.712637850171129,-20.35745975408797,-18.59920033089756,-13.91245791245791,-1.220357786714732,40.89723526343245,12,12,12,12,12,0,0,0,0,0,0,0,0,0,0,113.154978,113.043824,113.043824,112.488053,110.615405,107.774023,107.458279,107.458279,106.721542,104.992437,2.500589,1.9,1.601465,0.414577,-1.116245,127.842997,127.649129,127.389809,125.569699,120.70083,139.907076,139.456685,139.270295,135.11998,123.566063,11.226267,11.280287,10.401491,3.625614,0.516706,123.1319,122.738577,122.618252,122.255103,119.752667,125.90393,125.156087,124.53519,126.190736,121.364875,4.362941,4.105997,3.434597,5.309096,3.011562,123.270902,122.956435,122.641969,121.384103,119.025603,128.437678,128.149701,127.429759,126.565829,123.542072,4.084014,4.215457,3.508772,3.048066,3.0012,471.89101,400.879863,339.456033,178.909092,121.222691,617.66339,516.741447,435.863234,199.206553,127.119451,483.554817,393.120805,318.75,92.359932,26.842105,2.3165553333333335,1.8106618333333333,0.8535400833333333,107.63369233333333,107.510903,106.66908191666667,2020.8136645962734,1690.3744651483782,1317.926545344752,60.526666666666664,63.50666666666667,63.6575,12,12,12
2019-11-01,2019,11,-0.5000000000000004,0.8660254037844384,2.600688,113.377287,107.879271,2.600688,0.1955032923890876,2.6006872580574214,1419.2857142857142,130.9042179828988,1255,1697,1697,1528,1419.2857142857142,1419.2857142857142,21,442,-169,-9.958750736593991,63.21,5.861664712778425,-2.3783783783783763,12,0,0,113.377287,107.879271,2.600688,129.036857,142.46009,15.462229,123.547356,126.734169,2.873338,123.428135,128.725655,3.712297,769.097849,1123.679682,671.859903,2.549077,2.500589,1.9,1.008746,-0.779727,113.266133,113.154978,113.043824,112.599207,111.050707,107.668775,107.774023,107.458279,107.353031,105.144784,-0.8660254037844386,-1,-0.8660254037844384,0.49999999999999994,-0.5000000000000004,0.5000000000000001,-1.8369701987210297e-16,-0.5000000000000004,-0.8660254037844387,0.8660254037844384,2.549077,2.500589,1.9,1.008746,-0.779727,-0.0976561856654512,0.29382938470472464,0,0.5917165252353751,0.14510283250213085,2.549076939703765,2.500589092465111,1.8999998302587917,1.0087463859695944,-0.7797269649134075,1825.8695652173913,2254.714285714286,1981.857142857143,1035.6666666666667,1192,57.60942500843392,208.65381445282586,211.20967916132201,46.66404754554981,163.1980975612738,1731,1823,1712,936,1003,1929,2518,2378,1107,1470,1809,2442,1812,1031,1470,1731,1823,2378,1096,1231,1825.8695652173913,2254.714285714286,1981.857142857143,1035.6666666666667,1192,1825.8695652173913,2254.714285714286,1981.857142857143,1035.6666666666667,1192,23,21,21,21,22,198,695,666,171,467,-78,-619,566,65,-239,-4.311774461028195,-25.348075348075348,31.23620309050772,6.304558680892347,-16.258503401360546,59.71,62.83,59.04,71.32,64.75,-4.965780678020049,6.419376693766932,-7.634543178973718,0.12635125649302914,-20.091324200913242,-26.311242749598918,-20.35745975408797,-18.59920033089756,-7.35255910626138,3.2530696858555253,12,12,12,12,12,0,0,0,0,0,0,0,0,0,0,113.266133,113.154978,113.043824,112.599207,111.050707,107.668775,107.774023,107.458279,107.353031,105.144784,2.549077,2.500589,1.9,1.008746,-0.779727,128.267449,127.842997,127.649129,126.504351,120.483799,140.711417,139.907076,139.456685,137.441731,123.382419,13.875456,11.226267,11.280287,3.999188,1.724423,123.369205,123.1319,122.738577,122.183785,120.564744,126.189771,125.90393,125.156087,125.782452,123.194378,3.975529,4.362941,4.105997,4.448962,4.715829,123.270902,123.270902,122.956435,121.855802,119.182836,128.29369,128.437678,128.149701,126.997794,124.118025,3.846154,4.084014,4.215457,3.521127,3.110048,654.700028,471.89101,400.879863,201.496161,132.434977,916.385308,617.66339,516.741447,234.370993,145.580782,620.885201,483.554817,393.120805,126.315789,42.758621,2.550118,2.0759855,1.135241333333333,107.774023,107.59860966666668,106.89695583333334,1833.2898550724638,1754.3109730848862,1336.867021535228,61.916666666666664,62.155,63.52916666666667,12,12,12
2019-12-01,2019,12,-2.4492935982947064e-16,1,3,113.599595,108.405511,3,0.48780455700336844,2.9999999334904714,1380.7058823529412,190.54880106743073,1090,1606,1568,1090,1380.7058823529412,1380.7058823529412,17,516,-478,-30.484693877551017,67.31,6.486315456415137,17.346582984658298,12,0,0,113.599595,108.405511,3,129.952411,144.429756,15.841858,123.369205,126.019646,1.746501,123.742602,129.013632,3.944316,896.332925,1300.732638,719.269103,2.600688,2.549077,2.500589,1.304094,-0.195886,113.377287,113.266133,113.154978,112.821516,111.154203,107.879271,107.668775,107.774023,107.353031,105.248069,-0.5000000000000004,-0.8660254037844386,-1,1.2246467991473532e-16,-2.4492935982947064e-16,0.8660254037844384,0.5000000000000001,-1.8369701987210297e-16,-1,1,2.600688,2.549077,2.500589,1.304094,-0.195886,0.1955032923890876,-0.0976561856654512,0.29382938470472464,0,0.09823121611054475,2.6006872580574214,2.549076939703765,2.500589092465111,1.304093667300843,-0.19588706389886967,1419.2857142857142,1825.8695652173913,2254.714285714286,1174.4,1335.125,130.9042179828988,57.60942500843392,208.65381445282586,91.56958814849071,61.57150314877817,1255,1731,1823,1062,1203,1697,1929,2518,1354,1406,1697,1809,2442,1103,1203,1528,1731,1823,1354,1271,1419.2857142857142,1825.8695652173913,2254.714285714286,1174.4,1335.125,1419.2857142857142,1825.8695652173913,2254.714285714286,1174.4,1335.125,21,23,21,20,16,442,198,695,292,203,-169,-78,-619,251,68,-9.958750736593991,-4.311774461028195,-25.348075348075348,22.756119673617413,5.652535328345798,63.21,59.71,62.83,64.22,57.36,5.861664712778425,-4.965780678020049,6.419376693766932,-9.955131800336503,-11.41312741312741,-2.3783783783783763,-26.311242749598918,-20.35745975408797,-13.694395914527613,-10.89016622650304,12,12,12,12,12,0,0,0,0,0,0,0,0,0,0,113.377287,113.266133,113.154978,112.821516,111.154203,107.879271,107.668775,107.774023,107.353031,105.248069,2.600688,2.549077,2.500589,1.304094,-0.195886,129.036857,128.267449,127.842997,127.011235,121.272867,142.46009,140.711417,139.907076,138.516917,124.678383,15.462229,13.875456,11.226267,7.165594,2.538532,123.547356,123.369205,123.1319,122.32845,120.287543,126.734169,126.189771,125.90393,125.29609,123.856492,2.873338,3.975529,4.362941,3.911472,5.164258,123.428135,123.270902,123.270902,122.170269,119.025603,128.725655,128.29369,128.437678,127.429759,124.118025,3.712297,3.846154,4.084014,3.751465,2.741359,769.097849,654.700028,471.89101,280.469657,144.297251,1123.679682,916.385308,617.66339,363.424488,158.767447,671.859903,620.885201,483.554817,252.129472,53.571429,2.716588333333333,2.3586365,1.4015651666666669,107.984519,107.774023,107.160076,1541.9537206186822,1788.6952868103763,1340.6654283979733,63.410000000000004,62.67,64.35833333333333,12,12,12
2020-01-01,2020,1,0.49999999999999994,0.8660254037844387,3.286853,114.044212,109.142248,3.286853,0.6796121278372924,3.286852304982135,726.04,146.6783555948184,487,976,976,487,726.04,726.04,25,489,-489,-50.10245901639344,63.65,-5.4375278561877955,7.136845648880663,12,0,0,114.044212,109.142248,3.286853,130.682953,145.893986,16.115719,124.188698,128.750143,2.18342,124.057069,130.597505,3.775744,916.320044,1333.963034,685.403727,3,2.600688,2.549077,1.601465,0.007429,113.599595,113.377287,113.266133,113.043824,111.487665,108.405511,107.879271,107.668775,107.458279,105.669062,-2.4492935982947064e-16,-0.5000000000000004,-0.8660254037844386,-0.4999999999999998,0.49999999999999994,1,0.8660254037844384,0.5000000000000001,-0.8660254037844388,0.8660254037844387,3,2.600688,2.549077,1.601465,0.007429,0.48780455700336844,0.1955032923890876,-0.0976561856654512,0.0980391508461409,0.4000006878986051,2.9999999334904714,2.6006872580574214,2.549076939703765,1.6014646048809311,0.00742940559870231,1380.7058823529412,1419.2857142857142,1825.8695652173913,1869.7391304347825,1063.3181818181818,190.54880106743073,130.9042179828988,57.60942500843392,219.08097660066332,183.50045708095047,1090,1255,1731,1381,668,1606,1697,1929,2191,1282,1568,1697,1809,1381,1282,1090,1528,1731,1868,668,1380.7058823529412,1419.2857142857142,1825.8695652173913,1869.7391304347825,1063.3181818181818,1380.7058823529412,1419.2857142857142,1825.8695652173913,1869.7391304347825,1063.3181818181818,17,21,23,23,22,516,442,198,810,614,-478,-169,-78,487,-614,-30.484693877551017,-9.958750736593991,-4.311774461028195,35.26430123099205,-47.893915756630264,67.31,63.21,59.71,63.92,59.41,6.486315456415137,5.861664712778425,-4.965780678020049,-0.46714419184054057,3.5739191073919097,17.346582984658298,-2.3783783783783763,-26.311242749598918,-13.91245791245791,-13.998262883613199,12,12,12,12,12,0,0,0,0,0,0,0,0,0,0,113.599595,113.377287,113.266133,113.043824,111.487665,108.405511,107.879271,107.668775,107.458279,105.669062,3,2.600688,2.549077,1.601465,0.007429,129.952411,129.036857,128.267449,127.389809,121.695471,144.429756,142.46009,140.711417,139.270295,125.645336,15.841858,15.462229,13.875456,10.401491,1.615081,123.369205,123.547356,123.369205,122.618252,121.695136,126.019646,126.734169,126.189771,124.53519,125.999054,1.746501,2.873338,3.975529,3.434597,5.746545,123.742602,123.428135,123.270902,122.641969,118.86837,129.013632,128.725655,128.29369,127.429759,125.845887,3.944316,3.712297,3.846154,3.508772,2.944641,896.332925,769.097849,654.700028,339.456033,159.896954,1300.732638,1123.679682,916.385308,435.863234,169.844245,719.269103,671.859903,620.885201,318.75,63.728814,2.9625136666666667,2.6395345,1.6748504999999998,108.47567666666667,108.05468450000001,107.44950816666667,1175.3438655462185,1598.078765071246,1312.5589132464581,64.72333333333333,62.625,64.71166666666667,12,12,12
2020-02-01,2020,2,0.8660254037844386,0.5000000000000001,3.578529,114.155366,109.668488,3.578529,0.4821597590696447,3.5785283501089005,460.6,41.61275108222934,411,535,466,535,460.6,460.6,20,124,69,14.806866952789699,55.66,-12.553024351924591,-12.976860537836155,12,0,0,114.155366,109.668488,3.578529,131.495729,147.873802,15.723795,124.571721,129.983545,2.763729,125.157702,131.173458,4.23341,1040.305182,1424.687289,710.3,3.286853,3,2.600688,1.9,-0.183642,114.044212,113.599595,113.377287,113.043824,111.709974,109.142248,108.405511,107.879271,107.458279,105.879558,0.49999999999999994,-2.4492935982947064e-16,-0.5000000000000004,-0.8660254037844384,0.8660254037844386,0.8660254037844387,1,0.8660254037844384,-0.5000000000000004,0.5000000000000001,3.286853,3,2.600688,1.9,-0.183642,0.6796121278372924,0.48780455700336844,0.1955032923890876,0,0.1992030552897317,3.286852304982135,2.9999999334904714,2.6006872580574214,1.8999998302587917,-0.18364099582449667,726.04,1380.7058823529412,1419.2857142857142,1981.857142857143,628.75,146.6783555948184,190.54880106743073,130.9042179828988,211.20967916132201,18.034688796871432,487,1090,1255,1712,595,976,1606,1697,2378,658,976,1568,1697,1812,645,487,1090,1528,2378,658,726.04,1380.7058823529412,1419.2857142857142,1981.857142857143,628.75,726.04,1380.7058823529412,1419.2857142857142,1981.857142857143,628.75,25,17,21,21,20,489,516,442,666,63,-489,-478,-169,566,13,-50.10245901639344,-30.484693877551017,-9.958750736593991,31.23620309050772,2.0155038759689825,63.65,67.31,63.21,59.04,63.96,-5.4375278561877955,6.486315456415137,5.861664712778425,-7.634543178973718,7.658643326039405,7.136845648880663,17.346582984658298,-2.3783783783783763,-18.59920033089756,-2.0820575627679028,12,12,12,12,12,0,0,0,0,0,0,0,0,0,0,114.044212,113.599595,113.377287,113.043824,111.709974,109.142248,108.405511,107.879271,107.458279,105.879558,3.286853,3,2.600688,1.9,-0.183642,130.682953,129.952411,129.036857,127.649129,122.694026,145.893986,144.429756,142.46009,139.456685,127.781673,16.115719,15.841858,15.462229,11.280287,1.09474,124.188698,123.369205,123.547356,122.738577,121.590915,128.750143,126.019646,126.734169,125.156087,126.487766,2.18342,1.746501,2.873338,4.105997,5.885086,124.057069,123.742602,123.428135,122.956435,119.81177,130.597505,129.013632,128.725655,128.149701,125.845887,3.775744,3.944316,3.712297,4.215457,2.823529,916.320044,896.332925,769.097849,400.879863,162.496904,1333.963034,1300.732638,1123.679682,516.741447,175.8222,685.403727,719.269103,671.859903,393.120805,69.779287,3.2884606666666665,2.9192893333333334,1.98836475,109.07208233333333,108.42305266666666,107.76525233333334,855.7819607843137,1344.5359079283887,1298.546413246458,62.20666666666666,62.06166666666667,64.02,12,12,12
2020-03-01,2020,3,1,6.123233995736766e-17,3.366337,114.26652,109.878984,3.366337,0.1919384536422264,3.3663362983540557,601.0909090909091,32.340317003642745,539,633,539,626,601.0909090909091,601.0909090909091,22,94,87,16.141001855287573,32.01,-42.490118577075094,-51.60266102207439,12,0,0,114.26652,109.878984,3.366337,131.865402,148.737192,12.203367,124.691016,130.157698,2.903905,125.786635,131.461435,4.104903,1316.874913,1676.640502,807.326356,3.578529,3.286853,3,2.500589,0.115759,114.155366,114.044212,113.599595,113.154978,111.821128,109.668488,109.142248,108.405511,107.774023,106.30055,0.8660254037844386,0.49999999999999994,-2.4492935982947064e-16,-1,1,0.5000000000000001,0.8660254037844387,1,-1.8369701987210297e-16,6.123233995736766e-17,3.578529,3.286853,3,2.500589,0.115759,0.4821597590696447,0.6796121278372924,0.48780455700336844,0.29382938470472464,0.39761405124112414,3.5785283501089005,3.286852304982135,2.9999999334904714,2.500589092465111,0.11575883585281943,460.6,726.04,1380.7058823529412,2254.714285714286,680.4285714285714,41.61275108222934,146.6783555948184,190.54880106743073,208.65381445282586,24.691236154902064,411,487,1090,1823,645,535,976,1606,2518,730,466,976,1568,2442,664,535,487,1090,1823,689,460.6,726.04,1380.7058823529412,2254.714285714286,680.4285714285714,460.6,726.04,1380.7058823529412,2254.714285714286,680.4285714285714,20,25,17,21,21,124,489,516,695,85,69,-489,-478,-619,25,14.806866952789699,-50.10245901639344,-30.484693877551017,-25.348075348075348,3.765060240963858,55.66,63.65,67.31,62.83,66.14,-12.553024351924591,-5.4375278561877955,6.486315456415137,6.419376693766932,3.408380237648534,-12.976860537836155,7.136845648880663,17.346582984658298,-20.35745975408797,0.18176310209028212,12,12,12,12,12,0,0,0,0,0,0,0,0,0,0,114.155366,114.044212,113.599595,113.154978,111.821128,109.668488,109.142248,108.405511,107.774023,106.30055,3.578529,3.286853,3,2.500589,0.115759,131.495729,130.682953,129.952411,127.842997,124.586199,147.873802,145.893986,144.429756,139.907076,132.560364,15.723795,16.115719,15.841858,11.226267,3.281082,124.571721,124.188698,123.369205,123.1319,121.822809,129.983545,128.750143,126.019646,125.90393,126.484702,2.763729,2.18342,1.746501,4.362941,5.827029,125.157702,124.057069,123.742602,123.270902,120.755169,131.173458,130.597505,129.013632,128.437678,126.277852,4.23341,3.775744,3.944316,4.084014,3.176471,1040.305182,916.320044,896.332925,471.89101,169.646768,1424.687289,1333.963034,1300.732638,617.66339,184.789132,710.3,685.403727,719.269103,483.554817,78.438031,3.410573,3.0635806666666667,2.25924625,109.56324,108.77387949999999,108.06345516666667,595.910303030303,1068.9320118244927,1291.9349413849861,50.44,56.925,61.17583333333333,12,12,12
2020-04-01,2020,4,0.8660254037844387,-0.49999999999999983,3.155819,115.266908,110.089481,3.155819,0.19157166578824825,3.1558192815467345,663.9,49.365340494169224,596,757,624,635,663.9,663.9,20,161,11,1.7628205128205066,18.38,-42.58044361137144,-74.1962656184192,12,0,0,115.266908,110.089481,3.155819,133.116794,151.372142,12.027949,124.263877,131.543245,4.241603,125.000468,131.893401,4.209329,1549.245487,2152.239554,980.406002,3.366337,3.578529,3.286853,2.549077,0.414577,114.26652,114.155366,114.044212,113.266133,112.488053,109.878984,109.668488,109.142248,107.668775,106.721542,1,0.8660254037844386,0.49999999999999994,-0.8660254037844386,0.8660254037844387,6.123233995736766e-17,0.5000000000000001,0.8660254037844387,0.5000000000000001,-0.49999999999999983,3.366337,3.578529,3.286853,2.549077,0.414577,0.1919384536422264,0.4821597590696447,0.6796121278372924,-0.0976561856654512,0.39603934316425615,3.3663362983540557,3.5785283501089005,3.286852304982135,2.549076939703765,0.4145767416441348,601.0909090909091,460.6,726.04,1825.8695652173913,773.25,32.340317003642745,41.61275108222934,146.6783555948184,57.60942500843392,91.15624238808766,539,411,487,1731,672,633,535,976,1929,1011,539,466,976,1809,685,626,535,487,1731,1011,601.0909090909091,460.6,726.04,1825.8695652173913,773.25,601.0909090909091,460.6,726.04,1825.8695652173913,773.25,22,20,25,23,20,94,124,489,198,339,87,69,-489,-78,326,16.141001855287573,14.806866952789699,-50.10245901639344,-4.311774461028195,47.5912408759124,32.01,55.66,63.65,59.71,71.23,-42.490118577075094,-12.553024351924591,-5.4375278561877955,-4.965780678020049,7.695796794677956,-51.60266102207439,-12.976860537836155,7.136845648880663,-26.311242749598918,-1.220357786714732,12,12,12,12,12,0,0,0,0,0,0,0,0,0,0,114.26652,114.155366,114.044212,113.266133,112.488053,109.878984,109.668488,109.142248,107.668775,106.721542,3.366337,3.578529,3.286853,2.549077,0.414577,131.865402,131.495729,130.682953,128.267449,125.569699,148.737192,147.873802,145.893986,140.711417,135.11998,12.203367,15.723795,16.115719,13.875456,3.625614,124.691016,124.571721,124.188698,123.369205,122.255103,130.157698,129.983545,128.750143,126.189771,126.190736,2.903905,2.763729,2.18342,3.975529,5.309096,125.786635,125.157702,124.057069,123.270902,121.384103,131.461435,131.173458,130.597505,128.29369,126.565829,4.104903,4.23341,3.775744,3.846154,3.048066,1316.874913,1040.305182,916.320044,654.700028,178.909092,1676.640502,1424.687289,1333.963034,916.385308,199.206553,807.326356,710.3,685.403727,620.885201,92.359932,3.366895,3.1647043333333333,2.487683083333333,109.87898433333334,109.1773305,108.34411675,575.1969696969697,875.2704176215941,1282.8224413849862,35.349999999999994,50.03666666666667,56.77166666666667,12,12,12
2020-05-01,2020,5,0.49999999999999994,-0.8660254037844387,3.137255,115.266908,110.720969,3.137255,0.5736133863688542,3.1372546900888088,489.10526315789474,63.23052597602426,393,617,617,504,489.10526315789474,489.10526315789474,19,224,-113,-18.314424635332248,29.38,59.847660500544066,-58.80538418395962,12,0,0,115.266908,110.720969,3.137255,133.247831,151.513334,10.238231,124.700846,131.691249,4.697632,124.214302,132.325366,4.195011,1783.72852,2469.071159,953.488372,3.155819,3.366337,3.578529,2.600688,1.008746,115.266908,114.26652,114.155366,113.377287,112.599207,110.089481,109.878984,109.668488,107.879271,107.353031,0.8660254037844387,1,0.8660254037844386,-0.5000000000000004,0.49999999999999994,-0.49999999999999983,6.123233995736766e-17,0.5000000000000001,0.8660254037844384,-0.8660254037844387,3.155819,3.366337,3.578529,2.600688,1.008746,0.19157166578824825,0.1919384536422264,0.4821597590696447,0.1955032923890876,0.5917165252353751,3.1558192815467345,3.3663362983540557,3.5785283501089005,2.6006872580574214,1.0087463859695944,663.9,601.0909090909091,460.6,1419.2857142857142,1035.6666666666667,49.365340494169224,32.340317003642745,41.61275108222934,130.9042179828988,46.66404754554981,596,539,411,1255,936,757,633,535,1697,1107,624,539,466,1697,1031,635,626,535,1528,1096,663.9,601.0909090909091,460.6,1419.2857142857142,1035.6666666666667,663.9,601.0909090909091,460.6,1419.2857142857142,1035.6666666666667,20,22,20,21,21,161,94,124,442,171,11,87,69,-169,65,1.7628205128205066,16.141001855287573,14.806866952789699,-9.958750736593991,6.304558680892347,18.38,32.01,55.66,63.21,71.32,-42.58044361137144,-42.490118577075094,-12.553024351924591,5.861664712778425,0.12635125649302914,-74.1962656184192,-51.60266102207439,-12.976860537836155,-2.3783783783783763,-7.35255910626138,12,12,12,12,12,0,0,0,0,0,0,0,0,0,0,115.266908,114.26652,114.155366,113.377287,112.599207,110.089481,109.878984,109.668488,107.879271,107.353031,3.155819,3.366337,3.578529,2.600688,1.008746,133.116794,131.865402,131.495729,129.036857,126.504351,151.372142,148.737192,147.873802,142.46009,137.441731,12.027949,12.203367,15.723795,15.462229,3.999188,124.263877,124.691016,124.571721,123.547356,122.183785,131.543245,130.157698,129.983545,126.734169,125.782452,4.241603,2.903905,2.763729,2.873338,4.448962,125.000468,125.786635,125.157702,123.428135,121.855802,131.893401,131.461435,131.173458,128.725655,126.997794,4.209329,4.104903,4.23341,3.712297,3.521127,1549.245487,1316.874913,1040.305182,769.097849,201.496161,2152.239554,1676.640502,1424.687289,1123.679682,234.370993,980.406002,807.326356,710.3,671.859903,126.315789,3.219803666666667,3.2541321666666665,2.665058833333333,110.22981133333333,109.65094683333334,108.62477825,584.6987240829346,720.2403424336242,1237.2756577592552,26.59,44.39833333333333,53.276666666666664,12,12,12
2020-06-01,2020,6,1.2246467991473532e-16,-1,3.627451,113.821904,111.247209,3.627451,0.4752848577399993,3.6274504443195354,1146.4545454545453,480.2573444343323,520,1799,520,1799,1146.4545454545453,1146.4545454545453,22,1279,1279,245.96153846153848,40.27,37.06603131381894,-37.29367798193709,12,0,0,113.821904,111.247209,3.627451,132.835424,149.614683,8.011849,124.951954,131.23969,4.743643,124.843235,132.613343,4.067797,2348.405263,3400.92882,835.800677,3.137255,3.155819,3.366337,3,1.304094,115.266908,115.266908,114.26652,113.599595,112.821516,110.720969,110.089481,109.878984,108.405511,107.353031,0.49999999999999994,0.8660254037844387,1,-2.4492935982947064e-16,1.2246467991473532e-16,-0.8660254037844387,-0.49999999999999983,6.123233995736766e-17,1,-1,3.137255,3.155819,3.366337,3,1.304094,0.5736133863688542,0.19157166578824825,0.1919384536422264,0.48780455700336844,0,3.1372546900888088,3.1558192815467345,3.3663362983540557,2.9999999334904714,1.304093667300843,489.10526315789474,663.9,601.0909090909091,1380.7058823529412,1174.4,63.23052597602426,49.365340494169224,32.340317003642745,190.54880106743073,91.56958814849071,393,596,539,1090,1062,617,757,633,1606,1354,617,624,539,1568,1103,504,635,626,1090,1354,489.10526315789474,663.9,601.0909090909091,1380.7058823529412,1174.4,489.10526315789474,663.9,601.0909090909091,1380.7058823529412,1174.4,19,20,22,17,20,224,161,94,516,292,-113,11,87,-478,251,-18.314424635332248,1.7628205128205066,16.141001855287573,-30.484693877551017,22.756119673617413,29.38,18.38,32.01,67.31,64.22,59.847660500544066,-42.58044361137144,-42.490118577075094,6.486315456415137,-9.955131800336503,-58.80538418395962,-74.1962656184192,-51.60266102207439,17.346582984658298,-13.694395914527613,12,12,12,12,12,0,0,0,0,0,0,0,0,0,0,115.266908,115.266908,114.26652,113.599595,112.821516,110.720969,110.089481,109.878984,108.405511,107.353031,3.137255,3.155819,3.366337,3,1.304094,133.247831,133.116794,131.865402,129.952411,127.011235,151.513334,151.372142,148.737192,144.429756,138.516917,10.238231,12.027949,12.203367,15.841858,7.165594,124.700846,124.263877,124.691016,123.369205,122.32845,131.691249,131.543245,130.157698,126.019646,125.29609,4.697632,4.241603,2.903905,1.746501,3.911472,124.214302,125.000468,125.786635,123.742602,122.170269,132.325366,131.893401,131.461435,129.013632,127.429759,4.195011,4.209329,4.104903,3.944316,3.751465,1783.72852,1549.245487,1316.874913,896.332925,280.469657,2469.071159,2152.239554,1676.640502,1300.732638,363.424488,953.488372,980.406002,807.326356,719.269103,252.129472,3.3068416666666667,3.3587073333333333,2.8586719166666668,110.68588633333333,110.12456316666666,108.94929308333333,766.4866028708134,681.1984529505581,1234.9468698804674,29.343333333333334,39.891666666666666,51.280833333333334,12,12,12
2020-07-01,2020,7,-0.4999999999999998,-0.8660254037844388,3.917728,114.044212,111.668202,3.917728,0.3784301680772817,3.9177279211776606,1632.8260869565217,233.5490316777795,1264,1956,1803,1350,1632.8260869565217,1632.8260869565217,23,692,-453,-25.124792013311147,43.24,7.375217283337476,-32.35294117647059,12,0,0,114.044212,111.668202,3.917728,132.943845,148.230946,6.434001,125.177061,132.104373,6.077947,126.572801,132.757331,4.180791,3182.826867,4692.870348,976.684147,3.627451,3.137255,3.155819,3.286853,1.601465,113.821904,115.266908,115.266908,114.044212,113.043824,111.247209,110.720969,110.089481,109.142248,107.458279,1.2246467991473532e-16,0.49999999999999994,0.8660254037844387,0.49999999999999994,-0.4999999999999998,-1,-0.8660254037844387,-0.49999999999999983,0.8660254037844387,-0.8660254037844388,3.627451,3.137255,3.155819,3.286853,1.601465,0.4752848577399993,0.5736133863688542,0.19157166578824825,0.6796121278372924,0.0980391508461409,3.6274504443195354,3.1372546900888088,3.1558192815467345,3.286852304982135,1.6014646048809311,1146.4545454545453,489.10526315789474,663.9,726.04,1869.7391304347825,480.2573444343323,63.23052597602426,49.365340494169224,146.6783555948184,219.08097660066332,520,393,596,487,1381,1799,617,757,976,2191,520,617,624,976,1381,1799,504,635,487,1868,1146.4545454545453,489.10526315789474,663.9,726.04,1869.7391304347825,1146.4545454545453,489.10526315789474,663.9,726.04,1869.7391304347825,22,19,20,25,23,1279,224,161,489,810,1279,-113,11,-489,487,245.96153846153848,-18.314424635332248,1.7628205128205066,-50.10245901639344,35.26430123099205,40.27,29.38,18.38,63.65,63.92,37.06603131381894,59.847660500544066,-42.58044361137144,-5.4375278561877955,-0.46714419184054057,-37.29367798193709,-58.80538418395962,-74.1962656184192,7.136845648880663,-13.91245791245791,12,12,12,12,12,0,0,0,0,0,0,0,0,0,0,113.821904,115.266908,115.266908,114.044212,113.043824,111.247209,110.720969,110.089481,109.142248,107.458279,3.627451,3.137255,3.155819,3.286853,1.601465,132.835424,133.247831,133.116794,130.682953,127.389809,149.614683,151.513334,151.372142,145.893986,139.270295,8.011849,10.238231,12.027949,16.115719,10.401491,124.951954,124.700846,124.263877,124.188698,122.618252,131.23969,131.691249,131.543245,128.750143,124.53519,4.743643,4.697632,4.241603,2.18342,3.434597,124.843235,124.214302,125.000468,124.057069,122.641969,132.613343,132.325366,131.893401,130.597505,127.429759,4.067797,4.195011,4.209329,3.775744,3.508772,2348.405263,1783.72852,1549.245487,916.320044,339.456033,3400.92882,2469.071159,2152.239554,1333.963034,435.863234,835.800677,953.488372,980.406002,685.403727,318.75,3.5608113333333336,3.4638531666666665,3.051693833333333,111.21212666666666,110.5455555,109.30011999999999,1089.461965189654,832.3294674433118,1215.2041162572789,37.63,36.49,49.5575,12,12,12
2020-08-01,2020,8,-0.8660254037844384,-0.5000000000000004,4.3095,114.26652,112.089194,4.3095,0.3770025776899333,4.30950043411733,1522.0588235294117,52.79615349179723,1385,1598,1385,1488,1522.0588235294117,1522.0588235294117,17,213,103,7.4368231046931355,44.74,3.4690101757631764,-24.220867208672082,12,0,0,114.26652,112.089194,4.3095,133.212596,146.865582,5.312687,125.703964,133.703027,6.829025,126.730035,132.90132,3.707865,3451.43425,4988.603289,865.396393,3.917728,3.627451,3.137255,3.578529,1.9,114.044212,113.821904,115.266908,114.155366,113.043824,111.668202,111.247209,110.720969,109.668488,107.458279,-0.4999999999999998,1.2246467991473532e-16,0.49999999999999994,0.8660254037844386,-0.8660254037844384,-0.8660254037844388,-1,-0.8660254037844387,0.5000000000000001,-0.5000000000000004,3.917728,3.627451,3.137255,3.578529,1.9,0.3784301680772817,0.4752848577399993,0.5736133863688542,0.4821597590696447,0,3.9177279211776606,3.6274504443195354,3.1372546900888088,3.5785283501089005,1.8999998302587917,1632.8260869565217,1146.4545454545453,489.10526315789474,460.6,1981.857142857143,233.5490316777795,480.2573444343323,63.23052597602426,41.61275108222934,211.20967916132201,1264,520,393,411,1712,1956,1799,617,535,2378,1803,520,617,466,1812,1350,1799,504,535,2378,1632.8260869565217,1146.4545454545453,489.10526315789474,460.6,1981.857142857143,1632.8260869565217,1146.4545454545453,489.10526315789474,460.6,1981.857142857143,23,22,19,20,21,692,1279,224,124,666,-453,1279,-113,69,566,-25.124792013311147,245.96153846153848,-18.314424635332248,14.806866952789699,31.23620309050772,43.24,40.27,29.38,55.66,59.04,7.375217283337476,37.06603131381894,59.847660500544066,-12.553024351924591,-7.634543178973718,-32.35294117647059,-37.29367798193709,-58.80538418395962,-12.976860537836155,-18.59920033089756,12,12,12,12,12,0,0,0,0,0,0,0,0,0,0,114.044212,113.821904,115.266908,114.155366,113.043824,111.668202,111.247209,110.720969,109.668488,107.458279,3.917728,3.627451,3.137255,3.578529,1.9,132.943845,132.835424,133.247831,131.495729,127.649129,148.230946,149.614683,151.513334,147.873802,139.456685,6.434001,8.011849,10.238231,15.723795,11.280287,125.177061,124.951954,124.700846,124.571721,122.738577,132.104373,131.23969,131.691249,129.983545,125.156087,6.077947,4.743643,4.697632,2.763729,4.105997,126.572801,124.843235,124.214302,125.157702,122.956435,132.757331,132.613343,132.325366,131.173458,128.149701,4.180791,4.067797,4.195011,4.23341,4.215457,3182.826867,2348.405263,1783.72852,1040.305182,400.879863,4692.870348,3400.92882,2469.071159,1424.687289,516.741447,976.684147,835.800677,953.488372,710.3,393.120805,3.951559666666667,3.585681666666667,3.2524855,111.66820166666666,110.9490065,109.68602958333334,1433.7798186468262,1009.2392713648804,1176.8875896466345,42.75,34.67,48.365833333333335,12,12,12
2020-09-01,2020,9,-1,-1.8369701987210297e-16,4.199219,115.155754,112.29969,4.199219,0.18779330325098265,4.199218767216295,1410.7727272727273,151.3869000491572,1267,1725,1471,1725,1410.7727272727273,1410.7727272727273,22,458,254,17.26716519374576,40.91,-8.560572194903903,-34.8877924558332,12,0,0,115.155754,112.29969,4.199219,133.210249,147.101724,5.142447,126.106911,134.239016,6.620196,126.887268,133.045308,3.587444,3583.381736,5092.338387,724.452035,4.3095,3.917728,3.627451,3.366337,2.500589,114.26652,114.044212,113.821904,114.26652,113.154978,112.089194,111.668202,111.247209,109.878984,107.774023,-0.8660254037844384,-0.4999999999999998,1.2246467991473532e-16,1,-1,-0.5000000000000004,-0.8660254037844388,-1,6.123233995736766e-17,-1.8369701987210297e-16,4.3095,3.917728,3.627451,3.366337,2.500589,0.3770025776899333,0.3784301680772817,0.4752848577399993,0.1919384536422264,0.29382938470472464,4.30950043411733,3.9177279211776606,3.6274504443195354,3.3663362983540557,2.500589092465111,1522.0588235294117,1632.8260869565217,1146.4545454545453,601.0909090909091,2254.714285714286,52.79615349179723,233.5490316777795,480.2573444343323,32.340317003642745,208.65381445282586,1385,1264,520,539,1823,1598,1956,1799,633,2518,1385,1803,520,539,2442,1488,1350,1799,626,1823,1522.0588235294117,1632.8260869565217,1146.4545454545453,601.0909090909091,2254.714285714286,1522.0588235294117,1632.8260869565217,1146.4545454545453,601.0909090909091,2254.714285714286,17,23,22,22,21,213,692,1279,94,695,103,-453,1279,87,-619,7.4368231046931355,-25.124792013311147,245.96153846153848,16.141001855287573,-25.348075348075348,44.74,43.24,40.27,32.01,62.83,3.4690101757631764,7.375217283337476,37.06603131381894,-42.490118577075094,6.419376693766932,-24.220867208672082,-32.35294117647059,-37.29367798193709,-51.60266102207439,-20.35745975408797,12,12,12,12,12,0,0,0,0,0,0,0,0,0,0,114.26652,114.044212,113.821904,114.26652,113.154978,112.089194,111.668202,111.247209,109.878984,107.774023,4.3095,3.917728,3.627451,3.366337,2.500589,133.212596,132.943845,132.835424,131.865402,127.842997,146.865582,148.230946,149.614683,148.737192,139.907076,5.312687,6.434001,8.011849,12.203367,11.226267,125.703964,125.177061,124.951954,124.691016,123.1319,133.703027,132.104373,131.23969,130.157698,125.90393,6.829025,6.077947,4.743643,2.903905,4.362941,126.730035,126.572801,124.843235,125.786635,123.270902,132.90132,132.757331,132.613343,131.461435,128.437678,3.707865,4.180791,4.067797,4.104903,4.084014,3451.43425,3182.826867,2348.405263,1316.874913,471.89101,4988.603289,4692.870348,3400.92882,1676.640502,617.66339,865.396393,976.684147,835.800677,807.326356,483.554817,4.142149,3.7244953333333335,3.394038,112.01902866666667,111.3524575,110.0631685,1521.885879252887,1144.18624106185,1106.5591264431714,42.96333333333333,36.153333333333336,46.53916666666667,12,12,12
2020-10-01,2020,10,-0.8660254037844386,0.5000000000000001,4.301075,115.711525,112.29969,4.301075,0,4.301075218883099,1630.7727272727273,288.2475675060592,1283,2097,1869,1283,1630.7727272727273,1630.7727272727273,22,814,-586,-31.353665061530233,40.19,-1.7599608897580055,-32.691341483838556,12,0,0,115.711525,112.29969,4.301075,134.478004,148.905116,5.823051,126.172312,135.152221,7.102358,127.358968,134.917158,5.162738,3740.191249,5245.127879,472.37145,4.199219,4.3095,3.917728,3.155819,2.549077,115.155754,114.26652,114.044212,115.266908,113.266133,112.29969,112.089194,111.668202,110.089481,107.668775,-1,-0.8660254037844384,-0.4999999999999998,0.8660254037844387,-0.8660254037844386,-1.8369701987210297e-16,-0.5000000000000004,-0.8660254037844388,-0.49999999999999983,0.5000000000000001,4.199219,4.3095,3.917728,3.155819,2.549077,0.18779330325098265,0.3770025776899333,0.3784301680772817,0.19157166578824825,-0.0976561856654512,4.199218767216295,4.30950043411733,3.9177279211776606,3.1558192815467345,2.549076939703765,1410.7727272727273,1522.0588235294117,1632.8260869565217,663.9,1825.8695652173913,151.3869000491572,52.79615349179723,233.5490316777795,49.365340494169224,57.60942500843392,1267,1385,1264,596,1731,1725,1598,1956,757,1929,1471,1385,1803,624,1809,1725,1488,1350,635,1731,1410.7727272727273,1522.0588235294117,1632.8260869565217,663.9,1825.8695652173913,1410.7727272727273,1522.0588235294117,1632.8260869565217,663.9,1825.8695652173913,22,17,23,20,23,458,213,692,161,198,254,103,-453,11,-78,17.26716519374576,7.4368231046931355,-25.124792013311147,1.7628205128205066,-4.311774461028195,40.91,44.74,43.24,18.38,59.71,-8.560572194903903,3.4690101757631764,7.375217283337476,-42.58044361137144,-4.965780678020049,-34.8877924558332,-24.220867208672082,-32.35294117647059,-74.1962656184192,-26.311242749598918,12,12,12,12,12,0,0,0,0,0,0,0,0,0,0,115.155754,114.26652,114.044212,115.266908,113.266133,112.29969,112.089194,111.668202,110.089481,107.668775,4.199219,4.3095,3.917728,3.155819,2.549077,133.210249,133.212596,132.943845,133.116794,128.267449,147.101724,146.865582,148.230946,151.372142,140.711417,5.142447,5.312687,6.434001,12.027949,13.875456,126.106911,125.703964,125.177061,124.263877,123.369205,134.239016,133.703027,132.104373,131.543245,126.189771,6.620196,6.829025,6.077947,4.241603,3.975529,126.887268,126.730035,126.572801,125.000468,123.270902,133.045308,132.90132,132.757331,131.893401,128.29369,3.587444,3.707865,4.180791,4.209329,3.846154,3583.381736,3451.43425,3182.826867,1549.245487,654.700028,5092.338387,4988.603289,4692.870348,2152.239554,916.385308,724.452035,865.396393,976.684147,980.406002,620.885201,4.269931333333333,3.9153713333333333,3.5400378333333333,112.22952466666666,111.72082566666667,110.44907808333333,1521.2014260249555,1305.3316956073047,1090.3010566144494,41.946666666666665,39.788333333333334,44.9125,12,12,12
2020-11-01,2020,11,-0.5000000000000004,0.8660254037844384,4.292683,115.933833,112.510186,4.292683,0.18744130104011436,4.2926828825159635,1183.65,50.786731586735904,1111,1284,1284,1227,1183.65,1183.65,20,173,-57,-4.439252336448596,42.69,6.220452848967395,-32.46321784527765,12,0,0,115.933833,112.510186,4.292683,135.919605,151.125266,6.082528,126.301036,135.540261,6.948476,127.358968,135.781088,5.480984,3858.001505,5450.312387,385.041465,4.301075,4.199219,4.3095,3.137255,2.600688,115.711525,115.155754,114.26652,115.266908,113.377287,112.29969,112.29969,112.089194,110.720969,107.879271,-0.8660254037844386,-1,-0.8660254037844384,0.49999999999999994,-0.5000000000000004,0.5000000000000001,-1.8369701987210297e-16,-0.5000000000000004,-0.8660254037844387,0.8660254037844384,4.301075,4.199219,4.3095,3.137255,2.600688,0,0.18779330325098265,0.3770025776899333,0.5736133863688542,0.1955032923890876,4.301075218883099,4.199218767216295,4.30950043411733,3.1372546900888088,2.6006872580574214,1630.7727272727273,1410.7727272727273,1522.0588235294117,489.10526315789474,1419.2857142857142,288.2475675060592,151.3869000491572,52.79615349179723,63.23052597602426,130.9042179828988,1283,1267,1385,393,1255,2097,1725,1598,617,1697,1869,1471,1385,617,1697,1283,1725,1488,504,1528,1630.7727272727273,1410.7727272727273,1522.0588235294117,489.10526315789474,1419.2857142857142,1630.7727272727273,1410.7727272727273,1522.0588235294117,489.10526315789474,1419.2857142857142,22,22,17,19,21,814,458,213,224,442,-586,254,103,-113,-169,-31.353665061530233,17.26716519374576,7.4368231046931355,-18.314424635332248,-9.958750736593991,40.19,40.91,44.74,29.38,63.21,-1.7599608897580055,-8.560572194903903,3.4690101757631764,59.847660500544066,5.861664712778425,-32.691341483838556,-34.8877924558332,-24.220867208672082,-58.80538418395962,-2.3783783783783763,12,12,12,12,12,0,0,0,0,0,0,0,0,0,0,115.711525,115.155754,114.26652,115.266908,113.377287,112.29969,112.29969,112.089194,110.720969,107.879271,4.301075,4.199219,4.3095,3.137255,2.600688,134.478004,133.210249,133.212596,133.247831,129.036857,148.905116,147.101724,146.865582,151.513334,142.46009,5.823051,5.142447,5.312687,10.238231,15.462229,126.172312,126.106911,125.703964,124.700846,123.547356,135.152221,134.239016,133.703027,131.691249,126.734169,7.102358,6.620196,6.829025,4.697632,2.873338,127.358968,126.887268,126.730035,124.214302,123.428135,134.917158,133.045308,132.90132,132.325366,128.725655,5.162738,3.587444,3.707865,4.195011,3.712297,3740.191249,3583.381736,3451.43425,1783.72852,769.097849,5245.127879,5092.338387,4988.603289,2469.071159,1123.679682,472.37145,724.452035,865.396393,953.488372,671.859903,4.264325666666667,4.107942666666666,3.681037416666667,112.36985533333333,112.0190285,110.83498766666666,1408.398484848485,1421.0891517476555,1070.6647470906398,41.26333333333333,42.00666666666667,43.2025,12,12,12
2020-12-01,2020,12,-2.4492935982947064e-16,1,3.592233,116.044988,112.29969,3.592233,-0.18709061595543197,3.5922334243689846,1243.6666666666667,79.98749902328488,1121,1366,1211,1366,1243.6666666666667,1243.6666666666667,18,245,155,12.799339388934762,49.99,17.10002342468964,-25.73168919922746,12,0,0,116.044988,112.29969,3.592233,137.25235,154.84881,7.213925,126.313595,135.637466,7.632,127.516201,136.645019,5.915179,4020.9859,5806.528164,346.404434,4.292683,4.301075,4.199219,3.627451,3,115.933833,115.711525,115.155754,113.821904,113.599595,112.510186,112.29969,112.29969,111.247209,108.405511,-0.5000000000000004,-0.8660254037844386,-1,1.2246467991473532e-16,-2.4492935982947064e-16,0.8660254037844384,0.5000000000000001,-1.8369701987210297e-16,-1,1,4.292683,4.301075,4.199219,3.627451,3,0.18744130104011436,0,0.18779330325098265,0.4752848577399993,0.48780455700336844,4.2926828825159635,4.301075218883099,4.199218767216295,3.6274504443195354,2.9999999334904714,1183.65,1630.7727272727273,1410.7727272727273,1146.4545454545453,1380.7058823529412,50.786731586735904,288.2475675060592,151.3869000491572,480.2573444343323,190.54880106743073,1111,1283,1267,520,1090,1284,2097,1725,1799,1606,1284,1869,1471,520,1568,1227,1283,1725,1799,1090,1183.65,1630.7727272727273,1410.7727272727273,1146.4545454545453,1380.7058823529412,1183.65,1630.7727272727273,1410.7727272727273,1146.4545454545453,1380.7058823529412,20,22,22,22,17,173,814,458,1279,516,-57,-586,254,1279,-478,-4.439252336448596,-31.353665061530233,17.26716519374576,245.96153846153848,-30.484693877551017,42.69,40.19,40.91,40.27,67.31,6.220452848967395,-1.7599608897580055,-8.560572194903903,37.06603131381894,6.486315456415137,-32.46321784527765,-32.691341483838556,-34.8877924558332,-37.29367798193709,17.346582984658298,12,12,12,12,12,0,0,0,0,0,0,0,0,0,0,115.933833,115.711525,115.155754,113.821904,113.599595,112.510186,112.29969,112.29969,111.247209,108.405511,4.292683,4.301075,4.199219,3.627451,3,135.919605,134.478004,133.210249,132.835424,129.952411,151.125266,148.905116,147.101724,149.614683,144.429756,6.082528,5.823051,5.142447,8.011849,15.841858,126.301036,126.172312,126.106911,124.951954,123.369205,135.540261,135.152221,134.239016,131.23969,126.019646,6.948476,7.102358,6.620196,4.743643,1.746501,127.358968,127.358968,126.887268,124.843235,123.742602,135.781088,134.917158,133.045308,132.613343,129.013632,5.480984,5.162738,3.587444,4.067797,3.944316,3858.001505,3740.191249,3583.381736,2348.405263,896.332925,5450.312387,5245.127879,5092.338387,3400.92882,1300.732638,385.041465,472.37145,724.452035,835.800677,719.269103,4.061997,4.102073,3.7303901666666666,112.36985533333333,112.194442,111.15950258333334,1352.6964646464646,1437.2911719496758,1059.244812450117,44.29,43.626666666666665,41.759166666666665,12,12,12
2021-01-01,2021,1,0.49999999999999994,0.8660254037844387,3.375121,116.600759,112.82593,3.375121,0.4686032526002526,3.37512014595851,1657.5,171.43312337315004,1374,1856,1374,1452,1657.5,1657.5,20,482,78,5.676855895196509,54.77,9.5619123824765,-13.95129615082482,12,0,0,116.600759,112.82593,3.375121,138.123728,157.252556,7.785496,127.513256,135.478273,5.225727,127.987901,137.508949,5.292172,4239.219243,6261.731841,369.408198,3.592233,4.292683,4.301075,3.917728,3.286853,116.044988,115.933833,115.711525,114.044212,114.044212,112.29969,112.510186,112.29969,111.668202,109.142248,-2.4492935982947064e-16,-0.5000000000000004,-0.8660254037844386,-0.4999999999999998,0.49999999999999994,1,0.8660254037844384,0.5000000000000001,-0.8660254037844388,0.8660254037844387,3.592233,4.292683,4.301075,3.917728,3.286853,-0.18709061595543197,0.18744130104011436,0,0.3784301680772817,0.6796121278372924,3.5922334243689846,4.2926828825159635,4.301075218883099,3.9177279211776606,3.286852304982135,1243.6666666666667,1183.65,1630.7727272727273,1632.8260869565217,726.04,79.98749902328488,50.786731586735904,288.2475675060592,233.5490316777795,146.6783555948184,1121,1111,1283,1264,487,1366,1284,2097,1956,976,1211,1284,1869,1803,976,1366,1227,1283,1350,487,1243.6666666666667,1183.65,1630.7727272727273,1632.8260869565217,726.04,1243.6666666666667,1183.65,1630.7727272727273,1632.8260869565217,726.04,18,20,22,23,25,245,173,814,692,489,155,-57,-586,-453,-489,12.799339388934762,-4.439252336448596,-31.353665061530233,-25.124792013311147,-50.10245901639344,49.99,42.69,40.19,43.24,63.65,17.10002342468964,6.220452848967395,-1.7599608897580055,7.375217283337476,-5.4375278561877955,-25.73168919922746,-32.46321784527765,-32.691341483838556,-32.35294117647059,7.136845648880663,12,12,12,12,12,0,0,0,0,0,0,0,0,0,0,116.044988,115.933833,115.711525,114.044212,114.044212,112.29969,112.510186,112.29969,111.668202,109.142248,3.592233,4.292683,4.301075,3.917728,3.286853,137.25235,135.919605,134.478004,132.943845,130.682953,154.84881,151.125266,148.905116,148.230946,145.893986,7.213925,6.082528,5.823051,6.434001,16.115719,126.313595,126.301036,126.172312,125.177061,124.188698,135.637466,135.540261,135.152221,132.104373,128.750143,7.632,6.948476,7.102358,6.077947,2.18342,127.516201,127.358968,127.358968,126.572801,124.057069,136.645019,135.781088,134.917158,132.757331,130.597505,5.915179,5.480984,5.162738,4.180791,3.775744,4020.9859,3858.001505,3740.191249,3182.826867,916.320044,5806.528164,5450.312387,5245.127879,4692.870348,1333.963034,346.404434,385.041465,472.37145,976.684147,685.403727,3.7533456666666667,4.0116385,3.7377458333333333,112.54526866666667,112.38739666666666,111.46647608333333,1361.6055555555556,1441.4034907902555,1136.8664791167837,49.15,45.54833333333333,41.01916666666666,12,12,12
2021-02-01,2021,2,0.8660254037844386,0.5000000000000001,3.646833,116.934221,113.667915,3.646833,0.7462690535765981,3.6468333547190035,1499.6,189.42861452272726,1303,1770,1444,1675,1499.6,1499.6,20,467,231,15.997229916897515,62.28,13.711886069015877,11.893639956881064,12,0,0,116.934221,113.667915,3.646833,139.092078,158.53171,7.207435,127.967971,137.104316,5.47821,128.931301,137.796926,5.049396,4385.628954,6538.651806,358.95347400000003,3.375121,3.592233,4.292683,4.3095,3.578529,116.600759,116.044988,115.933833,114.26652,114.155366,112.82593,112.29969,112.510186,112.089194,109.668488,0.49999999999999994,-2.4492935982947064e-16,-0.5000000000000004,-0.8660254037844384,0.8660254037844386,0.8660254037844387,1,0.8660254037844384,-0.5000000000000004,0.5000000000000001,3.375121,3.592233,4.292683,4.3095,3.578529,0.4686032526002526,-0.18709061595543197,0.18744130104011436,0.3770025776899333,0.4821597590696447,3.37512014595851,3.5922334243689846,4.2926828825159635,4.30950043411733,3.5785283501089005,1657.5,1243.6666666666667,1183.65,1522.0588235294117,460.6,171.43312337315004,79.98749902328488,50.786731586735904,52.79615349179723,41.61275108222934,1374,1121,1111,1385,411,1856,1366,1284,1598,535,1374,1211,1284,1385,466,1452,1366,1227,1488,535,1657.5,1243.6666666666667,1183.65,1522.0588235294117,460.6,1657.5,1243.6666666666667,1183.65,1522.0588235294117,460.6,20,18,20,17,20,482,245,173,213,124,78,155,-57,103,69,5.676855895196509,12.799339388934762,-4.439252336448596,7.4368231046931355,14.806866952789699,54.77,49.99,42.69,44.74,55.66,9.5619123824765,17.10002342468964,6.220452848967395,3.4690101757631764,-12.553024351924591,-13.95129615082482,-25.73168919922746,-32.46321784527765,-24.220867208672082,-12.976860537836155,12,12,12,12,12,0,0,0,0,0,0,0,0,0,0,116.600759,116.044988,115.933833,114.26652,114.155366,112.82593,112.29969,112.510186,112.089194,109.668488,3.375121,3.592233,4.292683,4.3095,3.578529,138.123728,137.25235,135.919605,133.212596,131.495729,157.252556,154.84881,151.125266,146.865582,147.873802,7.785496,7.213925,6.082528,5.312687,15.723795,127.513256,126.313595,126.301036,125.703964,124.571721,135.478273,135.637466,135.540261,133.703027,129.983545,5.225727,7.632,6.948476,6.829025,2.763729,127.987901,127.516201,127.358968,126.730035,125.157702,137.508949,136.645019,135.781088,132.90132,131.173458,5.292172,5.915179,5.480984,3.707865,4.23341,4239.219243,4020.9859,3858.001505,3451.43425,1040.305182,6261.731841,5806.528164,5450.312387,4988.603289,1424.687289,369.408198,346.404434,385.041465,865.396393,710.3,3.5380623333333334,3.9011940000000003,3.7434378333333336,112.93117833333334,112.65051683333333,111.79976166666667,1466.9222222222222,1437.6603535353536,1223.449812450117,55.68,48.471666666666664,41.57083333333333,12,12,12
2021-03-01,2021,3,1,6.123233995736766e-17,7.324234,120.661666,117.926778,7.324234,3.7467591448299142,7.324234086474624,2017.608695652174,195.40441493347603,1651,2319,1651,2046,2017.608695652174,2017.608695652174,23,668,395,23.924894003634158,65.41,5.025690430314711,104.34239300218681,12,0,0,120.661666,117.926778,7.324234,139.642695,158.588646,6.623397,128.59706,138.776001,6.621432,129.717467,138.948834,5.695509,4484.589568,6703.221386,299.800755,3.646833,3.375121,3.592233,4.199219,3.366337,116.934221,116.600759,116.044988,115.155754,114.26652,113.667915,112.82593,112.29969,112.29969,109.878984,0.8660254037844386,0.49999999999999994,-2.4492935982947064e-16,-1,1,0.5000000000000001,0.8660254037844387,1,-1.8369701987210297e-16,6.123233995736766e-17,3.646833,3.375121,3.592233,4.199219,3.366337,0.7462690535765981,0.4686032526002526,-0.18709061595543197,0.18779330325098265,0.1919384536422264,3.6468333547190035,3.37512014595851,3.5922334243689846,4.199218767216295,3.3663362983540557,1499.6,1657.5,1243.6666666666667,1410.7727272727273,601.0909090909091,189.42861452272726,171.43312337315004,79.98749902328488,151.3869000491572,32.340317003642745,1303,1374,1121,1267,539,1770,1856,1366,1725,633,1444,1374,1211,1471,539,1675,1452,1366,1725,626,1499.6,1657.5,1243.6666666666667,1410.7727272727273,601.0909090909091,1499.6,1657.5,1243.6666666666667,1410.7727272727273,601.0909090909091,20,20,18,22,22,467,482,245,458,94,231,78,155,254,87,15.997229916897515,5.676855895196509,12.799339388934762,17.26716519374576,16.141001855287573,62.28,54.77,49.99,40.91,32.01,13.711886069015877,9.5619123824765,17.10002342468964,-8.560572194903903,-42.490118577075094,11.893639956881064,-13.95129615082482,-25.73168919922746,-34.8877924558332,-51.60266102207439,12,12,12,12,12,0,0,0,0,0,0,0,0,0,0,116.934221,116.600759,116.044988,115.155754,114.26652,113.667915,112.82593,112.29969,112.29969,109.878984,3.646833,3.375121,3.592233,4.199219,3.366337,139.092078,138.123728,137.25235,133.210249,131.865402,158.53171,157.252556,154.84881,147.101724,148.737192,7.207435,7.785496,7.213925,5.142447,12.203367,127.967971,127.513256,126.313595,126.106911,124.691016,137.104316,135.478273,135.637466,134.239016,130.157698,5.47821,5.225727,7.632,6.620196,2.903905,128.931301,127.987901,127.516201,126.887268,125.786635,137.796926,137.508949,136.645019,133.045308,131.461435,5.049396,5.292172,5.915179,3.587444,4.104903,4385.628954,4239.219243,4020.9859,3583.381736,1316.874913,6538.651806,6261.731841,5806.528164,5092.338387,1676.640502,358.95347400000003,369.408198,346.404434,724.452035,807.326356,4.782062666666667,4.422029833333333,4.073262583333333,114.80687433333333,113.58836483333333,112.47041116666666,1724.9028985507246,1538.7996815985946,1341.4929613302224,60.82,52.555,44.354166666666664,12,12,12
2021-04-01,2021,4,0.8660254037844387,-0.49999999999999983,11.907553,124.204929,123.198443,11.907553,4.470286638374876,11.907551821413342,2475.05,357.99168984768346,2072,3053,2072,3053,2475.05,2475.05,20,981,981,47.34555984555983,64.81,-0.9172909341079283,252.6115342763874,12,0,0,124.204929,123.198443,11.907553,140.785982,161.28738,6.550239,129.061358,139.313029,5.906638,130.660867,140.244729,6.331878,4555.763213,6814.165194,216.60812,7.324234,3.646833,3.375121,4.301075,3.155819,120.661666,116.934221,116.600759,115.711525,115.266908,117.926778,113.667915,112.82593,112.29969,110.089481,1,0.8660254037844386,0.49999999999999994,-0.8660254037844386,0.8660254037844387,6.123233995736766e-17,0.5000000000000001,0.8660254037844387,0.5000000000000001,-0.49999999999999983,7.324234,3.646833,3.375121,4.301075,3.155819,3.7467591448299142,0.7462690535765981,0.4686032526002526,0,0.19157166578824825,7.324234086474624,3.6468333547190035,3.37512014595851,4.301075218883099,3.1558192815467345,2017.608695652174,1499.6,1657.5,1630.7727272727273,663.9,195.40441493347603,189.42861452272726,171.43312337315004,288.2475675060592,49.365340494169224,1651,1303,1374,1283,596,2319,1770,1856,2097,757,1651,1444,1374,1869,624,2046,1675,1452,1283,635,2017.608695652174,1499.6,1657.5,1630.7727272727273,663.9,2017.608695652174,1499.6,1657.5,1630.7727272727273,663.9,23,20,20,22,20,668,467,482,814,161,395,231,78,-586,11,23.924894003634158,15.997229916897515,5.676855895196509,-31.353665061530233,1.7628205128205066,65.41,62.28,54.77,40.19,18.38,5.025690430314711,13.711886069015877,9.5619123824765,-1.7599608897580055,-42.58044361137144,104.34239300218681,11.893639956881064,-13.95129615082482,-32.691341483838556,-74.1962656184192,12,12,12,12,12,0,0,0,0,0,0,0,0,0,0,120.661666,116.934221,116.600759,115.711525,115.266908,117.926778,113.667915,112.82593,112.29969,110.089481,7.324234,3.646833,3.375121,4.301075,3.155819,139.642695,139.092078,138.123728,134.478004,133.116794,158.588646,158.53171,157.252556,148.905116,151.372142,6.623397,7.207435,7.785496,5.823051,12.027949,128.59706,127.967971,127.513256,126.172312,124.263877,138.776001,137.104316,135.478273,135.152221,131.543245,6.621432,5.47821,5.225727,7.102358,4.241603,129.717467,128.931301,127.987901,127.358968,125.000468,138.948834,137.796926,137.508949,134.917158,131.893401,5.695509,5.049396,5.292172,5.162738,4.209329,4484.589568,4385.628954,4239.219243,3740.191249,1549.245487,6703.221386,6538.651806,6261.731841,5245.127879,2152.239554,299.800755,358.95347400000003,369.408198,472.37145,980.406002,7.626206666666667,5.689776166666666,4.80257375,118.26437866666666,115.40482366666666,113.56282466666667,1997.4195652173914,1679.5125603864735,1492.422127996889,64.16666666666667,56.65833333333333,48.223333333333336,12,12,12
2021-05-01,2021,5,0.49999999999999994,-0.8660254037844387,12.555894,124.849179,124.622976,12.555894,1.1562913989099588,12.555893545331953,2965.2631578947367,213.9854206106531,2596,3266,3157,2596,2965.2631578947367,2965.2631578947367,19,670,-561,-17.770034843205572,68.53,5.7398549606542115,133.25391422736556,12,0,0,124.849179,124.622976,12.555894,141.070385,161.941765,6.882847,129.401159,140.323243,6.554721,130.8181,141.252648,6.746464,4671.461009,6879.219408,178.61568,11.907553,7.324234,3.646833,4.292683,3.137255,124.204929,120.661666,116.934221,115.933833,115.266908,123.198443,117.926778,113.667915,112.510186,110.720969,0.8660254037844387,1,0.8660254037844386,-0.5000000000000004,0.49999999999999994,-0.49999999999999983,6.123233995736766e-17,0.5000000000000001,0.8660254037844384,-0.8660254037844387,11.907553,7.324234,3.646833,4.292683,3.137255,4.470286638374876,3.7467591448299142,0.7462690535765981,0.18744130104011436,0.5736133863688542,11.907551821413342,7.324234086474624,3.6468333547190035,4.2926828825159635,3.1372546900888088,2475.05,2017.608695652174,1499.6,1183.65,489.10526315789474,357.99168984768346,195.40441493347603,189.42861452272726,50.786731586735904,63.23052597602426,2072,1651,1303,1111,393,3053,2319,1770,1284,617,2072,1651,1444,1284,617,3053,2046,1675,1227,504,2475.05,2017.608695652174,1499.6,1183.65,489.10526315789474,2475.05,2017.608695652174,1499.6,1183.65,489.10526315789474,20,23,20,20,19,981,668,467,173,224,981,395,231,-57,-113,47.34555984555983,23.924894003634158,15.997229916897515,-4.439252336448596,-18.314424635332248,64.81,65.41,62.28,42.69,29.38,-0.9172909341079283,5.025690430314711,13.711886069015877,6.220452848967395,59.847660500544066,252.6115342763874,104.34239300218681,11.893639956881064,-32.46321784527765,-58.80538418395962,12,12,12,12,12,0,0,0,0,0,0,0,0,0,0,124.204929,120.661666,116.934221,115.933833,115.266908,123.198443,117.926778,113.667915,112.510186,110.720969,11.907553,7.324234,3.646833,4.292683,3.137255,140.785982,139.642695,139.092078,135.919605,133.247831,161.28738,158.588646,158.53171,151.125266,151.513334,6.550239,6.623397,7.207435,6.082528,10.238231,129.061358,128.59706,127.967971,126.301036,124.700846,139.313029,138.776001,137.104316,135.540261,131.691249,5.906638,6.621432,5.47821,6.948476,4.697632,130.660867,129.717467,128.931301,127.358968,124.214302,140.244729,138.948834,137.796926,135.781088,132.325366,6.331878,5.695509,5.049396,5.480984,4.195011,4555.763213,4484.589568,4385.628954,3858.001505,1783.72852,6814.165194,6703.221386,6538.651806,5450.312387,2469.071159,216.60812,299.800755,358.95347400000003,385.041465,953.488372,10.595893666666667,7.066978,5.5874603333333335,121.91606566666667,117.423622,114.72132524999999,2485.9739511823036,1976.448086702263,1698.7686192249594,66.25,60.965,51.48583333333333,12,12,12
2021-06-01,2021,6,1.2246467991473532e-16,-1,6.822327,123.184978,118.836858,6.822327,-4.642898272626706,6.822327560595265,2932,359.28752247959267,2420,3418,2568,3383,2932,2932,22,998,815,31.736760124610598,73.16,6.756165183131468,81.6737025080705,12,0,0,123.184978,118.836858,6.822327,141.186086,161.903595,8.213707,130.021031,140.770973,7.2625,131.132567,141.396637,6.623236,4852.807554,7099.700447,108.75769,12.555894,11.907553,7.324234,3.592233,3.627451,124.849179,124.204929,120.661666,116.044988,113.821904,124.622976,123.198443,117.926778,112.29969,111.247209,0.49999999999999994,0.8660254037844387,1,-2.4492935982947064e-16,1.2246467991473532e-16,-0.8660254037844387,-0.49999999999999983,6.123233995736766e-17,1,-1,12.555894,11.907553,7.324234,3.592233,3.627451,1.1562913989099588,4.470286638374876,3.7467591448299142,-0.18709061595543197,0.4752848577399993,12.555893545331953,11.907551821413342,7.324234086474624,3.5922334243689846,3.6274504443195354,2965.2631578947367,2475.05,2017.608695652174,1243.6666666666667,1146.4545454545453,213.9854206106531,357.99168984768346,195.40441493347603,79.98749902328488,480.2573444343323,2596,2072,1651,1121,520,3266,3053,2319,1366,1799,3157,2072,1651,1211,520,2596,3053,2046,1366,1799,2965.2631578947367,2475.05,2017.608695652174,1243.6666666666667,1146.4545454545453,2965.2631578947367,2475.05,2017.608695652174,1243.6666666666667,1146.4545454545453,19,20,23,18,22,670,981,668,245,1279,-561,981,395,155,1279,-17.770034843205572,47.34555984555983,23.924894003634158,12.799339388934762,245.96153846153848,68.53,64.81,65.41,49.99,40.27,5.7398549606542115,-0.9172909341079283,5.025690430314711,17.10002342468964,37.06603131381894,133.25391422736556,252.6115342763874,104.34239300218681,-25.73168919922746,-37.29367798193709,12,12,12,12,12,0,0,0,0,0,0,0,0,0,0,124.849179,124.204929,120.661666,116.044988,113.821904,124.622976,123.198443,117.926778,112.29969,111.247209,12.555894,11.907553,7.324234,3.592233,3.627451,141.070385,140.785982,139.642695,137.25235,132.835424,161.941765,161.28738,158.588646,154.84881,149.614683,6.882847,6.550239,6.623397,7.213925,8.011849,129.401159,129.061358,128.59706,126.313595,124.951954,140.323243,139.313029,138.776001,135.637466,131.23969,6.554721,5.906638,6.621432,7.632,4.743643,130.8181,130.660867,129.717467,127.516201,124.843235,141.252648,140.244729,138.948834,136.645019,132.613343,6.746464,6.331878,5.695509,5.915179,4.067797,4671.461009,4555.763213,4484.589568,4020.9859,2348.405263,6879.219408,6814.165194,6703.221386,5806.528164,3400.92882,178.61568,216.60812,299.800755,346.404434,835.800677,10.428591333333333,7.605327,5.8537,122.21942566666667,118.51315,115.353796,2790.771052631579,2257.8369755911517,1847.5640737704139,68.83333333333333,64.82666666666667,54.22666666666667,12,12,12
2021-07-01,2021,7,-0.4999999999999998,-0.8660254037844388,6.532611,124.166136,118.963051,6.532611,0.1061901182207281,6.53261077849181,3187.9545454545455,93.09159712103694,3039,3338,3338,3292,3187.9545454545455,3187.9545454545455,22,299,-46,-1.3780707010185744,75.17,2.7474029524330312,73.84366327474561,12,0,0,124.166136,118.963051,6.532611,141.645838,160.96849,8.59304,130.232299,140.153126,6.092723,132.547666,141.684614,6.724512,4977.117686,7277.984158,55.085984,6.822327,12.555894,11.907553,3.375121,3.917728,123.184978,124.849179,124.204929,116.600759,114.044212,118.836858,124.622976,123.198443,112.82593,111.668202,1.2246467991473532e-16,0.49999999999999994,0.8660254037844387,0.49999999999999994,-0.4999999999999998,-1,-0.8660254037844387,-0.49999999999999983,0.8660254037844387,-0.8660254037844388,6.822327,12.555894,11.907553,3.375121,3.917728,-4.642898272626706,1.1562913989099588,4.470286638374876,0.4686032526002526,0.3784301680772817,6.822327560595265,12.555893545331953,11.907551821413342,3.37512014595851,3.9177279211776606,2932,2965.2631578947367,2475.05,1657.5,1632.8260869565217,359.28752247959267,213.9854206106531,357.99168984768346,171.43312337315004,233.5490316777795,2420,2596,2072,1374,1264,3418,3266,3053,1856,1956,2568,3157,2072,1374,1803,3383,2596,3053,1452,1350,2932,2965.2631578947367,2475.05,1657.5,1632.8260869565217,2932,2965.2631578947367,2475.05,1657.5,1632.8260869565217,22,19,20,20,23,998,670,981,482,692,815,-561,981,78,-453,31.736760124610598,-17.770034843205572,47.34555984555983,5.676855895196509,-25.124792013311147,73.16,68.53,64.81,54.77,43.24,6.756165183131468,5.7398549606542115,-0.9172909341079283,9.5619123824765,7.375217283337476,81.6737025080705,133.25391422736556,252.6115342763874,-13.95129615082482,-32.35294117647059,12,12,12,12,12,0,0,0,0,0,0,0,0,0,0,123.184978,124.849179,124.204929,116.600759,114.044212,118.836858,124.622976,123.198443,112.82593,111.668202,6.822327,12.555894,11.907553,3.375121,3.917728,141.186086,141.070385,140.785982,138.123728,132.943845,161.903595,161.941765,161.28738,157.252556,148.230946,8.213707,6.882847,6.550239,7.785496,6.434001,130.021031,129.401159,129.061358,127.513256,125.177061,140.770973,140.323243,139.313029,135.478273,132.104373,7.2625,6.554721,5.906638,5.225727,6.077947,131.132567,130.8181,130.660867,127.987901,126.572801,141.396637,141.252648,140.244729,137.508949,132.757331,6.623236,6.746464,6.331878,5.292172,4.180791,4852.807554,4671.461009,4555.763213,4239.219243,3182.826867,7099.700447,6879.219408,6814.165194,6261.731841,4692.870348,108.75769,178.61568,216.60812,369.408198,976.684147,8.636944,8.131575333333334,6.071606916666667,120.80762833333333,119.53600349999999,115.96170008333333,3028.4059011164272,2512.912733166909,1977.1581119785824,72.28666666666666,68.22666666666666,56.8875,12,12,12
2021-08-01,2021,8,-0.8660254037844384,-0.5000000000000004,6.320939,124.280291,119.174283,6.320939,0.17756101430184135,6.320938484043337,3720,369.1682543231474,3281,4235,3282,4132,3720,3720,21,954,850,25.898842169408898,70.75,-5.880005321271787,58.13589628967366,12,0,0,124.280291,119.174283,6.320939,141.969246,162.365399,10.553744,130.034986,140.70929,5.240168,133.019366,141.972591,6.825569,5185.601214,7506.377197,50.470518,6.532611,6.822327,12.555894,3.646833,4.3095,124.166136,123.184978,124.849179,116.934221,114.26652,118.963051,118.836858,124.622976,113.667915,112.089194,-0.4999999999999998,1.2246467991473532e-16,0.49999999999999994,0.8660254037844386,-0.8660254037844384,-0.8660254037844388,-1,-0.8660254037844387,0.5000000000000001,-0.5000000000000004,6.532611,6.822327,12.555894,3.646833,4.3095,0.1061901182207281,-4.642898272626706,1.1562913989099588,0.7462690535765981,0.3770025776899333,6.53261077849181,6.822327560595265,12.555893545331953,3.6468333547190035,4.30950043411733,3187.9545454545455,2932,2965.2631578947367,1499.6,1522.0588235294117,93.09159712103694,359.28752247959267,213.9854206106531,189.42861452272726,52.79615349179723,3039,2420,2596,1303,1385,3338,3418,3266,1770,1598,3338,2568,3157,1444,1385,3292,3383,2596,1675,1488,3187.9545454545455,2932,2965.2631578947367,1499.6,1522.0588235294117,3187.9545454545455,2932,2965.2631578947367,1499.6,1522.0588235294117,22,22,19,20,17,299,998,670,467,213,-46,815,-561,231,103,-1.3780707010185744,31.736760124610598,-17.770034843205572,15.997229916897515,7.4368231046931355,75.17,73.16,68.53,62.28,44.74,2.7474029524330312,6.756165183131468,5.7398549606542115,13.711886069015877,3.4690101757631764,73.84366327474561,81.6737025080705,133.25391422736556,11.893639956881064,-24.220867208672082,12,12,12,12,12,0,0,0,0,0,0,0,0,0,0,124.166136,123.184978,124.849179,116.934221,114.26652,118.963051,118.836858,124.622976,113.667915,112.089194,6.532611,6.822327,12.555894,3.646833,4.3095,141.645838,141.186086,141.070385,139.092078,133.212596,160.96849,161.903595,161.941765,158.53171,146.865582,8.59304,8.213707,6.882847,7.207435,5.312687,130.232299,130.021031,129.401159,127.967971,125.703964,140.153126,140.770973,140.323243,137.104316,133.703027,6.092723,7.2625,6.554721,5.47821,6.829025,132.547666,131.132567,130.8181,128.931301,126.730035,141.684614,141.396637,141.252648,137.796926,132.90132,6.724512,6.623236,6.746464,5.049396,3.707865,4977.117686,4852.807554,4671.461009,4385.628954,3451.43425,7277.984158,7099.700447,6879.219408,6538.651806,4988.603289,55.085984,108.75769,178.61568,358.95347400000003,865.396393,6.558625666666667,8.577259666666667,6.239226833333333,118.99139733333334,120.4537315,116.55212416666666,3279.9848484848485,2882.9793998335763,2160.319876684465,73.02666666666667,69.63833333333334,59.055,12,12,12
2021-09-01,2021,9,-1,-1.8369701987210297e-16,6.349203,124.844844,119.429826,6.349203,0.2144279735251331,6.3492036353795855,4287.772727272727,462.35689490738457,3618,5197,4013,5167,4287.772727272727,4287.772727272727,22,1579,1154,28.756541240966847,74.49,5.28621908127207,82.08262038621363,12,0,0,124.844844,119.429826,6.349203,142.420085,162.48577,10.4581,130.4878,140.904982,4.965744,133.333833,141.972591,6.709957,5430.646546,7868.395107,54.51438,6.320939,6.532611,6.822327,7.324234,4.199219,124.280291,124.166136,123.184978,120.661666,115.155754,119.174283,118.963051,118.836858,117.926778,112.29969,-0.8660254037844384,-0.4999999999999998,1.2246467991473532e-16,1,-1,-0.5000000000000004,-0.8660254037844388,-1,6.123233995736766e-17,-1.8369701987210297e-16,6.320939,6.532611,6.822327,7.324234,4.199219,0.17756101430184135,0.1061901182207281,-4.642898272626706,3.7467591448299142,0.18779330325098265,6.320938484043337,6.53261077849181,6.822327560595265,7.324234086474624,4.199218767216295,3720,3187.9545454545455,2932,2017.608695652174,1410.7727272727273,369.1682543231474,93.09159712103694,359.28752247959267,195.40441493347603,151.3869000491572,3281,3039,2420,1651,1267,4235,3338,3418,2319,1725,3282,3338,2568,1651,1471,4132,3292,3383,2046,1725,3720,3187.9545454545455,2932,2017.608695652174,1410.7727272727273,3720,3187.9545454545455,2932,2017.608695652174,1410.7727272727273,21,22,22,23,22,954,299,998,668,458,850,-46,815,395,254,25.898842169408898,-1.3780707010185744,31.736760124610598,23.924894003634158,17.26716519374576,70.75,75.17,73.16,65.41,40.91,-5.880005321271787,2.7474029524330312,6.756165183131468,5.025690430314711,-8.560572194903903,58.13589628967366,73.84366327474561,81.6737025080705,104.34239300218681,-34.8877924558332,12,12,12,12,12,0,0,0,0,0,0,0,0,0,0,124.280291,124.166136,123.184978,120.661666,115.155754,119.174283,118.963051,118.836858,117.926778,112.29969,6.320939,6.532611,6.822327,7.324234,4.199219,141.969246,141.645838,141.186086,139.642695,133.210249,162.365399,160.96849,161.903595,158.588646,147.101724,10.553744,8.59304,8.213707,6.623397,5.142447,130.034986,130.232299,130.021031,128.59706,126.106911,140.70929,140.153126,140.770973,138.776001,134.239016,5.240168,6.092723,7.2625,6.621432,6.620196,133.019366,132.547666,131.132567,129.717467,126.887268,141.972591,141.684614,141.396637,138.948834,133.045308,6.825569,6.724512,6.623236,5.695509,3.587444,5185.601214,4977.117686,4852.807554,4484.589568,3583.381736,7506.377197,7277.984158,7099.700447,6703.221386,5092.338387,50.470518,55.085984,108.75769,299.800755,724.452035,6.4009176666666665,8.4147545,6.418392166666667,119.18905333333333,120.7042395,117.14630216666667,3731.909090909091,3261.340071770335,2400.069876684465,73.47,71.15166666666667,61.85333333333333,12,12,12
2021-10-01,2021,10,-0.8660254037844386,0.5000000000000001,6.815183,125.963055,119.953119,6.815183,0.4381593924452254,6.815182659898711,4819.952380952381,662.7014015520472,3519,5650,5202,3519,4819.952380952381,4819.952380952381,21,2131,-1683,-32.35294117647059,83.54,12.149281782789645,107.86265240109483,12,0,0,125.963055,119.953119,6.815183,143.151621,164.363138,10.381123,130.729865,142.154271,5.180863,133.805533,143.268486,6.189968,5778.227425,8463.201611,61.35358,6.349203,6.320939,6.532611,11.907553,4.301075,124.844844,124.280291,124.166136,124.204929,115.711525,119.429826,119.174283,118.963051,123.198443,112.29969,-1,-0.8660254037844384,-0.4999999999999998,0.8660254037844387,-0.8660254037844386,-1.8369701987210297e-16,-0.5000000000000004,-0.8660254037844388,-0.49999999999999983,0.5000000000000001,6.349203,6.320939,6.532611,11.907553,4.301075,0.2144279735251331,0.17756101430184135,0.1061901182207281,4.470286638374876,0,6.3492036353795855,6.320938484043337,6.53261077849181,11.907551821413342,4.301075218883099,4287.772727272727,3720,3187.9545454545455,2475.05,1630.7727272727273,462.35689490738457,369.1682543231474,93.09159712103694,357.99168984768346,288.2475675060592,3618,3281,3039,2072,1283,5197,4235,3338,3053,2097,4013,3282,3338,2072,1869,5167,4132,3292,3053,1283,4287.772727272727,3720,3187.9545454545455,2475.05,1630.7727272727273,4287.772727272727,3720,3187.9545454545455,2475.05,1630.7727272727273,22,21,22,20,22,1579,954,299,981,814,1154,850,-46,981,-586,28.756541240966847,25.898842169408898,-1.3780707010185744,47.34555984555983,-31.353665061530233,74.49,70.75,75.17,64.81,40.19,5.28621908127207,-5.880005321271787,2.7474029524330312,-0.9172909341079283,-1.7599608897580055,82.08262038621363,58.13589628967366,73.84366327474561,252.6115342763874,-32.691341483838556,12,12,12,12,12,0,0,0,0,0,0,0,0,0,0,124.844844,124.280291,124.166136,124.204929,115.711525,119.429826,119.174283,118.963051,123.198443,112.29969,6.349203,6.320939,6.532611,11.907553,4.301075,142.420085,141.969246,141.645838,140.785982,134.478004,162.48577,162.365399,160.96849,161.28738,148.905116,10.4581,10.553744,8.59304,6.550239,5.823051,130.4878,130.034986,130.232299,129.061358,126.172312,140.904982,140.70929,140.153126,139.313029,135.152221,4.965744,5.240168,6.092723,5.906638,7.102358,133.333833,133.019366,132.547666,130.660867,127.358968,141.972591,141.972591,141.684614,140.244729,134.917158,6.709957,6.825569,6.724512,6.331878,5.162738,5430.646546,5185.601214,4977.117686,4555.763213,3740.191249,7868.395107,7506.377197,7277.984158,6814.165194,5245.127879,54.51438,50.470518,55.085984,216.60812,472.37145,6.4951083333333335,7.566026166666667,6.627901166666667,119.519076,120.16335216666667,117.78408791666666,4275.908369408369,3652.1571352623982,2665.834847824436,76.26,74.27333333333334,65.46583333333334,12,12,12
2021-11-01,2021,11,-0.5000000000000004,0.8660254037844384,6.735267,125.937712,120.088047,6.735267,0.11248394466507605,6.735266618437552,2780.4545454545455,223.70893659326242,2430,3428,3428,3018,2780.4545454545455,2780.4545454545455,22,998,-410,-11.960326721120184,81.05,-2.9806080919320244,89.85710939330053,12,0,0,125.937712,120.088047,6.735267,143.801164,165.936642,9.800728,131.472804,142.567972,5.184961,134.277233,143.412475,5.620361,6111.346079,9014.404208,65.392432,6.815183,6.349203,6.320939,12.555894,4.292683,125.963055,124.844844,124.280291,124.849179,115.933833,119.953119,119.429826,119.174283,124.622976,112.510186,-0.8660254037844386,-1,-0.8660254037844384,0.49999999999999994,-0.5000000000000004,0.5000000000000001,-1.8369701987210297e-16,-0.5000000000000004,-0.8660254037844387,0.8660254037844384,6.815183,6.349203,6.320939,12.555894,4.292683,0.4381593924452254,0.2144279735251331,0.17756101430184135,1.1562913989099588,0.18744130104011436,6.815182659898711,6.3492036353795855,6.320938484043337,12.555893545331953,4.2926828825159635,4819.952380952381,4287.772727272727,3720,2965.2631578947367,1183.65,662.7014015520472,462.35689490738457,369.1682543231474,213.9854206106531,50.786731586735904,3519,3618,3281,2596,1111,5650,5197,4235,3266,1284,5202,4013,3282,3157,1284,3519,5167,4132,2596,1227,4819.952380952381,4287.772727272727,3720,2965.2631578947367,1183.65,4819.952380952381,4287.772727272727,3720,2965.2631578947367,1183.65,21,22,21,19,20,2131,1579,954,670,173,-1683,1154,850,-561,-57,-32.35294117647059,28.756541240966847,25.898842169408898,-17.770034843205572,-4.439252336448596,83.54,74.49,70.75,68.53,42.69,12.149281782789645,5.28621908127207,-5.880005321271787,5.7398549606542115,6.220452848967395,107.86265240109483,82.08262038621363,58.13589628967366,133.25391422736556,-32.46321784527765,12,12,12,12,12,0,0,0,0,0,0,0,0,0,0,125.963055,124.844844,124.280291,124.849179,115.933833,119.953119,119.429826,119.174283,124.622976,112.510186,6.815183,6.349203,6.320939,12.555894,4.292683,143.151621,142.420085,141.969246,141.070385,135.919605,164.363138,162.48577,162.365399,161.941765,151.125266,10.381123,10.4581,10.553744,6.882847,6.082528,130.729865,130.4878,130.034986,129.401159,126.301036,142.154271,140.904982,140.70929,140.323243,135.540261,5.180863,4.965744,5.240168,6.554721,6.948476,133.805533,133.333833,133.019366,130.8181,127.358968,143.268486,141.972591,141.972591,141.252648,135.781088,6.189968,6.709957,6.825569,6.746464,5.480984,5778.227425,5430.646546,5185.601214,4671.461009,3858.001505,8463.201611,7868.395107,7506.377197,6879.219408,5450.312387,61.35358,54.51438,50.470518,178.61568,385.041465,6.633217666666667,6.5959216666666665,6.831449833333333,119.82366400000001,119.40753066666667,118.41557633333333,3962.7265512265512,3621.3556998556996,2798.9018932789813,79.69333333333333,76.36,68.6625,12,12,12
2021-12-01,2021,12,-2.4492935982947064e-16,1,7.24283,126.130008,120.433366,7.24283,0.2875548471531042,7.242830323040073,2832.1111111111113,460.161338571962,2217,3423,3047,2217,2832.1111111111113,2832.1111111111113,18,1206,-830,-27.2399081063341,74.17,-8.48858729179518,48.36967393478695,12,0,0,126.130008,120.433366,7.24283,145.114778,168.780295,8.996831,131.990661,142.578512,5.117352,135.063399,143.988429,5.374078,6463.314374,9575.452849,64.908403,6.735267,6.815183,6.349203,6.822327,3.592233,125.937712,125.963055,124.844844,123.184978,116.044988,120.088047,119.953119,119.429826,118.836858,112.29969,-0.5000000000000004,-0.8660254037844386,-1,1.2246467991473532e-16,-2.4492935982947064e-16,0.8660254037844384,0.5000000000000001,-1.8369701987210297e-16,-1,1,6.735267,6.815183,6.349203,6.822327,3.592233,0.11248394466507605,0.4381593924452254,0.2144279735251331,-4.642898272626706,-0.18709061595543197,6.735266618437552,6.815182659898711,6.3492036353795855,6.822327560595265,3.5922334243689846,2780.4545454545455,4819.952380952381,4287.772727272727,2932,1243.6666666666667,223.70893659326242,662.7014015520472,462.35689490738457,359.28752247959267,79.98749902328488,2430,3519,3618,2420,1121,3428,5650,5197,3418,1366,3428,5202,4013,2568,1211,3018,3519,5167,3383,1366,2780.4545454545455,4819.952380952381,4287.772727272727,2932,1243.6666666666667,2780.4545454545455,4819.952380952381,4287.772727272727,2932,1243.6666666666667,22,21,22,22,18,998,2131,1579,998,245,-410,-1683,1154,815,155,-11.960326721120184,-32.35294117647059,28.756541240966847,31.736760124610598,12.799339388934762,81.05,83.54,74.49,73.16,49.99,-2.9806080919320244,12.149281782789645,5.28621908127207,6.756165183131468,17.10002342468964,89.85710939330053,107.86265240109483,82.08262038621363,81.6737025080705,-25.73168919922746,12,12,12,12,12,0,0,0,0,0,0,0,0,0,0,125.937712,125.963055,124.844844,123.184978,116.044988,120.088047,119.953119,119.429826,118.836858,112.29969,6.735267,6.815183,6.349203,6.822327,3.592233,143.801164,143.151621,142.420085,141.186086,137.25235,165.936642,164.363138,162.48577,161.903595,154.84881,9.800728,10.381123,10.4581,8.213707,7.213925,131.472804,130.729865,130.4878,130.021031,126.313595,142.567972,142.154271,140.904982,140.770973,135.637466,5.184961,5.180863,4.965744,7.2625,7.632,134.277233,133.805533,133.333833,131.132567,127.516201,143.412475,143.268486,141.972591,141.396637,136.645019,5.620361,6.189968,6.709957,6.623236,5.915179,6111.346079,5778.227425,5430.646546,4852.807554,4020.9859,9014.404208,8463.201611,7868.395107,7099.700447,5806.528164,65.392432,61.35358,54.51438,108.75769,346.404434,6.931093333333333,6.6660055,7.13566625,120.15817733333334,119.67361533333333,119.09338266666667,3477.5060125060127,3604.707551707552,2931.2722636493518,79.58666666666667,76.52833333333334,70.6775,12,12,12
2022-01-01,2022,1,0.49999999999999994,0.8660254037844387,7.06931,128.923091,120.801945,7.06931,0.306043924737609,7.069310219734071,1760.8,388.9098935012555,1296,2296,2285,1418,1760.8,1760.8,20,1000,-867,-37.943107221006564,86.51,16.63745449642713,57.9514332663867,12,0,0,128.923091,120.801945,7.06931,145.566211,169.804501,7.982029,133.381759,143.083631,5.61371,135.377866,145.284324,5.65445,6808.620296,10225.994991,63.309373,7.24283,6.735267,6.815183,6.532611,3.375121,126.130008,125.937712,125.963055,124.166136,116.600759,120.433366,120.088047,119.953119,118.963051,112.82593,-2.4492935982947064e-16,-0.5000000000000004,-0.8660254037844386,-0.4999999999999998,0.49999999999999994,1,0.8660254037844384,0.5000000000000001,-0.8660254037844388,0.8660254037844387,7.24283,6.735267,6.815183,6.532611,3.375121,0.2875548471531042,0.11248394466507605,0.4381593924452254,0.1061901182207281,0.4686032526002526,7.242830323040073,6.735266618437552,6.815182659898711,6.53261077849181,3.37512014595851,2832.1111111111113,2780.4545454545455,4819.952380952381,3187.9545454545455,1657.5,460.161338571962,223.70893659326242,662.7014015520472,93.09159712103694,171.43312337315004,2217,2430,3519,3039,1374,3423,3428,5650,3338,1856,3047,3428,5202,3338,1374,2217,3018,3519,3292,1452,2832.1111111111113,2780.4545454545455,4819.952380952381,3187.9545454545455,1657.5,2832.1111111111113,2780.4545454545455,4819.952380952381,3187.9545454545455,1657.5,18,22,21,22,20,1206,998,2131,299,482,-830,-410,-1683,-46,78,-27.2399081063341,-11.960326721120184,-32.35294117647059,-1.3780707010185744,5.676855895196509,74.17,81.05,83.54,75.17,54.77,-8.48858729179518,-2.9806080919320244,12.149281782789645,2.7474029524330312,9.5619123824765,48.36967393478695,89.85710939330053,107.86265240109483,73.84366327474561,-13.95129615082482,12,12,12,12,12,0,0,0,0,0,0,0,0,0,0,126.130008,125.937712,125.963055,124.166136,116.600759,120.433366,120.088047,119.953119,118.963051,112.82593,7.24283,6.735267,6.815183,6.532611,3.375121,145.114778,143.801164,143.151621,141.645838,138.123728,168.780295,165.936642,164.363138,160.96849,157.252556,8.996831,9.800728,10.381123,8.59304,7.785496,131.990661,131.472804,130.729865,130.232299,127.513256,142.578512,142.567972,142.154271,140.153126,135.478273,5.117352,5.184961,5.180863,6.092723,5.225727,135.063399,134.277233,133.805533,132.547666,127.987901,143.988429,143.412475,143.268486,141.684614,137.508949,5.374078,5.620361,6.189968,6.724512,5.292172,6463.314374,6111.346079,5778.227425,4977.117686,4239.219243,9575.452849,9014.404208,8463.201611,7277.984158,6261.731841,64.908403,65.392432,61.35358,55.085984,369.408198,7.015802333333333,6.755455333333334,7.443515333333333,120.44111933333333,119.98009766666667,119.75805058333333,2457.7885521885523,3366.8484607984606,2939.880596982685,80.57666666666667,78.41833333333334,73.3225,12,12,12
2022-02-01,2022,2,0.8660254037844386,0.5000000000000001,6.765926,129.319689,121.358602,6.765926,0.46080135547486023,6.765925987117827,1834.9,289.32733238178156,1419,2244,1440,2040,1834.9,1834.9,20,825,600,41.66666666666667,97.13,12.276037452317645,55.95696852922285,12,0,0,129.319689,121.358602,6.765926,146.164188,171.219221,8.003138,133.675032,144.564788,5.441457,136.164032,146.724209,6.478579,7018.768988,10763.53333,64.613955,7.06931,7.24283,6.735267,6.320939,3.646833,128.923091,126.130008,125.937712,124.280291,116.934221,120.801945,120.433366,120.088047,119.174283,113.667915,0.49999999999999994,-2.4492935982947064e-16,-0.5000000000000004,-0.8660254037844384,0.8660254037844386,0.8660254037844387,1,0.8660254037844384,-0.5000000000000004,0.5000000000000001,7.06931,7.24283,6.735267,6.320939,3.646833,0.306043924737609,0.2875548471531042,0.11248394466507605,0.17756101430184135,0.7462690535765981,7.069310219734071,7.242830323040073,6.735266618437552,6.320938484043337,3.6468333547190035,1760.8,2832.1111111111113,2780.4545454545455,3720,1499.6,388.9098935012555,460.161338571962,223.70893659326242,369.1682543231474,189.42861452272726,1296,2217,2430,3281,1303,2296,3423,3428,4235,1770,2285,3047,3428,3282,1444,1418,2217,3018,4132,1675,1760.8,2832.1111111111113,2780.4545454545455,3720,1499.6,1760.8,2832.1111111111113,2780.4545454545455,3720,1499.6,20,18,22,21,20,1000,1206,998,954,467,-867,-830,-410,850,231,-37.943107221006564,-27.2399081063341,-11.960326721120184,25.898842169408898,15.997229916897515,86.51,74.17,81.05,70.75,62.28,16.63745449642713,-8.48858729179518,-2.9806080919320244,-5.880005321271787,13.711886069015877,57.9514332663867,48.36967393478695,89.85710939330053,58.13589628967366,11.893639956881064,12,12,12,12,12,0,0,0,0,0,0,0,0,0,0,128.923091,126.130008,125.937712,124.280291,116.934221,120.801945,120.433366,120.088047,119.174283,113.667915,7.06931,7.24283,6.735267,6.320939,3.646833,145.566211,145.114778,143.801164,141.969246,139.092078,169.804501,168.780295,165.936642,162.365399,158.53171,7.982029,8.996831,9.800728,10.553744,7.207435,133.381759,131.990661,131.472804,130.034986,127.967971,143.083631,142.578512,142.567972,140.70929,137.104316,5.61371,5.117352,5.184961,5.240168,5.47821,135.377866,135.063399,134.277233,133.019366,128.931301,145.284324,143.988429,143.412475,141.972591,137.796926,5.65445,5.374078,5.620361,6.825569,5.049396,6808.620296,6463.314374,6111.346079,5185.601214,4385.628954,10225.994991,9575.452849,9014.404208,7506.377197,6538.651806,63.309373,64.908403,65.392432,50.470518,358.95347400000003,7.026022,6.829619833333333,7.70343975,120.86463766666667,120.34415083333334,120.39894116666667,2142.603703703704,3052.6651274651276,2967.822263649352,85.93666666666667,82.815,76.22666666666666,12,12,12
2022-03-01,2022,3,1,6.123233995736766e-17,3.527643,129.6058,122.086813,3.527643,0.6000489359625272,3.527642381614138,2464.086956521739,206.05337195702882,2069,2727,2069,2358,2464.086956521739,2464.086956521739,23,658,289,13.9681005316578,117.25,20.714506331720383,79.25393670692556,12,0,0,129.6058,122.086813,3.527643,147.40323,173.85023,9.623377,134.391038,145.219116,4.642817,137.579132,147.588139,6.217617,7205.238954,11218.42515,67.358715,6.765926,7.06931,7.24283,6.349203,7.324234,129.319689,128.923091,126.130008,124.844844,120.661666,121.358602,120.801945,120.433366,119.429826,117.926778,0.8660254037844386,0.49999999999999994,-2.4492935982947064e-16,-1,1,0.5000000000000001,0.8660254037844387,1,-1.8369701987210297e-16,6.123233995736766e-17,6.765926,7.06931,7.24283,6.349203,7.324234,0.46080135547486023,0.306043924737609,0.2875548471531042,0.2144279735251331,3.7467591448299142,6.765925987117827,7.069310219734071,7.242830323040073,6.3492036353795855,7.324234086474624,1834.9,1760.8,2832.1111111111113,4287.772727272727,2017.608695652174,289.32733238178156,388.9098935012555,460.161338571962,462.35689490738457,195.40441493347603,1419,1296,2217,3618,1651,2244,2296,3423,5197,2319,1440,2285,3047,4013,1651,2040,1418,2217,5167,2046,1834.9,1760.8,2832.1111111111113,4287.772727272727,2017.608695652174,1834.9,1760.8,2832.1111111111113,4287.772727272727,2017.608695652174,20,20,18,22,23,825,1000,1206,1579,668,600,-867,-830,1154,395,41.66666666666667,-37.943107221006564,-27.2399081063341,28.756541240966847,23.924894003634158,97.13,86.51,74.17,74.49,65.41,12.276037452317645,16.63745449642713,-8.48858729179518,5.28621908127207,5.025690430314711,55.95696852922285,57.9514332663867,48.36967393478695,82.08262038621363,104.34239300218681,12,12,12,12,12,0,0,0,0,0,0,0,0,0,0,129.319689,128.923091,126.130008,124.844844,120.661666,121.358602,120.801945,120.433366,119.429826,117.926778,6.765926,7.06931,7.24283,6.349203,7.324234,146.164188,145.566211,145.114778,142.420085,139.642695,171.219221,169.804501,168.780295,162.48577,158.588646,8.003138,7.982029,8.996831,10.4581,6.623397,133.675032,133.381759,131.990661,130.4878,128.59706,144.564788,143.083631,142.578512,140.904982,138.776001,5.441457,5.61371,5.117352,4.965744,6.621432,136.164032,135.377866,135.063399,133.333833,129.717467,146.724209,145.284324,143.988429,141.972591,138.948834,6.478579,5.65445,5.374078,6.709957,5.695509,7018.768988,6808.620296,6463.314374,5430.646546,4484.589568,10763.53333,10225.994991,9575.452849,7868.395107,6703.221386,64.613955,63.309373,64.908403,54.51438,299.800755,5.787626333333334,6.359359833333333,7.387057166666667,121.41578666666668,120.78698200000001,120.74561075,2019.9289855072464,2748.7174990066296,3005.028785388482,100.29666666666667,89.94166666666666,80.54666666666667,12,12,12
2022-04-01,2022,4,0.8660254037844387,-0.49999999999999983,1.280762,133.496197,124.776322,1.280762,2.2029479957020204,1.280762127813584,2220.3684210526317,144.15547568368896,2031,2425,2357,2404,2220.3684210526317,2220.3684210526317,19,394,47,1.994060246075513,104.58,-10.80597014925373,61.363987039037184,12,0,0,133.496197,124.776322,1.280762,149.899274,178.9895,10.975515,136.294417,147.320254,5.74765,138.522532,148.596058,5.954825,7899.321605,12530.018699,83.881933,3.527643,6.765926,7.06931,6.815183,11.907553,129.6058,129.319689,128.923091,125.963055,124.204929,122.086813,121.358602,120.801945,119.953119,123.198443,1,0.8660254037844386,0.49999999999999994,-0.8660254037844386,0.8660254037844387,6.123233995736766e-17,0.5000000000000001,0.8660254037844387,0.5000000000000001,-0.49999999999999983,3.527643,6.765926,7.06931,6.815183,11.907553,0.6000489359625272,0.46080135547486023,0.306043924737609,0.4381593924452254,4.470286638374876,3.527642381614138,6.765925987117827,7.069310219734071,6.815182659898711,11.907551821413342,2464.086956521739,1834.9,1760.8,4819.952380952381,2475.05,206.05337195702882,289.32733238178156,388.9098935012555,662.7014015520472,357.99168984768346,2069,1419,1296,3519,2072,2727,2244,2296,5650,3053,2069,1440,2285,5202,2072,2358,2040,1418,3519,3053,2464.086956521739,1834.9,1760.8,4819.952380952381,2475.05,2464.086956521739,1834.9,1760.8,4819.952380952381,2475.05,23,20,20,21,20,658,825,1000,2131,981,289,600,-867,-1683,981,13.9681005316578,41.66666666666667,-37.943107221006564,-32.35294117647059,47.34555984555983,117.25,97.13,86.51,83.54,64.81,20.714506331720383,12.276037452317645,16.63745449642713,12.149281782789645,-0.9172909341079283,79.25393670692556,55.95696852922285,57.9514332663867,107.86265240109483,252.6115342763874,12,12,12,12,12,0,0,0,0,0,0,0,0,0,0,129.6058,129.319689,128.923091,125.963055,124.204929,122.086813,121.358602,120.801945,119.953119,123.198443,3.527643,6.765926,7.06931,6.815183,11.907553,147.40323,146.164188,145.566211,143.151621,140.785982,173.85023,171.219221,169.804501,164.363138,161.28738,9.623377,8.003138,7.982029,10.381123,6.550239,134.391038,133.675032,133.381759,130.729865,129.061358,145.219116,144.564788,143.083631,142.154271,139.313029,4.642817,5.441457,5.61371,5.180863,5.906638,137.579132,136.164032,135.377866,133.805533,130.660867,147.588139,146.724209,145.284324,143.268486,140.244729,6.217617,6.478579,5.65445,6.189968,6.331878,7205.238954,7018.768988,6808.620296,5778.227425,4555.763213,11218.42515,10763.53333,10225.994991,8463.201611,6814.165194,67.358715,64.613955,63.309373,61.35358,216.60812,3.8581103333333333,5.436956333333334,6.50149125,122.740579,121.59084916666667,120.87710066666666,2173.118459191457,2315.4535056900045,2983.8053204762014,106.32,93.44833333333334,83.86083333333333,12,12,12
2022-05-01,2022,5,0.49999999999999994,-0.8660254037844387,2.701066,136.934197,127.989125,2.701066,2.5748498982042456,2.7010661340650444,2943.0476190476193,296.42696844087516,2412,3369,2412,2566,2943.0476190476193,2943.0476190476193,21,957,154,6.384742951907141,113.34,8.37636259323007,65.38742156719685,12,0,0,136.934197,127.989125,2.701066,151.062034,181.235982,11.914293,136.41075,149.591575,6.604987,139.465931,151.907792,7.543323,8585.018041,14659.342447,113.096015,1.280762,3.527643,6.765926,6.735267,12.555894,133.496197,129.6058,129.319689,125.937712,124.849179,124.776322,122.086813,121.358602,120.088047,124.622976,0.8660254037844387,1,0.8660254037844386,-0.5000000000000004,0.49999999999999994,-0.49999999999999983,6.123233995736766e-17,0.5000000000000001,0.8660254037844384,-0.8660254037844387,1.280762,3.527643,6.765926,6.735267,12.555894,2.2029479957020204,0.6000489359625272,0.46080135547486023,0.11248394466507605,1.1562913989099588,1.280762127813584,3.527642381614138,6.765925987117827,6.735266618437552,12.555893545331953,2220.3684210526317,2464.086956521739,1834.9,2780.4545454545455,2965.2631578947367,144.15547568368896,206.05337195702882,289.32733238178156,223.70893659326242,213.9854206106531,2031,2069,1419,2430,2596,2425,2727,2244,3428,3266,2357,2069,1440,3428,3157,2404,2358,2040,3018,2596,2220.3684210526317,2464.086956521739,1834.9,2780.4545454545455,2965.2631578947367,2220.3684210526317,2464.086956521739,1834.9,2780.4545454545455,2965.2631578947367,19,23,20,22,19,394,658,825,998,670,47,289,600,-410,-561,1.994060246075513,13.9681005316578,41.66666666666667,-11.960326721120184,-17.770034843205572,104.58,117.25,97.13,81.05,68.53,-10.80597014925373,20.714506331720383,12.276037452317645,-2.9806080919320244,5.7398549606542115,61.363987039037184,79.25393670692556,55.95696852922285,89.85710939330053,133.25391422736556,12,12,12,12,12,0,0,0,0,0,0,0,0,0,0,133.496197,129.6058,129.319689,125.937712,124.849179,124.776322,122.086813,121.358602,120.088047,124.622976,1.280762,3.527643,6.765926,6.735267,12.555894,149.899274,147.40323,146.164188,143.801164,141.070385,178.9895,173.85023,171.219221,165.936642,161.941765,10.975515,9.623377,8.003138,9.800728,6.882847,136.294417,134.391038,133.675032,131.472804,129.401159,147.320254,145.219116,144.564788,142.567972,140.323243,5.74765,4.642817,5.441457,5.184961,6.554721,138.522532,137.579132,136.164032,134.277233,130.8181,148.596058,147.588139,146.724209,143.412475,141.252648,5.954825,6.217617,6.478579,5.620361,6.746464,7899.321605,7205.238954,7018.768988,6111.346079,4671.461009,12530.018699,11218.42515,10763.53333,9014.404208,6879.219408,83.881933,67.358715,64.613955,65.392432,178.61568,2.503157,4.7645895,5.6802555833333335,124.95075333333334,122.9076955,121.15761308333333,2542.5009988739967,2342.5523512888503,2981.954025572275,111.72333333333333,98.83,87.595,12,12,12
2022-06-01,2022,6,1.2246467991473532e-16,-1,9.611358,138.773688,130.258694,9.611358,1.7732514383546283,9.611358119212454,2389.45,134.76352583224008,2186,2633,2633,2240,2389.45,2389.45,20,447,-393,-14.925939992404103,122.71,8.26716075524969,67.72826681246582,1.65,-10.35,-10.35,138.773688,130.258694,9.611358,152.406064,183.70939,13.468382,137.804169,150.594144,6.978123,140.881031,153.92363,8.85947,10132.02813,18260.177401,157.196448,2.701066,1.280762,3.527643,7.24283,6.822327,136.934197,133.496197,129.6058,126.130008,123.184978,127.989125,124.776322,122.086813,120.433366,118.836858,0.49999999999999994,0.8660254037844387,1,-2.4492935982947064e-16,1.2246467991473532e-16,-0.8660254037844387,-0.49999999999999983,6.123233995736766e-17,1,-1,2.701066,1.280762,3.527643,7.24283,6.822327,2.5748498982042456,2.2029479957020204,0.6000489359625272,0.2875548471531042,-4.642898272626706,2.7010661340650444,1.280762127813584,3.527642381614138,7.242830323040073,6.822327560595265,2943.0476190476193,2220.3684210526317,2464.086956521739,2832.1111111111113,2932,296.42696844087516,144.15547568368896,206.05337195702882,460.161338571962,359.28752247959267,2412,2031,2069,2217,2420,3369,2425,2727,3423,3418,2412,2357,2069,3047,2568,2566,2404,2358,2217,3383,2943.0476190476193,2220.3684210526317,2464.086956521739,2832.1111111111113,2932,2943.0476190476193,2220.3684210526317,2464.086956521739,2832.1111111111113,2932,21,19,23,18,22,957,394,658,1206,998,154,47,289,-830,815,6.384742951907141,1.994060246075513,13.9681005316578,-27.2399081063341,31.736760124610598,113.34,104.58,117.25,74.17,73.16,8.37636259323007,-10.80597014925373,20.714506331720383,-8.48858729179518,6.756165183131468,65.38742156719685,61.363987039037184,79.25393670692556,48.36967393478695,81.6737025080705,12,12,12,12,12,0,0,0,0,0,0,0,0,0,0,136.934197,133.496197,129.6058,126.130008,123.184978,127.989125,124.776322,122.086813,120.433366,118.836858,2.701066,1.280762,3.527643,7.24283,6.822327,151.062034,149.899274,147.40323,145.114778,141.186086,181.235982,178.9895,173.85023,168.780295,161.903595,11.914293,10.975515,9.623377,8.996831,8.213707,136.41075,136.294417,134.391038,131.990661,130.021031,149.591575,147.320254,145.219116,142.578512,140.770973,6.604987,5.74765,4.642817,5.117352,7.2625,139.465931,138.522532,137.579132,135.063399,131.132567,151.907792,148.596058,147.588139,143.988429,141.396637,7.543323,5.954825,6.217617,5.374078,6.623236,8585.018041,7899.321605,7205.238954,6463.314374,4852.807554,14659.342447,12530.018699,11218.42515,9575.452849,7099.700447,113.096015,83.881933,67.358715,64.908403,108.75769,4.5310619999999995,5.159344166666667,5.912674833333333,127.67471366666666,124.54525016666666,122.10943275,2517.6220133667503,2268.7754994369984,2936.741525572275,113.54333333333334,106.92,91.72416666666666,8.55,10.275,11.1375
2022-07-01,2022,7,-0.4999999999999998,-0.8660254037844388,11.848774,141.968371,133.058714,11.848774,2.149583965581603,11.848773952510694,2076.9523809523807,78.55601580431392,1895,2214,2214,1895,2076.9523809523807,2076.9523809523807,21,319,-319,-14.408310749774166,111.93,-8.784940102681105,48.90248769455901,2.15,0.5,-9.85,141.968371,133.058714,11.848774,153.426163,185.86696,15.467915,139.149283,151.871314,8.360989,143.23953,155.651491,9.857724,11761.913759,22166.737285,204.572486,9.611358,2.701066,1.280762,7.06931,6.532611,138.773688,136.934197,133.496197,128.923091,124.166136,130.258694,127.989125,124.776322,120.801945,118.963051,1.2246467991473532e-16,0.49999999999999994,0.8660254037844387,0.49999999999999994,-0.4999999999999998,-1,-0.8660254037844387,-0.49999999999999983,0.8660254037844387,-0.8660254037844388,9.611358,2.701066,1.280762,7.06931,6.532611,1.7732514383546283,2.5748498982042456,2.2029479957020204,0.306043924737609,0.1061901182207281,9.611358119212454,2.7010661340650444,1.280762127813584,7.069310219734071,6.53261077849181,2389.45,2943.0476190476193,2220.3684210526317,1760.8,3187.9545454545455,134.76352583224008,296.42696844087516,144.15547568368896,388.9098935012555,93.09159712103694,2186,2412,2031,1296,3039,2633,3369,2425,2296,3338,2633,2412,2357,2285,3338,2240,2566,2404,1418,3292,2389.45,2943.0476190476193,2220.3684210526317,1760.8,3187.9545454545455,2389.45,2943.0476190476193,2220.3684210526317,1760.8,3187.9545454545455,20,21,19,20,22,447,957,394,1000,299,-393,154,47,-867,-46,-14.925939992404103,6.384742951907141,1.994060246075513,-37.943107221006564,-1.3780707010185744,122.71,113.34,104.58,86.51,75.17,8.26716075524969,8.37636259323007,-10.80597014925373,16.63745449642713,2.7474029524330312,67.72826681246582,65.38742156719685,61.363987039037184,57.9514332663867,73.84366327474561,1.65,12,12,12,12,-10.35,0,0,0,0,-10.35,0,0,0,0,138.773688,136.934197,133.496197,128.923091,124.166136,130.258694,127.989125,124.776322,120.801945,118.963051,9.611358,2.701066,1.280762,7.06931,6.532611,152.406064,151.062034,149.899274,145.566211,141.645838,183.70939,181.235982,178.9895,169.804501,160.96849,13.468382,11.914293,10.975515,7.982029,8.59304,137.804169,136.41075,136.294417,133.381759,130.232299,150.594144,149.591575,147.320254,143.083631,140.153126,6.978123,6.604987,5.74765,5.61371,6.092723,140.881031,139.465931,138.522532,135.377866,132.547666,153.92363,151.907792,148.596058,145.284324,141.684614,8.85947,7.543323,5.954825,5.65445,6.724512,10132.02813,8585.018041,7899.321605,6808.620296,4977.117686,18260.177401,14659.342447,12530.018699,10225.994991,7277.984158,157.196448,113.096015,83.881933,63.309373,55.085984,8.053732666666667,5.9559215,6.355688416666666,130.435511,126.588045,123.28407133333333,2469.8166666666666,2321.467562929062,2844.158011863761,115.99333333333334,111.15666666666667,94.7875,5.266666666666667,8.633333333333333,10.316666666666666
2022-08-01,2022,8,-0.8660254037844384,-0.5000000000000004,13.246102,142.423547,134.960231,13.246102,1.4290811498448575,13.246102768665269,1411.9545454545455,248.32955777367556,965,1872,1872,965,1411.9545454545455,1411.9545454545455,22,907,-907,-48.450854700854705,100.45,-10.256410256410264,41.97879858657245,2.15,0,-9.85,142.423547,134.960231,13.246102,154.076841,186.883162,15.100362,139.553885,153.131305,8.828141,143.553997,158.387271,11.561866,12540.351872,24488.902912,226.241305,11.848774,9.611358,2.701066,6.765926,6.320939,141.968371,138.773688,136.934197,129.319689,124.280291,133.058714,130.258694,127.989125,121.358602,119.174283,-0.4999999999999998,1.2246467991473532e-16,0.49999999999999994,0.8660254037844386,-0.8660254037844384,-0.8660254037844388,-1,-0.8660254037844387,0.5000000000000001,-0.5000000000000004,11.848774,9.611358,2.701066,6.765926,6.320939,2.149583965581603,1.7732514383546283,2.5748498982042456,0.46080135547486023,0.17756101430184135,11.848773952510694,9.611358119212454,2.7010661340650444,6.765925987117827,6.320938484043337,2076.9523809523807,2389.45,2943.0476190476193,1834.9,3720,78.55601580431392,134.76352583224008,296.42696844087516,289.32733238178156,369.1682543231474,1895,2186,2412,1419,3281,2214,2633,3369,2244,4235,2214,2633,2412,1440,3282,1895,2240,2566,2040,4132,2076.9523809523807,2389.45,2943.0476190476193,1834.9,3720,2076.9523809523807,2389.45,2943.0476190476193,1834.9,3720,21,20,21,20,21,319,447,957,825,954,-319,-393,154,600,850,-14.408310749774166,-14.925939992404103,6.384742951907141,41.66666666666667,25.898842169408898,111.93,122.71,113.34,97.13,70.75,-8.784940102681105,8.26716075524969,8.37636259323007,12.276037452317645,-5.880005321271787,48.90248769455901,67.72826681246582,65.38742156719685,55.95696852922285,58.13589628967366,2.15,1.65,12,12,12,0.5,-10.35,0,0,0,-9.85,-10.35,0,0,0,141.968371,138.773688,136.934197,129.319689,124.280291,133.058714,130.258694,127.989125,121.358602,119.174283,11.848774,9.611358,2.701066,6.765926,6.320939,153.426163,152.406064,151.062034,146.164188,141.969246,185.86696,183.70939,181.235982,171.219221,162.365399,15.467915,13.468382,11.914293,8.003138,10.553744,139.149283,137.804169,136.41075,133.675032,130.034986,151.871314,150.594144,149.591575,144.564788,140.70929,8.360989,6.978123,6.604987,5.441457,5.240168,143.23953,140.881031,139.465931,136.164032,133.019366,155.651491,153.92363,151.907792,146.724209,141.972591,9.857724,8.85947,7.543323,6.478579,6.825569,11761.913759,10132.02813,8585.018041,7018.768988,5185.601214,22166.737285,18260.177401,14659.342447,10763.53333,7506.377197,204.572486,157.196448,113.096015,64.613955,50.470518,11.568744666666667,7.035950833333334,6.932785333333333,132.759213,128.85498316666667,124.59956700000001,1959.4523088023086,2250.9766538381527,2651.82089065164,111.69666666666667,111.71000000000001,97.2625,1.9833333333333332,6.991666666666666,9.495833333333334
2022-09-01,2022,9,-1,-1.8369701987210297e-16,14.817501,142.058962,137.126341,14.817501,1.6049987347754424,14.81750044582666,1487.142857142857,299.09986387731533,1002,1816,1002,1760,1487.142857142857,1487.142857142857,21,814,758,75.64870259481037,89.76,-10.642110502737678,20.49939589206606,2.65,0.5,-9.35,142.058962,137.126341,14.817501,155.487696,187.372461,15.316228,139.753305,154.00849,9.299535,143.71123,158.963225,11.967546,12857.05483,24454.634843,210.795715,13.246102,11.848774,9.611358,3.527643,6.349203,142.423547,141.968371,138.773688,129.6058,124.844844,134.960231,133.058714,130.258694,122.086813,119.429826,-0.8660254037844384,-0.4999999999999998,1.2246467991473532e-16,1,-1,-0.5000000000000004,-0.8660254037844388,-1,6.123233995736766e-17,-1.8369701987210297e-16,13.246102,11.848774,9.611358,3.527643,6.349203,1.4290811498448575,2.149583965581603,1.7732514383546283,0.6000489359625272,0.2144279735251331,13.246102768665269,11.848773952510694,9.611358119212454,3.527642381614138,6.3492036353795855,1411.9545454545455,2076.9523809523807,2389.45,2464.086956521739,4287.772727272727,248.32955777367556,78.55601580431392,134.76352583224008,206.05337195702882,462.35689490738457,965,1895,2186,2069,3618,1872,2214,2633,2727,5197,1872,2214,2633,2069,4013,965,1895,2240,2358,5167,1411.9545454545455,2076.9523809523807,2389.45,2464.086956521739,4287.772727272727,1411.9545454545455,2076.9523809523807,2389.45,2464.086956521739,4287.772727272727,22,21,20,23,22,907,319,447,658,1579,-907,-319,-393,289,1154,-48.450854700854705,-14.408310749774166,-14.925939992404103,13.9681005316578,28.756541240966847,100.45,111.93,122.71,117.25,74.49,-10.256410256410264,-8.784940102681105,8.26716075524969,20.714506331720383,5.28621908127207,41.97879858657245,48.90248769455901,67.72826681246582,79.25393670692556,82.08262038621363,2.15,2.15,1.65,12,12,0,0.5,-10.35,0,0,-9.85,-9.85,-10.35,0,0,142.423547,141.968371,138.773688,129.6058,124.844844,134.960231,133.058714,130.258694,122.086813,119.429826,13.246102,11.848774,9.611358,3.527643,6.349203,154.076841,153.426163,152.406064,147.40323,142.420085,186.883162,185.86696,183.70939,173.85023,162.48577,15.100362,15.467915,13.468382,9.623377,10.4581,139.553885,139.149283,137.804169,134.391038,130.4878,153.131305,151.871314,150.594144,145.219116,140.904982,8.828141,8.360989,6.978123,4.642817,4.965744,143.553997,143.23953,140.881031,137.579132,133.333833,158.387271,155.651491,153.92363,147.588139,141.972591,11.561866,9.857724,8.85947,6.217617,6.709957,12540.351872,11761.913759,10132.02813,7205.238954,5430.646546,24488.902912,22166.737285,18260.177401,11218.42515,7868.395107,226.241305,204.572486,157.196448,67.358715,54.51438,13.304125666666668,8.917593833333333,7.638476833333334,135.04842866666667,131.36157116666666,126.07427658333333,1658.683261183261,2088.152637275006,2418.4350681408177,100.71333333333334,107.12833333333333,98.535,2.3166666666666664,5.433333333333334,8.716666666666667
2022-10-01,2022,10,-0.8660254037844386,0.5000000000000001,15.79303,142.406652,138.897351,15.79303,1.291516995994213,15.79302994197256,1813.857142857143,138.7390664932865,1463,1996,1788,1463,1813.857142857143,1813.857142857143,21,533,-325,-18.176733780760625,93.33,3.9772727272727293,11.718937036150345,2.65,0,-9.35,142.406652,138.897351,15.79303,156.881414,189.91384,15.545275,139.976351,155.039796,9.064466,144.18293,160.403109,11.959799,13268.965998,25116.478924,196.772783,14.817501,13.246102,11.848774,1.280762,6.815183,142.058962,142.423547,141.968371,133.496197,125.963055,137.126341,134.960231,133.058714,124.776322,119.953119,-1,-0.8660254037844384,-0.4999999999999998,0.8660254037844387,-0.8660254037844386,-1.8369701987210297e-16,-0.5000000000000004,-0.8660254037844388,-0.49999999999999983,0.5000000000000001,14.817501,13.246102,11.848774,1.280762,6.815183,1.6049987347754424,1.4290811498448575,2.149583965581603,2.2029479957020204,0.4381593924452254,14.81750044582666,13.246102768665269,11.848773952510694,1.280762127813584,6.815182659898711,1487.142857142857,1411.9545454545455,2076.9523809523807,2220.3684210526317,4819.952380952381,299.09986387731533,248.32955777367556,78.55601580431392,144.15547568368896,662.7014015520472,1002,965,1895,2031,3519,1816,1872,2214,2425,5650,1002,1872,2214,2357,5202,1760,965,1895,2404,3519,1487.142857142857,1411.9545454545455,2076.9523809523807,2220.3684210526317,4819.952380952381,1487.142857142857,1411.9545454545455,2076.9523809523807,2220.3684210526317,4819.952380952381,21,22,21,19,21,814,907,319,394,2131,758,-907,-319,47,-1683,75.64870259481037,-48.450854700854705,-14.408310749774166,1.994060246075513,-32.35294117647059,89.76,100.45,111.93,104.58,83.54,-10.642110502737678,-10.256410256410264,-8.784940102681105,-10.80597014925373,12.149281782789645,20.49939589206606,41.97879858657245,48.90248769455901,61.363987039037184,107.86265240109483,2.65,2.15,2.15,12,12,0.5,0,0.5,0,0,-9.35,-9.85,-9.85,0,0,142.058962,142.423547,141.968371,133.496197,125.963055,137.126341,134.960231,133.058714,124.776322,119.953119,14.817501,13.246102,11.848774,1.280762,6.815183,155.487696,154.076841,153.426163,149.899274,143.151621,187.372461,186.883162,185.86696,178.9895,164.363138,15.316228,15.100362,15.467915,10.975515,10.381123,139.753305,139.553885,139.149283,136.294417,130.729865,154.00849,153.131305,151.871314,147.320254,142.154271,9.299535,8.828141,8.360989,5.74765,5.180863,143.71123,143.553997,143.23953,138.522532,133.805533,158.963225,158.387271,155.651491,148.596058,143.268486,11.967546,11.561866,9.857724,5.954825,6.189968,12857.05483,12540.351872,11761.913759,7899.321605,5778.227425,24454.634843,24488.902912,22166.737285,12530.018699,8463.201611,210.795715,226.241305,204.572486,83.881933,61.35358,14.618877666666666,11.336305166666666,8.38663075,136.994641,133.715076,127.65296258333333,1570.9848484848485,2020.4007575757576,2167.927131632881,94.51333333333334,105.25333333333333,99.35083333333333,2.4833333333333334,3.875,7.9375
2022-11-01,2022,11,-0.5000000000000004,0.8660254037844384,15.662927,142.406652,138.897351,15.662927,0,15.662927718359843,1298.9545454545455,72.6429475964311,1149,1393,1377,1355,1298.9545454545455,1298.9545454545455,22,244,-22,-1.5976761074800283,91.42,-2.046501660773592,12.794571252313403,2.65,0,-9.35,142.406652,138.897351,15.662927,157.427858,191.161232,15.201338,140.73292,156.025119,9.43911,144.65463,161.26704,12.449799,13450.502897,25285.131578,180.49698,15.79303,14.817501,13.246102,2.701066,6.735267,142.406652,142.058962,142.423547,136.934197,125.937712,138.897351,137.126341,134.960231,127.989125,120.088047,-0.8660254037844386,-1,-0.8660254037844384,0.49999999999999994,-0.5000000000000004,0.5000000000000001,-1.8369701987210297e-16,-0.5000000000000004,-0.8660254037844387,0.8660254037844384,15.79303,14.817501,13.246102,2.701066,6.735267,1.291516995994213,1.6049987347754424,1.4290811498448575,2.5748498982042456,0.11248394466507605,15.79302994197256,14.81750044582666,13.246102768665269,2.7010661340650444,6.735266618437552,1813.857142857143,1487.142857142857,1411.9545454545455,2943.0476190476193,2780.4545454545455,138.7390664932865,299.09986387731533,248.32955777367556,296.42696844087516,223.70893659326242,1463,1002,965,2412,2430,1996,1816,1872,3369,3428,1788,1002,1872,2412,3428,1463,1760,965,2566,3018,1813.857142857143,1487.142857142857,1411.9545454545455,2943.0476190476193,2780.4545454545455,1813.857142857143,1487.142857142857,1411.9545454545455,2943.0476190476193,2780.4545454545455,21,21,22,21,22,533,814,907,957,998,-325,758,-907,154,-410,-18.176733780760625,75.64870259481037,-48.450854700854705,6.384742951907141,-11.960326721120184,93.33,89.76,100.45,113.34,81.05,3.9772727272727293,-10.642110502737678,-10.256410256410264,8.37636259323007,-2.9806080919320244,11.718937036150345,20.49939589206606,41.97879858657245,65.38742156719685,89.85710939330053,2.65,2.65,2.15,12,12,0,0.5,0,0,0,-9.35,-9.35,-9.85,0,0,142.406652,142.058962,142.423547,136.934197,125.937712,138.897351,137.126341,134.960231,127.989125,120.088047,15.79303,14.817501,13.246102,2.701066,6.735267,156.881414,155.487696,154.076841,151.062034,143.801164,189.91384,187.372461,186.883162,181.235982,165.936642,15.545275,15.316228,15.100362,11.914293,9.800728,139.976351,139.753305,139.553885,136.41075,131.472804,155.039796,154.00849,153.131305,149.591575,142.567972,9.064466,9.299535,8.828141,6.604987,5.184961,144.18293,143.71123,143.553997,139.465931,134.277233,160.403109,158.963225,158.387271,151.907792,143.412475,11.959799,11.967546,11.561866,7.543323,5.620361,13268.965998,12857.05483,12540.351872,8585.018041,6111.346079,25116.478924,24454.634843,24488.902912,14659.342447,9014.404208,196.772783,210.795715,226.241305,113.096015,65.392432,15.424486,13.496615333333333,9.130602416666667,138.3070143333333,135.53311366666665,129.22040458333333,1533.3181818181818,1746.3852453102452,2044.4687982995476,91.50333333333333,101.6,100.215,2.65,2.3166666666666664,7.158333333333333
2022-12-01,2022,12,-2.4492935982947064e-16,1,16.909133,141.829762,140.797604,16.909133,1.3680988055704724,16.909132972335918,1453.4117647058824,126.86856329659125,1323,1723,1338,1515,1371.8823529411766,1371.8823529411766,17,400,177,13.228699551569512,80.92,-11.485451761102606,9.100714574625869,2.65,0,-9.35,141.829762,140.797604,16.909133,158.267465,191.545388,13.488004,141.103916,159.401352,11.799001,145.283563,161.986982,12.5,13620.200432,25807.215691,169.51431,15.662927,15.79303,14.817501,9.611358,7.24283,142.406652,142.406652,142.058962,138.773688,126.130008,138.897351,138.897351,137.126341,130.258694,120.433366,-0.5000000000000004,-0.8660254037844386,-1,1.2246467991473532e-16,-2.4492935982947064e-16,0.8660254037844384,0.5000000000000001,-1.8369701987210297e-16,-1,1,15.662927,15.79303,14.817501,9.611358,7.24283,0,1.291516995994213,1.6049987347754424,1.7732514383546283,0.2875548471531042,15.662927718359843,15.79302994197256,14.81750044582666,9.611358119212454,7.242830323040073,1298.9545454545455,1813.857142857143,1487.142857142857,2389.45,2832.1111111111113,72.6429475964311,138.7390664932865,299.09986387731533,134.76352583224008,460.161338571962,1149,1463,1002,2186,2217,1393,1996,1816,2633,3423,1377,1788,1002,2633,3047,1355,1463,1760,2240,2217,1298.9545454545455,1813.857142857143,1487.142857142857,2389.45,2832.1111111111113,1298.9545454545455,1813.857142857143,1487.142857142857,2389.45,2832.1111111111113,22,21,21,20,18,244,533,814,447,1206,-22,-325,758,-393,-830,-1.5976761074800283,-18.176733780760625,75.64870259481037,-14.925939992404103,-27.2399081063341,91.42,93.33,89.76,122.71,74.17,-2.046501660773592,3.9772727272727293,-10.642110502737678,8.26716075524969,-8.48858729179518,12.794571252313403,11.718937036150345,20.49939589206606,67.72826681246582,48.36967393478695,2.65,2.65,2.65,1.65,12,0,0,0.5,-10.35,0,-9.35,-9.35,-9.35,-10.35,0,142.406652,142.406652,142.058962,138.773688,126.130008,138.897351,138.897351,137.126341,130.258694,120.433366,15.662927,15.79303,14.817501,9.611358,7.24283,157.427858,156.881414,155.487696,152.406064,145.114778,191.161232,189.91384,187.372461,183.70939,168.780295,15.201338,15.545275,15.316228,13.468382,8.996831,140.73292,139.976351,139.753305,137.804169,131.990661,156.025119,155.039796,154.00849,150.594144,142.578512,9.43911,9.064466,9.299535,6.978123,5.117352,144.65463,144.18293,143.71123,140.881031,135.063399,161.26704,160.403109,158.963225,153.92363,143.988429,12.449799,11.959799,11.967546,8.85947,5.374078,13450.502897,13268.965998,12857.05483,10132.02813,6463.314374,25285.131578,25116.478924,24454.634843,18260.177401,9575.452849,180.49698,196.772783,210.795715,157.196448,64.908403,16.121696666666665,14.712911166666666,9.936127666666668,139.53076866666666,137.28959866666668,130.91742441666668,1522.0744843391903,1590.3788727612257,1929.577186099112,88.55666666666667,94.635,100.7775,2.65,2.4833333333333334,6.379166666666666
2023-01-01,2023,1,0.49999999999999994,0.8660254037844387,17.202729,140.943307,141.583176,17.202729,0.5579441536519347,17.20272881367928,908.8095238095239,194.78953232851583,676,1250,1250,681,908.8095238095239,908.8095238095239,21,574,-569,-45.52,82.5,1.9525457241720279,-4.635302277193398,2.65,0,-9.35,140.943307,141.583176,17.202729,158.635665,191.77327,12.937684,142.708955,163.182504,14.046941,145.12633,165.010739,13.5778,13720.077371,25903.117296,153.306571,16.909133,15.662927,15.79303,11.848774,7.06931,141.829762,142.406652,142.406652,141.968371,128.923091,140.797604,138.897351,138.897351,133.058714,120.801945,-2.4492935982947064e-16,-0.5000000000000004,-0.8660254037844386,-0.4999999999999998,0.49999999999999994,1,0.8660254037844384,0.5000000000000001,-0.8660254037844388,0.8660254037844387,16.909133,15.662927,15.79303,11.848774,7.06931,1.3680988055704724,0,1.291516995994213,2.149583965581603,0.306043924737609,16.909132972335918,15.662927718359843,15.79302994197256,11.848773952510694,7.069310219734071,1453.4117647058824,1298.9545454545455,1813.857142857143,2076.9523809523807,1760.8,126.86856329659125,72.6429475964311,138.7390664932865,78.55601580431392,388.9098935012555,1323,1149,1463,1895,1296,1723,1393,1996,2214,2296,1338,1377,1788,2214,2285,1515,1355,1463,1895,1418,1371.8823529411766,1298.9545454545455,1813.857142857143,2076.9523809523807,1760.8,1371.8823529411766,1298.9545454545455,1813.857142857143,2076.9523809523807,1760.8,17,22,21,21,20,400,244,533,319,1000,177,-22,-325,-319,-867,13.228699551569512,-1.5976761074800283,-18.176733780760625,-14.408310749774166,-37.943107221006564,80.92,91.42,93.33,111.93,86.51,-11.485451761102606,-2.046501660773592,3.9772727272727293,-8.784940102681105,16.63745449642713,9.100714574625869,12.794571252313403,11.718937036150345,48.90248769455901,57.9514332663867,2.65,2.65,2.65,2.15,12,0,0,0,0.5,0,-9.35,-9.35,-9.35,-9.85,0,141.829762,142.406652,142.406652,141.968371,128.923091,140.797604,138.897351,138.897351,133.058714,120.801945,16.909133,15.662927,15.79303,11.848774,7.06931,158.267465,157.427858,156.881414,153.426163,145.566211,191.545388,191.161232,189.91384,185.86696,169.804501,13.488004,15.201338,15.545275,15.467915,7.982029,141.103916,140.73292,139.976351,139.149283,133.381759,159.401352,156.025119,155.039796,151.871314,143.083631,11.799001,9.43911,9.064466,8.360989,5.61371,145.283563,144.65463,144.18293,143.23953,135.377866,161.986982,161.26704,160.403109,155.651491,145.284324,12.5,12.449799,11.959799,9.857724,5.65445,13620.200432,13450.502897,13268.965998,11761.913759,6808.620296,25807.215691,25285.131578,25116.478924,22166.737285,10225.994991,169.51431,180.49698,196.772783,204.572486,63.309373,16.591596333333335,15.605237,10.78057925,140.42604366666666,138.71034233333333,132.64919366666666,1220.3919446566506,1395.6883965707495,1858.5779797499056,84.94666666666667,89.73,100.44333333333333,2.65,2.5666666666666664,5.6
2023-02-01,2023,2,0.8660254037844386,0.5000000000000001,17.300828,141.054683,142.354644,17.300828,0.5448867738353291,17.300827179930756,658.35,136.00475030403592,530,990,668,990,658.35,658.35,20,460,322,48.203592814371255,82.59,0.10909090909090313,-14.969628333161733,2.65,0,-9.35,141.054683,142.354644,17.300828,159.656241,194.073421,13.347917,143.271622,164.870118,14.045834,146.226963,166.594612,13.542689,13499.505005,25493.920671,136.854571,17.202729,16.909133,15.662927,13.246102,6.765926,140.943307,141.829762,142.406652,142.423547,129.319689,141.583176,140.797604,138.897351,134.960231,121.358602,0.49999999999999994,-2.4492935982947064e-16,-0.5000000000000004,-0.8660254037844384,0.8660254037844386,0.8660254037844387,1,0.8660254037844384,-0.5000000000000004,0.5000000000000001,17.202729,16.909133,15.662927,13.246102,6.765926,0.5579441536519347,1.3680988055704724,0,1.4290811498448575,0.46080135547486023,17.20272881367928,16.909132972335918,15.662927718359843,13.246102768665269,6.765925987117827,908.8095238095239,1453.4117647058824,1298.9545454545455,1411.9545454545455,1834.9,194.78953232851583,126.86856329659125,72.6429475964311,248.32955777367556,289.32733238178156,676,1323,1149,965,1419,1250,1723,1393,1872,2244,1250,1338,1377,1872,1440,681,1515,1355,965,2040,908.8095238095239,1371.8823529411766,1298.9545454545455,1411.9545454545455,1834.9,908.8095238095239,1371.8823529411766,1298.9545454545455,1411.9545454545455,1834.9,21,17,22,22,20,574,400,244,907,825,-569,177,-22,-907,600,-45.52,13.228699551569512,-1.5976761074800283,-48.450854700854705,41.66666666666667,82.5,80.92,91.42,100.45,97.13,1.9525457241720279,-11.485451761102606,-2.046501660773592,-10.256410256410264,12.276037452317645,-4.635302277193398,9.100714574625869,12.794571252313403,41.97879858657245,55.95696852922285,2.65,2.65,2.65,2.15,12,0,0,0,0,0,-9.35,-9.35,-9.35,-9.85,0,140.943307,141.829762,142.406652,142.423547,129.319689,141.583176,140.797604,138.897351,134.960231,121.358602,17.202729,16.909133,15.662927,13.246102,6.765926,158.635665,158.267465,157.427858,154.076841,146.164188,191.77327,191.545388,191.161232,186.883162,171.219221,12.937684,13.488004,15.201338,15.100362,8.003138,142.708955,141.103916,140.73292,139.553885,133.675032,163.182504,159.401352,156.025119,153.131305,144.564788,14.046941,11.799001,9.43911,8.828141,5.441457,145.12633,145.283563,144.65463,143.553997,136.164032,165.010739,161.986982,161.26704,158.387271,146.724209,13.5778,12.5,12.449799,11.561866,6.478579,13720.077371,13620.200432,13450.502897,12540.351872,7018.768988,25903.117296,25807.215691,25285.131578,24488.902912,10763.53333,153.306571,169.51431,180.49698,226.241305,64.613955,17.137563333333333,16.281024666666667,11.65848775,141.57847466666666,139.9427445,134.39886383333334,1006.8570961718021,1270.087638994992,1760.5321464165722,82.00333333333333,86.75333333333333,99.23166666666667,2.65,2.65,4.820833333333333
2023-03-01,2023,3,1,6.123233995736766e-17,17.759534,142.528477,143.768863,17.759534,0.9934477444936807,17.759534766461638,1410.0434782608695,135.5643015026347,1099,1603,1099,1389,1410.0434782608695,1410.0434782608695,23,504,290,26.387625113739755,78.43,-5.03692941034023,-33.10874200426439,2.65,0,-9.35,142.528477,143.768863,17.759534,160.949799,197.127717,13.389391,144.073282,166.36944,14.564421,147.642063,168.322473,14.04878,13517.151089,25569.052729,127.920162,17.300828,17.202729,16.909133,14.817501,3.527643,141.054683,140.943307,141.829762,142.058962,129.6058,142.354644,141.583176,140.797604,137.126341,122.086813,0.8660254037844386,0.49999999999999994,-2.4492935982947064e-16,-1,1,0.5000000000000001,0.8660254037844387,1,-1.8369701987210297e-16,6.123233995736766e-17,17.300828,17.202729,16.909133,14.817501,3.527643,0.5448867738353291,0.5579441536519347,1.3680988055704724,1.6049987347754424,0.6000489359625272,17.300827179930756,17.20272881367928,16.909132972335918,14.81750044582666,3.527642381614138,658.35,908.8095238095239,1453.4117647058824,1487.142857142857,2464.086956521739,136.00475030403592,194.78953232851583,126.86856329659125,299.09986387731533,206.05337195702882,530,676,1323,1002,2069,990,1250,1723,1816,2727,668,1250,1338,1002,2069,990,681,1515,1760,2358,658.35,908.8095238095239,1371.8823529411766,1487.142857142857,2464.086956521739,658.35,908.8095238095239,1371.8823529411766,1487.142857142857,2464.086956521739,20,21,17,21,23,460,574,400,814,658,322,-569,177,758,289,48.203592814371255,-45.52,13.228699551569512,75.64870259481037,13.9681005316578,82.59,82.5,80.92,89.76,117.25,0.10909090909090313,1.9525457241720279,-11.485451761102606,-10.642110502737678,20.714506331720383,-14.969628333161733,-4.635302277193398,9.100714574625869,20.49939589206606,79.25393670692556,2.65,2.65,2.65,2.65,12,0,0,0,0.5,0,-9.35,-9.35,-9.35,-9.35,0,141.054683,140.943307,141.829762,142.058962,129.6058,142.354644,141.583176,140.797604,137.126341,122.086813,17.300828,17.202729,16.909133,14.817501,3.527643,159.656241,158.635665,158.267465,155.487696,147.40323,194.073421,191.77327,191.545388,187.372461,173.85023,13.347917,12.937684,13.488004,15.316228,9.623377,143.271622,142.708955,141.103916,139.753305,134.391038,164.870118,163.182504,159.401352,154.00849,145.219116,14.045834,14.046941,11.799001,9.299535,4.642817,146.226963,145.12633,145.283563,143.71123,137.579132,166.594612,165.010739,161.986982,158.963225,147.588139,13.542689,13.5778,12.5,11.967546,6.217617,13499.505005,13720.077371,13620.200432,12857.05483,7205.238954,25493.920671,25903.117296,25807.215691,24454.634843,11218.42515,136.854571,153.306571,169.51431,210.795715,67.358715,17.421030333333334,16.7713635,12.844478666666667,142.56889433333333,141.0498315,136.20570133333334,992.4010006901311,1257.2377425146608,1672.6951898948332,81.17333333333333,84.86500000000001,95.99666666666667,2.65,2.65,4.041666666666666
2023-04-01,2023,4,0.8660254037844387,-0.49999999999999983,16.604768,144.126319,145.495142,16.604768,1.2007321780099112,16.60476897211316,1480.3333333333333,65.51245952443838,1368,1581,1412,1576,1480.3333333333333,1480.3333333333333,18,213,164,11.614730878186963,84.64,7.917888563049846,-19.066743163128706,2.65,0,-9.35,144.126319,145.495142,16.604768,161.748359,196.986267,10.05465,144.630914,167.138067,13.452199,148.270996,169.330392,13.953488,13836.495247,25265.736733,101.641652,17.759534,17.300828,17.202729,15.79303,1.280762,142.528477,141.054683,140.943307,142.406652,133.496197,143.768863,142.354644,141.583176,138.897351,124.776322,1,0.8660254037844386,0.49999999999999994,-0.8660254037844386,0.8660254037844387,6.123233995736766e-17,0.5000000000000001,0.8660254037844387,0.5000000000000001,-0.49999999999999983,17.759534,17.300828,17.202729,15.79303,1.280762,0.9934477444936807,0.5448867738353291,0.5579441536519347,1.291516995994213,2.2029479957020204,17.759534766461638,17.300827179930756,17.20272881367928,15.79302994197256,1.280762127813584,1410.0434782608695,658.35,908.8095238095239,1813.857142857143,2220.3684210526317,135.5643015026347,136.00475030403592,194.78953232851583,138.7390664932865,144.15547568368896,1099,530,676,1463,2031,1603,990,1250,1996,2425,1099,668,1250,1788,2357,1389,990,681,1463,2404,1410.0434782608695,658.35,908.8095238095239,1813.857142857143,2220.3684210526317,1410.0434782608695,658.35,908.8095238095239,1813.857142857143,2220.3684210526317,23,20,21,21,19,504,460,574,533,394,290,322,-569,-325,47,26.387625113739755,48.203592814371255,-45.52,-18.176733780760625,1.994060246075513,78.43,82.59,82.5,93.33,104.58,-5.03692941034023,0.10909090909090313,1.9525457241720279,3.9772727272727293,-10.80597014925373,-33.10874200426439,-14.969628333161733,-4.635302277193398,11.718937036150345,61.363987039037184,2.65,2.65,2.65,2.65,12,0,0,0,0,0,-9.35,-9.35,-9.35,-9.35,0,142.528477,141.054683,140.943307,142.406652,133.496197,143.768863,142.354644,141.583176,138.897351,124.776322,17.759534,17.300828,17.202729,15.79303,1.280762,160.949799,159.656241,158.635665,156.881414,149.899274,197.127717,194.073421,191.77327,189.91384,178.9895,13.389391,13.347917,12.937684,15.545275,10.975515,144.073282,143.271622,142.708955,139.976351,136.294417,166.36944,164.870118,163.182504,155.039796,147.320254,14.564421,14.045834,14.046941,9.064466,5.74765,147.642063,146.226963,145.12633,144.18293,138.522532,168.322473,166.594612,165.010739,160.403109,148.596058,14.04878,13.542689,13.5778,11.959799,5.954825,13517.151089,13499.505005,13720.077371,13268.965998,7899.321605,25569.052729,25493.920671,25903.117296,25116.478924,12530.018699,127.920162,136.854571,153.306571,196.772783,83.881933,17.221709999999998,16.906653166666665,14.121479166666667,143.872883,142.14946333333333,137.93226966666666,1182.9089371980676,1201.6504409273591,1611.0255992515583,81.88666666666667,83.41666666666667,94.33500000000001,2.65,2.65,3.2625
2023-05-01,2023,5,0.49999999999999994,-0.8660254037844387,14.282472,144.722772,146.269136,14.282472,0.5319724008379767,14.282472045964845,1416.05,182.42560848625104,977,1640,1552,977,1416.05,1416.05,20,663,-575,-37.04896907216495,75.47,-10.834120982986772,-33.412740427033704,2.65,0,-9.35,144.722772,146.269136,14.282472,163.193501,199.952729,10.32728,144.990051,168.305765,12.51019,148.585462,169.906346,11.848341,16014.357247,31805.005523,116.960656,16.604768,17.759534,17.300828,15.662927,2.701066,144.126319,142.528477,141.054683,142.406652,136.934197,145.495142,143.768863,142.354644,138.897351,127.989125,0.8660254037844387,1,0.8660254037844386,-0.5000000000000004,0.49999999999999994,-0.49999999999999983,6.123233995736766e-17,0.5000000000000001,0.8660254037844384,-0.8660254037844387,16.604768,17.759534,17.300828,15.662927,2.701066,1.2007321780099112,0.9934477444936807,0.5448867738353291,0,2.5748498982042456,16.60476897211316,17.759534766461638,17.300827179930756,15.662927718359843,2.7010661340650444,1480.3333333333333,1410.0434782608695,658.35,1298.9545454545455,2943.0476190476193,65.51245952443838,135.5643015026347,136.00475030403592,72.6429475964311,296.42696844087516,1368,1099,530,1149,2412,1581,1603,990,1393,3369,1412,1099,668,1377,2412,1576,1389,990,1355,2566,1480.3333333333333,1410.0434782608695,658.35,1298.9545454545455,2943.0476190476193,1480.3333333333333,1410.0434782608695,658.35,1298.9545454545455,2943.0476190476193,18,23,20,22,21,213,504,460,244,957,164,290,322,-22,154,11.614730878186963,26.387625113739755,48.203592814371255,-1.5976761074800283,6.384742951907141,84.64,78.43,82.59,91.42,113.34,7.917888563049846,-5.03692941034023,0.10909090909090313,-2.046501660773592,8.37636259323007,-19.066743163128706,-33.10874200426439,-14.969628333161733,12.794571252313403,65.38742156719685,2.65,2.65,2.65,2.65,12,0,0,0,0,0,-9.35,-9.35,-9.35,-9.35,0,144.126319,142.528477,141.054683,142.406652,136.934197,145.495142,143.768863,142.354644,138.897351,127.989125,16.604768,17.759534,17.300828,15.662927,2.701066,161.748359,160.949799,159.656241,157.427858,151.062034,196.986267,197.127717,194.073421,191.161232,181.235982,10.05465,13.389391,13.347917,15.201338,11.914293,144.630914,144.073282,143.271622,140.73292,136.41075,167.138067,166.36944,164.870118,156.025119,149.591575,13.452199,14.564421,14.045834,9.43911,6.604987,148.270996,147.642063,146.226963,144.65463,139.465931,169.330392,168.322473,166.594612,161.26704,151.907792,13.953488,14.04878,13.542689,12.449799,7.543323,13836.495247,13517.151089,13499.505005,13450.502897,8585.018041,25265.736733,25569.052729,25493.920671,25285.131578,14659.342447,101.641652,127.920162,136.854571,180.49698,113.096015,16.215591333333332,16.676577333333334,15.086596333333333,145.17771366666668,143.37809416666667,139.45560391666666,1435.4756038647342,1221.166350018268,1483.7757976642567,79.51333333333334,80.75833333333334,91.17916666666667,2.65,2.65,2.4833333333333334
2023-06-01,2023,6,1.2246467991473532e-16,-1,12.864132,145.107921,147.015345,12.864132,0.5101616242540796,12.864132508498827,1081.7727272727273,88.14054351577037,919,1240,937,1091,1081.7727272727273,1081.7727272727273,22,321,154,16.43543223052295,74.84,-0.8347687822975902,-39.010675576562626,2.65,0,1,145.107921,147.015345,12.864132,164.422898,202.513061,10.235553,145.079171,168.255181,11.727572,148.899929,170.770276,10.944808,27938.725123,64932.5433,255.596454,14.282472,16.604768,17.759534,16.909133,9.611358,144.722772,144.126319,142.528477,141.829762,138.773688,146.269136,145.495142,143.768863,140.797604,130.258694,0.49999999999999994,0.8660254037844387,1,-2.4492935982947064e-16,1.2246467991473532e-16,-0.8660254037844387,-0.49999999999999983,6.123233995736766e-17,1,-1,14.282472,16.604768,17.759534,16.909133,9.611358,0.5319724008379767,1.2007321780099112,0.9934477444936807,1.3680988055704724,1.7732514383546283,14.282472045964845,16.60476897211316,17.759534766461638,16.909132972335918,9.611358119212454,1416.05,1480.3333333333333,1410.0434782608695,1453.4117647058824,2389.45,182.42560848625104,65.51245952443838,135.5643015026347,126.86856329659125,134.76352583224008,977,1368,1099,1323,2186,1640,1581,1603,1723,2633,1552,1412,1099,1338,2633,977,1576,1389,1515,2240,1416.05,1480.3333333333333,1410.0434782608695,1371.8823529411766,2389.45,1416.05,1480.3333333333333,1410.0434782608695,1371.8823529411766,2389.45,20,18,23,17,20,663,213,504,400,447,-575,164,290,177,-393,-37.04896907216495,11.614730878186963,26.387625113739755,13.228699551569512,-14.925939992404103,75.47,84.64,78.43,80.92,122.71,-10.834120982986772,7.917888563049846,-5.03692941034023,-11.485451761102606,8.26716075524969,-33.412740427033704,-19.066743163128706,-33.10874200426439,9.100714574625869,67.72826681246582,2.65,2.65,2.65,2.65,1.65,0,0,0,0,-10.35,-9.35,-9.35,-9.35,-9.35,-10.35,144.722772,144.126319,142.528477,141.829762,138.773688,146.269136,145.495142,143.768863,140.797604,130.258694,14.282472,16.604768,17.759534,16.909133,9.611358,163.193501,161.748359,160.949799,158.267465,152.406064,199.952729,196.986267,197.127717,191.545388,183.70939,10.32728,10.05465,13.389391,13.488004,13.468382,144.990051,144.630914,144.073282,141.103916,137.804169,168.305765,167.138067,166.36944,159.401352,150.594144,12.51019,13.452199,14.564421,11.799001,6.978123,148.585462,148.270996,147.642063,145.283563,140.881031,169.906346,169.330392,168.322473,161.986982,153.92363,11.848341,13.953488,14.04878,12.5,8.85947,16014.357247,13836.495247,13517.151089,13620.200432,10132.02813,31805.005523,25265.736733,25569.052729,25807.215691,18260.177401,116.960656,101.641652,127.920162,169.51431,157.196448,14.583790666666667,16.0024105,15.357660833333334,146.25987433333333,144.41438433333335,140.8519915,1326.0520202020202,1159.2265104460757,1374.8026916036506,78.31666666666666,79.745,87.19,2.65,2.65,2.5666666666666664
2023-07-01,2023,7,-0.4999999999999998,-0.8660254037844388,10.693706,144.124429,147.287621,10.693706,0.18520243584096985,10.693705487037853,1040.1904761904761,51.597111399398166,962,1127,1068,1127,1040.1904761904761,1040.1904761904761,21,165,59,5.524344569288386,80.11,7.04168893639765,-28.42848208701868,2.65,0,0.5,144.124429,147.287621,10.693706,164.598205,201.476285,8.398117,145.464908,167.84818,10.520003,150.000562,171.058253,9.898242,23677.097901,45020.232069,103.098144,12.864132,14.282472,16.604768,17.202729,11.848774,145.107921,144.722772,144.126319,140.943307,141.968371,147.015345,146.269136,145.495142,141.583176,133.058714,1.2246467991473532e-16,0.49999999999999994,0.8660254037844387,0.49999999999999994,-0.4999999999999998,-1,-0.8660254037844387,-0.49999999999999983,0.8660254037844387,-0.8660254037844388,12.864132,14.282472,16.604768,17.202729,11.848774,0.5101616242540796,0.5319724008379767,1.2007321780099112,0.5579441536519347,2.149583965581603,12.864132508498827,14.282472045964845,16.60476897211316,17.20272881367928,11.848773952510694,1081.7727272727273,1416.05,1480.3333333333333,908.8095238095239,2076.9523809523807,88.14054351577037,182.42560848625104,65.51245952443838,194.78953232851583,78.55601580431392,919,977,1368,676,1895,1240,1640,1581,1250,2214,937,1552,1412,1250,2214,1091,977,1576,681,1895,1081.7727272727273,1416.05,1480.3333333333333,908.8095238095239,2076.9523809523807,1081.7727272727273,1416.05,1480.3333333333333,908.8095238095239,2076.9523809523807,22,20,18,21,21,321,663,213,574,319,154,-575,164,-569,-319,16.43543223052295,-37.04896907216495,11.614730878186963,-45.52,-14.408310749774166,74.84,75.47,84.64,82.5,111.93,-0.8347687822975902,-10.834120982986772,7.917888563049846,1.9525457241720279,-8.784940102681105,-39.010675576562626,-33.412740427033704,-19.066743163128706,-4.635302277193398,48.90248769455901,2.65,2.65,2.65,2.65,2.15,0,0,0,0,0.5,1,-9.35,-9.35,-9.35,-9.85,145.107921,144.722772,144.126319,140.943307,141.968371,147.015345,146.269136,145.495142,141.583176,133.058714,12.864132,14.282472,16.604768,17.202729,11.848774,164.422898,163.193501,161.748359,158.635665,153.426163,202.513061,199.952729,196.986267,191.77327,185.86696,10.235553,10.32728,10.05465,12.937684,15.467915,145.079171,144.990051,144.630914,142.708955,139.149283,168.255181,168.305765,167.138067,163.182504,151.871314,11.727572,12.51019,13.452199,14.046941,8.360989,148.899929,148.585462,148.270996,145.12633,143.23953,170.770276,169.906346,169.330392,165.010739,155.651491,10.944808,11.848341,13.953488,13.5778,9.857724,27938.725123,16014.357247,13836.495247,13720.077371,11761.913759,64932.5433,31805.005523,25265.736733,25903.117296,22166.737285,255.596454,116.960656,101.641652,153.306571,204.572486,12.613436666666667,14.917573333333333,15.261405166666666,146.85736733333334,145.36512516666667,142.03773375,1179.3377344877345,1181.123335842901,1288.4058662068253,76.80666666666667,79.34666666666666,84.53833333333334,2.65,2.65,2.6083333333333334
2023-08-01,2023,8,-0.8660254037844384,-0.5000000000000004,9.007522,144.198902,147.116804,9.007522,-0.1159751232590045,9.00752237153477,1149.8636363636363,48.47119464131981,1080,1247,1150,1086,1149.8636363636363,1149.8636363636363,22,167,-64,-5.565217391304344,86.15,7.539633004618662,-14.235938277750126,2.65,0,0.5,144.198902,147.116804,9.007522,164.438913,200.796363,7.444866,146.095046,168.41239,9.979073,150.472262,171.058253,8,22219.944889,41816.916724,70.758637,10.693706,12.864132,14.282472,17.300828,13.246102,144.124429,145.107921,144.722772,141.054683,142.423547,147.287621,147.015345,146.269136,142.354644,134.960231,-0.4999999999999998,1.2246467991473532e-16,0.49999999999999994,0.8660254037844386,-0.8660254037844384,-0.8660254037844388,-1,-0.8660254037844387,0.5000000000000001,-0.5000000000000004,10.693706,12.864132,14.282472,17.300828,13.246102,0.18520243584096985,0.5101616242540796,0.5319724008379767,0.5448867738353291,1.4290811498448575,10.693705487037853,12.864132508498827,14.282472045964845,17.300827179930756,13.246102768665269,1040.1904761904761,1081.7727272727273,1416.05,658.35,1411.9545454545455,51.597111399398166,88.14054351577037,182.42560848625104,136.00475030403592,248.32955777367556,962,919,977,530,965,1127,1240,1640,990,1872,1068,937,1552,668,1872,1127,1091,977,990,965,1040.1904761904761,1081.7727272727273,1416.05,658.35,1411.9545454545455,1040.1904761904761,1081.7727272727273,1416.05,658.35,1411.9545454545455,21,22,20,20,22,165,321,663,460,907,59,154,-575,322,-907,5.524344569288386,16.43543223052295,-37.04896907216495,48.203592814371255,-48.450854700854705,80.11,74.84,75.47,82.59,100.45,7.04168893639765,-0.8347687822975902,-10.834120982986772,0.10909090909090313,-10.256410256410264,-28.42848208701868,-39.010675576562626,-33.412740427033704,-14.969628333161733,41.97879858657245,2.65,2.65,2.65,2.65,2.15,0,0,0,0,0,0.5,1,-9.35,-9.35,-9.85,144.124429,145.107921,144.722772,141.054683,142.423547,147.287621,147.015345,146.269136,142.354644,134.960231,10.693706,12.864132,14.282472,17.300828,13.246102,164.598205,164.422898,163.193501,159.656241,154.076841,201.476285,202.513061,199.952729,194.073421,186.883162,8.398117,10.235553,10.32728,13.347917,15.100362,145.464908,145.079171,144.990051,143.271622,139.553885,167.84818,168.255181,168.305765,164.870118,153.131305,10.520003,11.727572,12.51019,14.045834,8.828141,150.000562,148.899929,148.585462,146.226963,143.553997,171.058253,170.770276,169.906346,166.594612,158.387271,9.898242,10.944808,11.848341,13.542689,11.561866,23677.097901,27938.725123,16014.357247,13499.505005,12540.351872,45020.232069,64932.5433,31805.005523,25493.920671,24488.902912,103.098144,255.596454,116.960656,136.854571,226.241305,10.85512,13.535355666666666,14.908190166666667,147.13992333333334,146.1588185,143.0507815,1090.6089466089466,1263.0422752368404,1266.5649571159163,80.36666666666667,79.94,83.34666666666666,2.65,2.65,2.65
2023-09-01,2023,9,-1,-1.8369701987210297e-16,7.666359,146.6304,147.638939,7.666359,0.35491186989080603,7.666359302914683,1393.4285714285713,243.25266112184084,1063,1752,1065,1701,1393.4285714285713,1393.4285714285713,21,689,636,59.71830985915494,93.72,8.786999419616937,4.411764705882337,2.65,0,0,146.6304,147.638939,7.666359,166.03292,202.192413,7.909355,147.252703,169.08294,9.788064,151.572895,172.066172,8.242754,22432.12379,42257.494087,72.79953,9.007522,10.693706,12.864132,17.759534,14.817501,144.198902,144.124429,145.107921,142.528477,142.058962,147.116804,147.287621,147.015345,143.768863,137.126341,-0.8660254037844384,-0.4999999999999998,1.2246467991473532e-16,1,-1,-0.5000000000000004,-0.8660254037844388,-1,6.123233995736766e-17,-1.8369701987210297e-16,9.007522,10.693706,12.864132,17.759534,14.817501,-0.1159751232590045,0.18520243584096985,0.5101616242540796,0.9934477444936807,1.6049987347754424,9.00752237153477,10.693705487037853,12.864132508498827,17.759534766461638,14.81750044582666,1149.8636363636363,1040.1904761904761,1081.7727272727273,1410.0434782608695,1487.142857142857,48.47119464131981,51.597111399398166,88.14054351577037,135.5643015026347,299.09986387731533,1080,962,919,1099,1002,1247,1127,1240,1603,1816,1150,1068,937,1099,1002,1086,1127,1091,1389,1760,1149.8636363636363,1040.1904761904761,1081.7727272727273,1410.0434782608695,1487.142857142857,1149.8636363636363,1040.1904761904761,1081.7727272727273,1410.0434782608695,1487.142857142857,22,21,22,23,21,167,165,321,504,814,-64,59,154,290,758,-5.565217391304344,5.524344569288386,16.43543223052295,26.387625113739755,75.64870259481037,86.15,80.11,74.84,78.43,89.76,7.539633004618662,7.04168893639765,-0.8347687822975902,-5.03692941034023,-10.642110502737678,-14.235938277750126,-28.42848208701868,-39.010675576562626,-33.10874200426439,20.49939589206606,2.65,2.65,2.65,2.65,2.65,0,0,0,0,0.5,0.5,0.5,1,-9.35,-9.35,144.198902,144.124429,145.107921,142.528477,142.058962,147.116804,147.287621,147.015345,143.768863,137.126341,9.007522,10.693706,12.864132,17.759534,14.817501,164.438913,164.598205,164.422898,160.949799,155.487696,200.796363,201.476285,202.513061,197.127717,187.372461,7.444866,8.398117,10.235553,13.389391,15.316228,146.095046,145.464908,145.079171,144.073282,139.753305,168.41239,167.84818,168.255181,166.36944,154.00849,9.979073,10.520003,11.727572,14.564421,9.299535,150.472262,150.000562,148.899929,147.642063,143.71123,171.058253,171.058253,170.770276,168.322473,158.963225,8,9.898242,10.944808,14.04878,11.967546,22219.944889,23677.097901,27938.725123,13517.151089,12857.05483,41816.916724,45020.232069,64932.5433,25569.052729,24454.634843,70.758637,103.098144,255.596454,127.920162,210.795715,9.122529,11.853159833333333,14.312261666666666,147.347788,146.80383116666667,143.92683133333333,1194.494227994228,1260.273124098124,1258.7554333063924,86.66,82.48833333333333,83.67666666666666,2.65,2.65,2.65
2023-10-01,2023,10,-0.8660254037844386,0.5000000000000001,6.54316,146.756449,147.985627,6.54316,0.2348215195450587,6.5431600635781795,1867.6818181818182,185.97372737224813,1459,2105,1737,1459,1867.6818181818182,1867.6818181818182,22,646,-278,-16.00460564191134,90.6,-3.3290653008962945,-2.925104468016715,2.65,0,0,146.756449,147.985627,6.54316,167.736606,204.719651,7.796067,148.415117,169.542433,9.354138,152.987995,174.801952,8.976661,22983.378548,43278.885011,72.312708,7.666359,9.007522,10.693706,16.604768,15.79303,146.6304,144.198902,144.124429,144.126319,142.406652,147.638939,147.116804,147.287621,145.495142,138.897351,-1,-0.8660254037844384,-0.4999999999999998,0.8660254037844387,-0.8660254037844386,-1.8369701987210297e-16,-0.5000000000000004,-0.8660254037844388,-0.49999999999999983,0.5000000000000001,7.666359,9.007522,10.693706,16.604768,15.79303,0.35491186989080603,-0.1159751232590045,0.18520243584096985,1.2007321780099112,1.291516995994213,7.666359302914683,9.00752237153477,10.693705487037853,16.60476897211316,15.79302994197256,1393.4285714285713,1149.8636363636363,1040.1904761904761,1480.3333333333333,1813.857142857143,243.25266112184084,48.47119464131981,51.597111399398166,65.51245952443838,138.7390664932865,1063,1080,962,1368,1463,1752,1247,1127,1581,1996,1065,1150,1068,1412,1788,1701,1086,1127,1576,1463,1393.4285714285713,1149.8636363636363,1040.1904761904761,1480.3333333333333,1813.857142857143,1393.4285714285713,1149.8636363636363,1040.1904761904761,1480.3333333333333,1813.857142857143,21,22,21,18,21,689,167,165,213,533,636,-64,59,164,-325,59.71830985915494,-5.565217391304344,5.524344569288386,11.614730878186963,-18.176733780760625,93.72,86.15,80.11,84.64,93.33,8.786999419616937,7.539633004618662,7.04168893639765,7.917888563049846,3.9772727272727293,4.411764705882337,-14.235938277750126,-28.42848208701868,-19.066743163128706,11.718937036150345,2.65,2.65,2.65,2.65,2.65,0,0,0,0,0,0,0.5,0.5,-9.35,-9.35,146.6304,144.198902,144.124429,144.126319,142.406652,147.638939,147.116804,147.287621,145.495142,138.897351,7.666359,9.007522,10.693706,16.604768,15.79303,166.03292,164.438913,164.598205,161.748359,156.881414,202.192413,200.796363,201.476285,196.986267,189.91384,7.909355,7.444866,8.398117,10.05465,15.545275,147.252703,146.095046,145.464908,144.630914,139.976351,169.08294,168.41239,167.84818,167.138067,155.039796,9.788064,9.979073,10.520003,13.452199,9.064466,151.572895,150.472262,150.000562,148.270996,144.18293,172.066172,171.058253,171.058253,169.330392,160.403109,8.242754,8,9.898242,13.953488,11.959799,22432.12379,22219.944889,23677.097901,13836.495247,13268.965998,42257.494087,41816.916724,45020.232069,25265.736733,25116.478924,72.79953,70.758637,103.098144,101.641652,196.772783,7.739013666666667,10.176225166666667,13.541439166666667,147.58045666666666,147.218912,144.68418766666667,1470.3246753246754,1324.831204906205,1263.240822916782,90.15666666666667,83.48166666666667,83.44916666666667,2.65,2.65,2.65
2023-11-01,2023,11,-0.5000000000000004,0.8660254037844384,7.261119,146.714433,148.982852,7.261119,0.6738661180926808,7.2611183203918905,1831.4545454545455,408.47856238820657,1385,2937,1401,2937,1831.4545454545455,1831.4545454545455,22,1552,1536,109.63597430406851,82.94,-8.454746136865342,-9.2758696127762,2.65,0,0,146.714433,148.982852,7.261119,168.130429,205.605096,7.555854,148.801432,170.343964,9.177269,152.830761,176.097848,9.196429,24027.198461,45393.080958,79.524796,6.54316,7.666359,9.007522,14.282472,15.662927,146.756449,146.6304,144.198902,144.722772,142.406652,147.985627,147.638939,147.116804,146.269136,138.897351,-0.8660254037844386,-1,-0.8660254037844384,0.49999999999999994,-0.5000000000000004,0.5000000000000001,-1.8369701987210297e-16,-0.5000000000000004,-0.8660254037844387,0.8660254037844384,6.54316,7.666359,9.007522,14.282472,15.662927,0.2348215195450587,0.35491186989080603,-0.1159751232590045,0.5319724008379767,0,6.5431600635781795,7.666359302914683,9.00752237153477,14.282472045964845,15.662927718359843,1867.6818181818182,1393.4285714285713,1149.8636363636363,1416.05,1298.9545454545455,185.97372737224813,243.25266112184084,48.47119464131981,182.42560848625104,72.6429475964311,1459,1063,1080,977,1149,2105,1752,1247,1640,1393,1737,1065,1150,1552,1377,1459,1701,1086,977,1355,1867.6818181818182,1393.4285714285713,1149.8636363636363,1416.05,1298.9545454545455,1867.6818181818182,1393.4285714285713,1149.8636363636363,1416.05,1298.9545454545455,22,21,22,20,22,646,689,167,663,244,-278,636,-64,-575,-22,-16.00460564191134,59.71830985915494,-5.565217391304344,-37.04896907216495,-1.5976761074800283,90.6,93.72,86.15,75.47,91.42,-3.3290653008962945,8.786999419616937,7.539633004618662,-10.834120982986772,-2.046501660773592,-2.925104468016715,4.411764705882337,-14.235938277750126,-33.412740427033704,12.794571252313403,2.65,2.65,2.65,2.65,2.65,0,0,0,0,0,0,0,0.5,-9.35,-9.35,146.756449,146.6304,144.198902,144.722772,142.406652,147.985627,147.638939,147.116804,146.269136,138.897351,6.54316,7.666359,9.007522,14.282472,15.662927,167.736606,166.03292,164.438913,163.193501,157.427858,204.719651,202.192413,200.796363,199.952729,191.161232,7.796067,7.909355,7.444866,10.32728,15.201338,148.415117,147.252703,146.095046,144.990051,140.73292,169.542433,169.08294,168.41239,168.305765,156.025119,9.354138,9.788064,9.979073,12.51019,9.43911,152.987995,151.572895,150.472262,148.585462,144.65463,174.801952,172.066172,171.058253,169.906346,161.26704,8.976661,8.242754,8,11.848341,12.449799,22983.378548,22432.12379,22219.944889,16014.357247,13450.502897,43278.885011,42257.494087,41816.916724,31805.005523,25285.131578,72.312708,72.79953,70.758637,116.960656,180.49698,7.156879333333333,9.005999666666666,12.8412885,148.20247266666667,147.671198,145.52464608333332,1697.521645021645,1394.0652958152957,1307.615822916782,89.08666666666666,84.72666666666666,82.7425,2.65,2.65,2.65
2023-12-01,2023,12,-2.4492935982947064e-16,1,6.077058,146.861601,149.353957,6.077058,0.24909242575112955,6.077058669265423,2537.625,393.7984044321832,2087,3346,3192,2094,2537.625,2537.625,16,1259,-1098,-34.3984962406015,77.63,-6.402218471183996,-4.06574394463669,2.65,0,0,146.861601,149.353957,6.077058,168.763278,206.304382,7.70522,148.593482,171.21539,7.411504,152.830761,175.95386,8.622222,25157.023824,49313.12187,91.08269,7.261119,6.54316,7.666359,12.864132,16.909133,146.714433,146.756449,146.6304,145.107921,141.829762,148.982852,147.985627,147.638939,147.015345,140.797604,-0.5000000000000004,-0.8660254037844386,-1,1.2246467991473532e-16,-2.4492935982947064e-16,0.8660254037844384,0.5000000000000001,-1.8369701987210297e-16,-1,1,7.261119,6.54316,7.666359,12.864132,16.909133,0.6738661180926808,0.2348215195450587,0.35491186989080603,0.5101616242540796,1.3680988055704724,7.2611183203918905,6.5431600635781795,7.666359302914683,12.864132508498827,16.909132972335918,1831.4545454545455,1867.6818181818182,1393.4285714285713,1081.7727272727273,1453.4117647058824,408.47856238820657,185.97372737224813,243.25266112184084,88.14054351577037,126.86856329659125,1385,1459,1063,919,1323,2937,2105,1752,1240,1723,1401,1737,1065,937,1338,2937,1459,1701,1091,1515,1831.4545454545455,1867.6818181818182,1393.4285714285713,1081.7727272727273,1371.8823529411766,1831.4545454545455,1867.6818181818182,1393.4285714285713,1081.7727272727273,1371.8823529411766,22,22,21,22,17,1552,646,689,321,400,1536,-278,636,154,177,109.63597430406851,-16.00460564191134,59.71830985915494,16.43543223052295,13.228699551569512,82.94,90.6,93.72,74.84,80.92,-8.454746136865342,-3.3290653008962945,8.786999419616937,-0.8347687822975902,-11.485451761102606,-9.2758696127762,-2.925104468016715,4.411764705882337,-39.010675576562626,9.100714574625869,2.65,2.65,2.65,2.65,2.65,0,0,0,0,0,0,0,0,1,-9.35,146.714433,146.756449,146.6304,145.107921,141.829762,148.982852,147.985627,147.638939,147.015345,140.797604,7.261119,6.54316,7.666359,12.864132,16.909133,168.130429,167.736606,166.03292,164.422898,158.267465,205.605096,204.719651,202.192413,202.513061,191.545388,7.555854,7.796067,7.909355,10.235553,13.488004,148.801432,148.415117,147.252703,145.079171,141.103916,170.343964,169.542433,169.08294,168.255181,159.401352,9.177269,9.354138,9.788064,11.727572,11.799001,152.830761,152.987995,151.572895,148.899929,145.283563,176.097848,174.801952,172.066172,170.770276,161.986982,9.196429,8.976661,8.242754,10.944808,12.5,24027.198461,22983.378548,22432.12379,27938.725123,13620.200432,45393.080958,43278.885011,42257.494087,64932.5433,25807.215691,79.524796,72.312708,72.79953,255.596454,169.51431,6.627112333333334,7.8748206666666665,11.938615583333334,148.77414533333334,148.06096666666667,146.2376755,2078.9204545454545,1636.7073412698412,1397.9669258579584,83.72333333333333,85.19166666666666,82.46833333333333,2.65,2.65,2.65
